id,czech,part_of_speech,gender_aspect,genitive,level,category,russian,ukrainian,english,note,image_query,image_url,example_1_cs,example_1_ru,example_1_uk,example_2_cs,example_2_ru,example_2_uk
1,konec,сущ.,м.р.,konce,A1,Абстрактные понятия,конец,кінець,end,,,,Film je u konce.,Фильм подошёл к концу.,Фільм добіг кінця.,Na konci ulice je park.,В конце улицы парк.,У кінці вулиці парк.
2,místo,сущ.,ср.р.,místa,A1,Абстрактные понятия,место,місце,place,,,,Tady je volné místo.,Здесь свободное место.,Тут вільне місце.,Praha je krásné místo.,Прага — красивое место.,Прага — гарне місце.
3,problém,сущ.,м.р.,problému,A1,Абстрактные понятия,проблема,проблема,problem,,,,Mám velký problém.,У меня большая проблема.,У мене велика проблема.,To není žádný problém.,Это не проблема.,Це не проблема.
4,strana,сущ.,ж.р.,strany,A1,Абстрактные понятия,сторона; страница,сторона; сторінка,side; page,,"page,book","https://loremflickr.com/640/480/page,book",Na druhé straně ulice je banka.,На другой стороне улицы банк.,З іншого боку вулиці банк.,Přečti si první stranu.,Прочитай первую страницу.,Прочитай першу сторінку.
5,svět,сущ.,м.р.,světa,A1,Абстрактные понятия,мир (свет),світ,world,,"world,globe","https://loremflickr.com/640/480/world,globe",Cestuje po celém světě.,Он путешествует по всему миру.,Він подорожує по всьому світу.,Je to nejlepší kniha na světě.,Это лучшая книга в мире.,Це найкраща книга у світі.
6,věc,сущ.,ж.р.,věci,A1,Абстрактные понятия,вещь; дело,річ; справа,thing; matter,,,,Tohle je moje věc.,Это моя вещь.,Це моя річ.,Musím zařídit jednu věc.,Мне нужно уладить одно дело.,Мені треба залагодити одну справу.
7,začátek,сущ.,м.р.,začátku,A1,Абстрактные понятия,начало,початок,beginning,,,,Na začátku to bylo těžké.,В начале это было трудно.,Спочатку це було важко.,Začátek filmu jsem neviděl.,Начало фильма я не видел.,Початок фільму я не бачив.
8,život,сущ.,м.р.,života,A1,Абстрактные понятия,жизнь,життя,life,,,,Můj život se změnil.,Моя жизнь изменилась.,Моє життя змінилося.,Je to nejlepší den mého života.,Это лучший день моей жизни.,Це найкращий день мого життя.
9,brát,гл.,несов.,,A1,Базовые глаголы,брать,брати,to take,,,,"Beru si kabát, je zima.","Я беру пальто, холодно.","Я беру пальто, холодно.",Bereš si cukr do kávy?,Ты берёшь сахар в кофе?,Ти береш цукор до кави?
10,být,гл.,несов.,,A1,Базовые глаголы,быть,бути,to be,,,,Jsem doma.,Я дома.,Я вдома.,Byl jsem včera v práci.,Вчера я был на работе.,Учора я був на роботі.
11,chtít,гл.,несов.,,A1,Базовые глаголы,хотеть,хотіти,to want,,,,Chci mluvit česky.,Я хочу говорить по-чешски.,Я хочу говорити чеською.,Co chceš k obědu?,Что ты хочешь на обед?,Що ти хочеш на обід?
12,čekat,гл.,несов.,,A1,Базовые глаголы,ждать,чекати,to wait,,"waiting,queue","https://loremflickr.com/640/480/waiting,queue",Čekám na autobus.,Я жду автобус.,Я чекаю на автобус.,Čekáme tu už hodinu.,Мы ждём здесь уже час.,Ми чекаємо тут уже годину.
13,dát,гл.,сов.,,A1,Базовые глаголы,дать; положить,дати; покласти,to give; to put,,"giving,hands","https://loremflickr.com/640/480/giving,hands","Dej mi to, prosím.","Дай мне это, пожалуйста.","Дай мені це, будь ласка.",Dal jsem klíče na stůl.,Я положил ключи на стол.,Я поклав ключі на стіл.
14,dávat,гл.,несов.,,A1,Базовые глаголы,давать,давати,to give,,,,Dávám dětem snídani.,Я даю детям завтрак.,Я даю дітям сніданок.,Nedávej mi tolik jídla.,Не давай мне столько еды.,Не давай мені стільки їжі.
15,dělat,гл.,несов.,,A1,Базовые глаголы,делать,робити,to do; to make,,,,Co děláš dnes večer?,Что ты делаешь сегодня вечером?,Що ти робиш сьогодні ввечері?,Nedělám nic zvláštního.,Я не делаю ничего особенного.,Я не роблю нічого особливого.
16,dívat se,гл.,несов.,,A1,Базовые глаголы,смотреть,дивитися,to look; to watch,,watching,https://loremflickr.com/640/480/watching,Dívám se na film.,Я смотрю фильм.,Я дивлюся фільм.,Nedívej se na mě tak.,Не смотри на меня так.,Не дивись на мене так.
17,dostat,гл.,сов.,,A1,Базовые глаголы,получить,отримати,to get; to receive,,,,Dostal jsem dopis.,Я получил письмо.,Я отримав листа.,Kdy dostanu odpověď?,Когда я получу ответ?,Коли я отримаю відповідь?
18,hledat,гл.,несов.,,A1,Базовые глаголы,искать,шукати,to look for; to search,,searching,https://loremflickr.com/640/480/searching,Hledám práci.,Я ищу работу.,Я шукаю роботу.,Co hledáš?,Что ты ищешь?,Що ти шукаєш?
19,končit,гл.,несов.,,A1,Базовые глаголы,заканчивать,закінчувати,to finish; to end,,,,Kdy končí ten film?,Когда заканчивается фильм?,Коли закінчується цей фільм?,Obchod končí v osm.,Магазин закрывается в восемь.,Магазин зачиняється о восьмій.
20,ležet,гл.,несов.,,A1,Базовые глаголы,лежать,лежати,to lie,,"lying,bed","https://loremflickr.com/640/480/lying,bed",Kniha leží na stole.,Книга лежит на столе.,Книга лежить на столі.,Ležel jsem celý den v posteli.,Я весь день лежал в кровати.,Я весь день лежав у ліжку.
21,mít,гл.,несов.,,A1,Базовые глаголы,иметь,мати,to have,,,,Mám dvě děti.,У меня двое детей.,У мене двоє дітей.,Nemám čas.,У меня нет времени.,У мене немає часу.
22,moct,гл.,несов.,,A1,Базовые глаголы,мочь,могти,can; to be able to,,,,Můžu jít s tebou?,Можно мне пойти с тобой?,Можна мені піти з тобою?,"Nemůžu přijít, jsem nemocný.","Я не могу прийти, я болен.","Я не можу прийти, я хворий."
23,muset,гл.,несов.,,A1,Базовые глаголы,быть должным,мусити,must; to have to,,,,Musím jít do práce.,Мне нужно идти на работу.,Мені треба йти на роботу.,Musíš to udělat dnes.,Ты должен сделать это сегодня.,Ти мусиш зробити це сьогодні.
24,myslet,гл.,несов.,,A1,Базовые глаголы,думать,думати,to think,,thinking,https://loremflickr.com/640/480/thinking,"Myslím, že máš pravdu.","Я думаю, ты прав.","Я думаю, ти маєш рацію.",Na co myslíš?,О чём ты думаешь?,Про що ти думаєш?
25,najít,гл.,сов.,,A1,Базовые глаголы,найти,знайти,to find,,,,Nemůžu najít klíče.,Я не могу найти ключи.,Я не можу знайти ключі.,Našel jsem tvůj telefon.,Я нашёл твой телефон.,Я знайшов твій телефон.
26,narodit se,гл.,сов.,,A1,Базовые глаголы,родиться,народитися,to be born,,"newborn,baby","https://loremflickr.com/640/480/newborn,baby",Narodil jsem se v Kyjevě.,Я родился в Киеве.,Я народився в Києві.,Narodila se v roce 1990.,Она родилась в 1990 году.,Вона народилася 1990 року.
27,odejít,гл.,сов.,,A1,Базовые глаголы,уйти,піти,to leave; to go away,,,,Musím odejít dřív.,Мне нужно уйти раньше.,Мені треба піти раніше.,Odešel bez rozloučení.,Он ушёл не попрощавшись.,Він пішов не попрощавшись.
28,odjet,гл.,сов.,,A1,Базовые глаголы,уехать,поїхати,to leave (by vehicle),,,,Odjíždíme zítra ráno.,Мы уезжаем завтра утром.,Ми від'їжджаємо завтра вранці.,Odjel do Brna.,Он уехал в Брно.,Він поїхав до Брна.
29,otevřít,гл.,сов.,,A1,Базовые глаголы,открыть,відкрити,to open,,"open,door","https://loremflickr.com/640/480/open,door","Otevři okno, prosím.","Открой окно, пожалуйста.","Відчини вікно, будь ласка.",Obchod otevírá v sedm.,Магазин открывается в семь.,Магазин відчиняється о сьомій.
30,počkat,гл.,сов.,,A1,Базовые глаголы,подождать,почекати,to wait,,,,Počkej na mě!,Подожди меня!,Зачекай на мене!,Počkám tady.,Я подожду здесь.,Я почекаю тут.
31,podívat se,гл.,сов.,,A1,Базовые глаголы,посмотреть,подивитися,to have a look,,,,Podívej se na to!,Посмотри на это!,Подивись на це!,Podíval jsem se do lednice.,Я заглянул в холодильник.,Я зазирнув у холодильник.
32,pomáhat,гл.,несов.,,A1,Базовые глаголы,помогать,допомагати,to help,,"helping,hands","https://loremflickr.com/640/480/helping,hands",Pomáhám mamince.,Я помогаю маме.,Я допомагаю мамі.,Kdo ti pomáhá s češtinou?,Кто помогает тебе с чешским?,Хто допомагає тобі з чеською?
33,pomoct,гл.,сов.,,A1,Базовые глаголы,помочь,допомогти,to help,,,,Můžeš mi pomoct?,Можешь мне помочь?,Можеш мені допомогти?,Pomohl mi najít byt.,Он помог мне найти квартиру.,Він допоміг мені знайти квартиру.
34,poslat,гл.,сов.,,A1,Базовые глаголы,послать; отправить,надіслати,to send,,"mail,envelope","https://loremflickr.com/640/480/mail,envelope",Pošlu ti to e-mailem.,Я отправлю тебе это по почте.,Я надішлю тобі це поштою.,Poslal jsem dopis včera.,Я отправил письмо вчера.,Я надіслав листа вчора.
35,potřebovat,гл.,несов.,,A1,Базовые глаголы,нуждаться,потребувати,to need,,,,Potřebuji pomoc.,Мне нужна помощь.,Мені потрібна допомога.,Co potřebuješ?,Что тебе нужно?,Що тобі потрібно?
36,přijet,гл.,сов.,,A1,Базовые глаголы,приехать,приїхати,to arrive (by vehicle),,,,Přijel jsem do Prahy loni.,Я приехал в Прагу в прошлом году.,Я приїхав до Праги торік.,Kdy přijedeš?,Когда ты приедешь?,Коли ти приїдеш?
37,přijít,гл.,сов.,,A1,Базовые глаголы,прийти,прийти,to come; to arrive,,,,Přijď v šest hodin.,Приходи в шесть часов.,Приходь о шостій.,Přišla pozdě.,Она пришла поздно.,Вона прийшла пізно.
38,psát,гл.,несов.,,A1,Базовые глаголы,писать,писати,to write,,"writing,pen","https://loremflickr.com/640/480/writing,pen",Píšu e-mail.,Я пишу письмо.,Я пишу листа.,Píše se to s háčkem.,Это пишется с гачеком.,Це пишеться з гачеком.
39,sedět,гл.,несов.,,A1,Базовые глаголы,сидеть,сидіти,to sit,,"sitting,chair","https://loremflickr.com/640/480/sitting,chair",Sedím u okna.,Я сижу у окна.,Я сиджу біля вікна.,Seděli jsme v kavárně.,Мы сидели в кафе.,Ми сиділи в кав'ярні.
40,sednout si,гл.,сов.,,A1,Базовые глаголы,сесть,сісти,to sit down,,,,"Sedni si, prosím.","Садись, пожалуйста.","Сідай, будь ласка.",Sedl jsem si na židli.,Я сел на стул.,Я сів на стілець.
41,skončit,гл.,сов.,,A1,Базовые глаголы,закончить,закінчити,to finish,,,,Práce skončila v pět.,Работа закончилась в пять.,Робота закінчилася о п'ятій.,Kdy to skončí?,Когда это закончится?,Коли це закінчиться?
42,stát,гл.,несов.,,A1,Базовые глаголы,стоять; стоить,стояти; коштувати,to stand; to cost,Оба значения,standing,https://loremflickr.com/640/480/standing,Stojím ve frontě.,Я стою в очереди.,Я стою в черзі.,Kolik to stojí?,Сколько это стоит?,Скільки це коштує?
43,udělat,гл.,сов.,,A1,Базовые глаголы,сделать,зробити,to do; to make,,,,Udělám to zítra.,Я сделаю это завтра.,Я зроблю це завтра.,Udělal jsi chybu.,Ты сделал ошибку.,Ти зробив помилку.
44,umět,гл.,несов.,,A1,Базовые глаголы,уметь,вміти,to know how; can,,,,Umím trochu česky.,Я немного умею по-чешски.,Я трохи вмію чеською.,Neumím vařit.,Я не умею готовить.,Я не вмію готувати.
45,vědět,гл.,несов.,,A1,Базовые глаголы,знать (факт),знати (факт),to know (a fact),Отличается от znát,,,"Nevím, kde to je.","Я не знаю, где это.","Я не знаю, де це.","Víš, kolik je hodin?","Ты знаешь, который час?","Ти знаєш, котра година?"
46,vidět,гл.,несов.,,A1,Базовые глаголы,видеть,бачити,to see,,"eye,seeing","https://loremflickr.com/640/480/eye,seeing",Vidím tě.,Я тебя вижу.,Я тебе бачу.,Neviděl jsem ho dlouho.,Я давно его не видел.,Я давно його не бачив.
47,vrátit se,гл.,сов.,,A1,Базовые глаголы,вернуться,повернутися,to come back; to return,,,,Vrátím se v pět.,Я вернусь в пять.,Я повернуся о п'ятій.,Vrátila se domů pozdě.,Она вернулась домой поздно.,Вона повернулася додому пізно.
48,vypnout,гл.,сов.,,A1,Базовые глаголы,выключить,вимкнути,to turn off,,"switch,off","https://loremflickr.com/640/480/switch,off",Vypni televizi.,Выключи телевизор.,Вимкни телевізор.,Zapomněl jsem vypnout světlo.,Я забыл выключить свет.,Я забув вимкнути світло.
49,vzít,гл.,сов.,,A1,Базовые глаголы,взять,взяти,to take,,,,Vezmi si deštník.,Возьми зонт.,Візьми парасольку.,Vzal jsem si volno.,Я взял выходной.,Я взяв вихідний.
50,začínat,гл.,несов.,,A1,Базовые глаголы,начинать,починати,to begin,,,,Škola začíná v září.,Школа начинается в сентябре.,Школа починається у вересні.,Začínám v osm ráno.,Я начинаю в восемь утра.,Я починаю о восьмій ранку.
51,začít,гл.,сов.,,A1,Базовые глаголы,начать,почати,to start,,,,Začal jsem se učit česky.,Я начал учить чешский.,Я почав учити чеську.,Kdy začne film?,Когда начнётся фильм?,Коли почнеться фільм?
52,zapnout,гл.,сов.,,A1,Базовые глаголы,включить,увімкнути,to turn on,,"switch,on","https://loremflickr.com/640/480/switch,on",Zapni prosím světlo.,"Включи, пожалуйста, свет.","Увімкни, будь ласка, світло.",Zapnul jsem počítač.,Я включил компьютер.,Я увімкнув комп'ютер.
53,zavřít,гл.,сов.,,A1,Базовые глаголы,закрыть,закрити,to close,,"closed,door","https://loremflickr.com/640/480/closed,door",Zavři dveře.,Закрой дверь.,Зачини двері.,Obchod je zavřený.,Магазин закрыт.,Магазин зачинений.
54,znát,гл.,несов.,,A1,Базовые глаголы,знать (быть знакомым),знати,to know (be familiar with),,,,Znám ho z práce.,Я знаю его по работе.,Я знаю його з роботи.,Neznám tady nikoho.,Я тут никого не знаю.,Я тут нікого не знаю.
55,žít,гл.,несов.,,A1,Базовые глаголы,жить,жити,to live,,,,Žiju v Praze.,Я живу в Праге.,Я живу в Празі.,Žili tam deset let.,Они прожили там десять лет.,Вони прожили там десять років.
56,ano,частица,,,A1,Базовые слова,да,так,yes,,,,"Ano, souhlasím.","Да, я согласен.","Так, я згоден.","Ano, prosím.","Да, пожалуйста.","Так, будь ласка."
57,bohužel,нареч.,,,A1,Базовые слова,к сожалению,на жаль,unfortunately,,,,Bohužel nemám čas.,"К сожалению, у меня нет времени.","На жаль, у мене немає часу.",Bohužel to nejde.,"К сожалению, это невозможно.","На жаль, це неможливо."
58,dobře,нареч.,,,A1,Базовые слова,хорошо,добре,well; good,,,,Mám se dobře.,У меня всё хорошо.,У мене все добре.,Mluvíš dobře česky.,Ты хорошо говоришь по-чешски.,Ти добре говориш чеською.
59,možná,нареч.,,,A1,Базовые слова,может быть; возможно,можливо,maybe; perhaps,,,,Možná přijdu později.,"Возможно, я приду позже.","Можливо, я прийду пізніше.",Možná máš pravdu.,"Может быть, ты прав.","Можливо, ти маєш рацію."
60,ne,частица,,,A1,Базовые слова,нет; не,ні; не,no; not,,,,"Ne, děkuji.","Нет, спасибо.","Ні, дякую.","Ne, to není pravda.","Нет, это неправда.","Ні, це неправда."
61,špatně,нареч.,,,A1,Базовые слова,плохо,погано,badly,,,,Cítím se špatně.,Я плохо себя чувствую.,Я почуваюся погано.,Napsal jsem to špatně.,Я написал это неправильно.,Я написав це неправильно.
62,hezký,прил.,,,A1,Внешность,симпатичный; красивый,гарний,nice; pretty,,,,Máš hezký svetr.,У тебя красивый свитер.,У тебе гарний светр.,Je to hezké město.,Это красивый город.,Це гарне місто.
63,krásný,прил.,,,A1,Внешность,красивый,красивий,beautiful,,,,Praha je krásná.,Прага красивая.,Прага гарна.,Byl to krásný den.,Это был прекрасный день.,Це був прекрасний день.
64,malý,прил.,,,A1,Внешность,маленький,малий,small,,small,https://loremflickr.com/640/480/small,Mám malý byt.,У меня маленькая квартира.,У мене маленька квартира.,To je malé dítě.,Это маленький ребёнок.,Це маленька дитина.
65,mladý,прил.,,,A1,Внешность,молодой,молодий,young,,young,https://loremflickr.com/640/480/young,Je ještě mladý.,Он ещё молодой.,Він ще молодий.,Mladí lidé tam chodí často.,Молодые люди туда часто ходят.,Молоді люди туди часто ходять.
66,oči,сущ.,мн.ч.,očí,A1,Внешность,глаза,очі,eyes,,eyes,https://loremflickr.com/640/480/eyes,Má modré oči.,У неё голубые глаза.,У неї блакитні очі.,Bolí mě oči.,У меня болят глаза.,У мене болять очі.
67,starý,прил.,,,A1,Внешность,старый,старий,old,,old,https://loremflickr.com/640/480/old,Ten dům je starý.,Этот дом старый.,Цей будинок старий.,Můj starý telefon nefunguje.,Мой старый телефон не работает.,Мій старий телефон не працює.
68,světlý,прил.,,,A1,Внешность,светлый,світлий,light (colour),,,,Mám rád světlé pivo.,Я люблю светлое пиво.,Я люблю світле пиво.,V pokoji je světlá podlaha.,В комнате светлый пол.,У кімнаті світла підлога.
69,tmavý,прил.,,,A1,Внешность,тёмный,темний,dark,,dark,https://loremflickr.com/640/480/dark,Má tmavé vlasy.,У него тёмные волосы.,У нього темне волосся.,Venku je už tmavo.,На улице уже темно.,Надворі вже темно.
70,vlasy,сущ.,мн.ч.,vlasů,A1,Внешность,волосы,волосся,hair,,hair,https://loremflickr.com/640/480/hair,Má dlouhé vlasy.,У неё длинные волосы.,У неї довге волосся.,Musím si umýt vlasy.,Мне нужно помыть голову.,Мені треба помити волосся.
71,vysoký,прил.,,,A1,Внешность,высокий,високий,tall; high,,tall,https://loremflickr.com/640/480/tall,Je velmi vysoký.,Он очень высокий.,Він дуже високий.,Je to vysoká budova.,Это высокое здание.,Це висока будівля.
72,co,мест.,,,A1,Вопросительные слова,что,що,what,,,,Co je to?,Что это?,Що це?,Co děláš?,Что ты делаешь?,Що ти робиш?
73,jak,нареч.,,,A1,Вопросительные слова,как,як,how,,,,Jak se máš?,Как дела?,Як справи?,Jak se to řekne česky?,Как это сказать по-чешски?,Як це сказати чеською?
74,jaký,мест.,,,A1,Вопросительные слова,какой,який,what kind of,,,,Jaký je to film?,Что это за фильм?,Що це за фільм?,Jaké máš plány?,Какие у тебя планы?,Які в тебе плани?
75,kam,нареч.,,,A1,Вопросительные слова,куда,куди,where to,,,,Kam jdeš?,Куда ты идёшь?,Куди ти йдеш?,Kam mám dát tašku?,Куда мне положить сумку?,Куди мені покласти сумку?
76,kde,нареч.,,,A1,Вопросительные слова,где,де,where,,,,Kde bydlíš?,Где ты живёшь?,Де ти живеш?,Kde je zastávka?,Где остановка?,Де зупинка?
77,kdo,мест.,,,A1,Вопросительные слова,кто,хто,who,,,,Kdo je to?,Кто это?,Хто це?,Kdo přijde?,Кто придёт?,Хто прийде?
78,kdy,нареч.,,,A1,Вопросительные слова,когда,коли,when,,,,Kdy máš čas?,Когда у тебя есть время?,Коли ти маєш час?,Kdy začíná film?,Когда начинается фильм?,Коли починається фільм?
79,kolik,нареч.,,,A1,Вопросительные слова,сколько,скільки,how much; how many,,,,Kolik to stojí?,Сколько это стоит?,Скільки це коштує?,Kolik je hodin?,Который час?,Котра година?
80,který,мест.,,,A1,Вопросительные слова,который,котрий; який,which,,,,Který autobus jede do centra?,Какой автобус едет в центр?,Який автобус їде в центр?,Kterou knihu chceš?,Какую книгу ты хочешь?,Яку книгу ти хочеш?
81,odkud,нареч.,,,A1,Вопросительные слова,откуда,звідки,where from,,,,Odkud jsi?,Откуда ты?,Звідки ти?,Odkud jede ten vlak?,Откуда идёт этот поезд?,Звідки їде цей потяг?
82,proč,нареч.,,,A1,Вопросительные слова,почему,чому,why,,,,Proč nejdeš s námi?,Почему ты не идёшь с нами?,Чому ти не йдеш з нами?,Proč se učíš česky?,Почему ты учишь чешский?,Чому ти вчиш чеську?
83,brzy,нареч.,,,A1,Время и дата,скоро; рано,скоро; рано,soon; early,,,,Brzy se uvidíme.,Скоро увидимся.,Скоро побачимося.,Vstávám brzy ráno.,Я встаю рано утром.,Я встаю рано вранці.
84,březen,сущ.,м.р.,března,A1,Время и дата,март,березень,March,,,,V březnu je ještě zima.,В марте ещё холодно.,У березні ще холодно.,Přijedu v březnu.,Я приеду в марте.,Я приїду в березні.
85,čas,сущ.,м.р.,času,A1,Время и дата,время,час,time,Ложный друг: «час» = hodina,"clock,time","https://loremflickr.com/640/480/clock,time",Nemám na to čas.,У меня нет на это времени.,У мене немає на це часу.,Kolik času potřebuješ?,Сколько времени тебе нужно?,Скільки часу тобі потрібно?
86,často,нареч.,,,A1,Время и дата,часто,часто,often,,,,Chodím tam často.,Я часто туда хожу.,Я часто туди ходжу.,Často se vídáme.,Мы часто видимся.,Ми часто бачимося.
87,červen,сущ.,м.р.,června,A1,Время и дата,июнь,червень,June,,,,V červnu jedeme k moři.,В июне мы едем на море.,У червні ми їдемо на море.,Červen je krásný měsíc.,Июнь — прекрасный месяц.,Червень — прекрасний місяць.
88,červenec,сущ.,м.р.,července,A1,Время и дата,июль,липень,July,,,,Dovolenou mám v červenci.,Отпуск у меня в июле.,Відпустка в мене в липні.,Červenec je nejteplejší měsíc.,Июль — самый тёплый месяц.,Липень — найтепліший місяць.
89,čtvrtek,сущ.,м.р.,čtvrtka,A1,Время и дата,четверг,четвер,Thursday,,,,Ve čtvrtek mám volno.,В четверг у меня выходной.,У четвер у мене вихідний.,Uvidíme se ve čtvrtek.,Увидимся в четверг.,Побачимося в четвер.
90,další,прил.,,,A1,Время и дата,следующий; ещё один,наступний; ще один,next; another,,,,Další zastávka je Muzeum.,Следующая остановка — Музей.,Наступна зупинка — Музей.,Dej si ještě další kávu.,Выпей ещё одну кофе.,Випий ще одну каву.
91,datum,сущ.,ср.р.,data,A1,Время и дата,дата,дата,date,,calendar,https://loremflickr.com/640/480/calendar,Jaké je dnes datum?,Какое сегодня число?,Яке сьогодні число?,Napište datum narození.,Напишите дату рождения.,Напишіть дату народження.
92,den,сущ.,м.р.,dne,A1,Время и дата,день,день,day,,"day,sun","https://loremflickr.com/640/480/day,sun",Dnes je krásný den.,Сегодня прекрасный день.,Сьогодні чудовий день.,Pracuji osm hodin denně.,Я работаю восемь часов в день.,Я працюю вісім годин на день.
93,dnes,нареч.,,,A1,Время и дата,сегодня,сьогодні,today,,,,Dnes nemám čas.,Сегодня у меня нет времени.,Сьогодні я не маю часу.,Dnes je pondělí.,Сегодня понедельник.,Сьогодні понеділок.
94,duben,сущ.,м.р.,dubna,A1,Время и дата,апрель,квітень,April,,,,V dubnu často prší.,В апреле часто идёт дождь.,У квітні часто йде дощ.,Přijedu prvního dubna.,Я приеду первого апреля.,Я приїду першого квітня.
95,hned,нареч.,,,A1,Время и дата,сразу; сейчас же,одразу,immediately; right away,,,,Přijdu hned.,Я сейчас приду.,Я зараз прийду.,Udělej to hned.,Сделай это сразу.,Зроби це одразу.
96,hodina,сущ.,ж.р.,hodiny,A1,Время и дата,час; урок,година; урок,hour; lesson,,"clock,hour","https://loremflickr.com/640/480/clock,hour",Čekám tu už hodinu.,Я жду здесь уже час.,Я чекаю тут уже годину.,Máme hodinu češtiny.,У нас урок чешского.,У нас урок чеської.
97,jaro,сущ.,ср.р.,jara,A1,Время и дата,весна,весна,spring,,"spring,flowers","https://loremflickr.com/640/480/spring,flowers",Na jaře je hezky.,Весной хорошая погода.,Навесні гарна погода.,Těším se na jaro.,Я жду весну.,Я чекаю на весну.
98,ještě,нареч.,,,A1,Время и дата,ещё,ще,still; yet,,,,Máš ještě čas?,У тебя ещё есть время?,У тебе ще є час?,Ještě jsem to nedodělal.,Я это ещё не доделал.,Я це ще не доробив.
99,květen,сущ.,м.р.,května,A1,Время и дата,май,травень,May,,,,V květnu kvetou stromy.,В мае цветут деревья.,У травні цвітуть дерева.,Sejdeme se v květnu.,Встретимся в мае.,Зустрінемося в травні.
100,leden,сущ.,м.р.,ledna,A1,Время и дата,январь,січень,January,,,,V lednu je hodně sněhu.,В январе много снега.,У січні багато снігу.,Začínám prvního ledna.,Я начинаю первого января.,Я починаю першого січня.
101,léto,сущ.,ср.р.,léta,A1,Время и дата,лето,літо,summer,,"summer,beach","https://loremflickr.com/640/480/summer,beach",V létě jezdíme k moři.,Летом мы ездим на море.,Влітку ми їздимо на море.,Bylo to horké léto.,Это было жаркое лето.,Це було спекотне літо.
102,listopad,сущ.,м.р.,listopadu,A1,Время и дата,ноябрь,листопад,November,,,,V listopadu je mlha.,В ноябре туман.,У листопаді туман.,Listopad je smutný měsíc.,Ноябрь — грустный месяц.,Листопад — сумний місяць.
103,měsíc,сущ.,м.р.,měsíce,A1,Время и дата,месяц; луна,місяць,month; moon,,moon,https://loremflickr.com/640/480/moon,Bydlím tu už tři měsíce.,Я живу здесь уже три месяца.,Я живу тут уже три місяці.,Dnes svítí měsíc.,Сегодня светит луна.,Сьогодні світить місяць.
104,minulý,прил.,,,A1,Время и дата,прошлый,минулий,last; previous,,,,Minulý týden jsem byl nemocný.,На прошлой неделе я болел.,Минулого тижня я хворів.,Minulý rok jsem se přestěhoval.,В прошлом году я переехал.,Минулого року я переїхав.
105,minuta,сущ.,ж.р.,minuty,A1,Время и дата,минута,хвилина,minute,,stopwatch,https://loremflickr.com/640/480/stopwatch,Počkej pět minut.,Подожди пять минут.,Зачекай п'ять хвилин.,Autobus jede za minutu.,Автобус едет через минуту.,Автобус їде за хвилину.
106,neděle,сущ.,ж.р.,neděle,A1,Время и дата,воскресенье,неділя,Sunday,Ложный друг: НЕ «неделя» (= týden),,,V neděli nepracuji.,В воскресенье я не работаю.,У неділю я не працюю.,Neděle je den odpočinku.,Воскресенье — день отдыха.,Неділя — день відпочинку.
107,někdy,нареч.,,,A1,Время и дата,иногда; когда-нибудь,іноді; колись,sometimes,,,,Někdy chodím do kina.,Иногда я хожу в кино.,Іноді я ходжу в кіно.,Přijď někdy na návštěvu.,Приходи как-нибудь в гости.,Приходь колись у гості.
108,nikdy,нареч.,,,A1,Время и дата,никогда,ніколи,never,,,,Nikdy jsem tam nebyl.,Я никогда там не был.,Я ніколи там не був.,Nikdy neříkej nikdy.,Никогда не говори «никогда».,Ніколи не кажи «ніколи».
109,noc,сущ.,ж.р.,noci,A1,Время и дата,ночь,ніч,night,,night,https://loremflickr.com/640/480/night,Dobrou noc!,Спокойной ночи!,Надобраніч!,V noci jsem nespal.,Ночью я не спал.,Уночі я не спав.
110,odpoledne,сущ.,ср.р.,odpoledne,A1,Время и дата,вторая половина дня,друга половина дня,afternoon,,afternoon,https://loremflickr.com/640/480/afternoon,Odpoledne mám schůzku.,Днём у меня встреча.,По обіді в мене зустріч.,Přijdu v pondělí odpoledne.,Я приду в понедельник днём.,Я прийду в понеділок по обіді.
111,pátek,сущ.,м.р.,pátku,A1,Время и дата,пятница,п'ятниця,Friday,,,,V pátek jdeme do hospody.,В пятницу мы идём в пивную.,У п'ятницю ми йдемо в пивну.,Pátek je můj oblíbený den.,Пятница — мой любимый день.,П'ятниця — мій улюблений день.
112,podzim,сущ.,м.р.,podzimu,A1,Время и дата,осень,осінь,autumn; fall,,"autumn,leaves","https://loremflickr.com/640/480/autumn,leaves",Na podzim padá listí.,Осенью падают листья.,Восени опадає листя.,Podzim je tady chladný.,Осень здесь холодная.,Осінь тут холодна.
113,pondělí,сущ.,ср.р.,pondělí,A1,Время и дата,понедельник,понеділок,Monday,,,,V pondělí začínám v osm.,В понедельник я начинаю в восемь.,У понеділок я починаю о восьмій.,Pondělí nemám rád.,Понедельник я не люблю.,Понеділок я не люблю.
114,pozdě,нареч.,,,A1,Время и дата,поздно,пізно,late,,,,Přišel jsem pozdě.,Я пришёл поздно.,Я прийшов пізно.,"Je pozdě, jdu domů.","Поздно, я иду домой.","Пізно, я йду додому."
115,prosinec,сущ.,м.р.,prosince,A1,Время и дата,декабрь,грудень,December,,,,V prosinci jsou Vánoce.,В декабре Рождество.,У грудні Різдво.,Prosinec je nejtmavší měsíc.,Декабрь — самый тёмный месяц.,Грудень — найтемніший місяць.
116,příští,прил.,,,A1,Время и дата,следующий,наступний,next,,,,Příští týden mám dovolenou.,На следующей неделе у меня отпуск.,Наступного тижня в мене відпустка.,Uvidíme se příští pátek.,Увидимся в следующую пятницу.,Побачимося наступної п'ятниці.
117,ráno,сущ.,ср.р.,rána,A1,Время и дата,утро; утром,ранок; вранці,morning,,"morning,sunrise","https://loremflickr.com/640/480/morning,sunrise",Ráno piju kávu.,Утром я пью кофе.,Вранці я п'ю каву.,Dobré ráno!,Доброе утро!,Доброго ранку!
118,rok,сущ.,м.р.,roku,A1,Время и дата,год,рік,year,,"calendar,year","https://loremflickr.com/640/480/calendar,year",Žiju tu už dva roky.,Я живу здесь уже два года.,Я живу тут уже два роки.,Šťastný nový rok!,С Новым годом!,Щасливого Нового року!
119,říjen,сущ.,м.р.,října,A1,Время и дата,октябрь,жовтень,October,,,,V říjnu začíná škola.,В октябре начинается учёба.,У жовтні починається навчання.,Říjen byl letos teplý.,Октябрь в этом году был тёплым.,Жовтень цього року був теплим.
120,sobota,сущ.,ж.р.,soboty,A1,Время и дата,суббота,субота,Saturday,,,,V sobotu spím dlouho.,В субботу я долго сплю.,У суботу я довго сплю.,Sobota je můj volný den.,Суббота — мой выходной.,Субота — мій вихідний.
121,srpen,сущ.,м.р.,srpna,A1,Время и дата,август,серпень,August,,,,V srpnu je největší horko.,В августе самая жара.,У серпні найбільша спека.,Dovolenou mám v srpnu.,Отпуск у меня в августе.,Відпустка в мене в серпні.
122,středa,сущ.,ж.р.,středy,A1,Время и дата,среда,середа,Wednesday,,,,Ve středu mám češtinu.,В среду у меня чешский.,У середу в мене чеська.,Středa je půlka týdne.,Среда — середина недели.,Середа — середина тижня.
123,teď,нареч.,,,A1,Время и дата,сейчас; теперь,зараз; тепер,now,,,,Teď nemám čas.,Сейчас у меня нет времени.,Зараз я не маю часу.,Kde teď bydlíš?,Где ты сейчас живёшь?,Де ти зараз живеш?
124,týden,сущ.,м.р.,týdne,A1,Время и дата,неделя,тиждень,week,,"calendar,week","https://loremflickr.com/640/480/calendar,week",Příští týden odjíždím.,На следующей неделе я уезжаю.,Наступного тижня я від'їжджаю.,Pracuji pět dní v týdnu.,Я работаю пять дней в неделю.,Я працюю п'ять днів на тиждень.
125,už,нареч.,,,A1,Время и дата,уже,вже,already,,,,Už jsem to udělal.,Я это уже сделал.,Я це вже зробив.,Už je pozdě.,Уже поздно.,Уже пізно.
126,únor,сущ.,м.р.,února,A1,Время и дата,февраль,лютий,February,,,,Únor je krátký měsíc.,Февраль — короткий месяц.,Лютий — короткий місяць.,V únoru jsem byl v horách.,В феврале я был в горах.,У лютому я був у горах.
127,úterý,сущ.,ср.р.,úterý,A1,Время и дата,вторник,вівторок,Tuesday,,,,V úterý mám lekci.,Во вторник у меня занятие.,У вівторок у мене заняття.,Úterý mi vyhovuje.,Вторник мне подходит.,Вівторок мені підходить.
128,včera,нареч.,,,A1,Время и дата,вчера,вчора,yesterday,,,,Včera jsem byl doma.,Вчера я был дома.,Учора я був удома.,Včera pršelo celý den.,Вчера весь день шёл дождь.,Учора весь день ішов дощ.
129,večer,сущ.,м.р.,večera,A1,Время и дата,вечер; вечером,вечір; увечері,evening,,"evening,sunset","https://loremflickr.com/640/480/evening,sunset",Večer se dívám na film.,Вечером я смотрю фильм.,Увечері я дивлюся фільм.,Dobrý večer!,Добрый вечер!,Добрий вечір!
130,víkend,сущ.,м.р.,víkendu,A1,Время и дата,выходные,вихідні,weekend,,weekend,https://loremflickr.com/640/480/weekend,O víkendu jedeme na chatu.,На выходных мы едем на дачу.,На вихідних ми їдемо на дачу.,Hezký víkend!,Хороших выходных!,Гарних вихідних!
131,vždycky,нареч.,,,A1,Время и дата,всегда,завжди,always,,,,Vždycky piju čaj ráno.,Я всегда пью чай утром.,Я завжди п'ю чай вранці.,Vždycky chodí pozdě.,Он всегда опаздывает.,Він завжди спізнюється.
132,září,сущ.,ср.р.,září,A1,Время и дата,сентябрь,вересень,September,,,,V září začíná škola.,В сентябре начинается школа.,У вересні починається школа.,Září bylo teplé.,Сентябрь был тёплым.,Вересень був теплим.
133,zima,сущ.,ж.р.,zimy,A1,Время и дата,зима; холод,зима; холод,winter; cold,,"winter,snow","https://loremflickr.com/640/480/winter,snow",V zimě je hodně sněhu.,Зимой много снега.,Взимку багато снігу.,Je mi zima.,Мне холодно.,Мені холодно.
134,zítra,нареч.,,,A1,Время и дата,завтра,завтра,tomorrow,,,,Zítra jdu k lékaři.,Завтра я иду к врачу.,Завтра я йду до лікаря.,Zítra bude pršet.,Завтра будет дождь.,Завтра буде дощ.
135,blízko,нареч.,,,A1,Город и ориентирование,близко,близько,near; close,,,,Bydlím blízko centra.,Я живу близко к центру.,Я живу близько до центру.,Zastávka je blízko.,Остановка близко.,Зупинка близько.
136,centrum,сущ.,ср.р.,centra,A1,Город и ориентирование,центр,центр,centre; downtown,,"downtown,city","https://loremflickr.com/640/480/downtown,city",Jedu do centra.,Я еду в центр.,Я їду в центр.,V centru je hodně turistů.,В центре много туристов.,У центрі багато туристів.
137,cesta,сущ.,ж.р.,cesty,A1,Город и ориентирование,дорога; путь; поездка,дорога; шлях,road; way; journey,,road,https://loremflickr.com/640/480/road,Cesta trvala dvě hodiny.,Дорога заняла два часа.,Дорога тривала дві години.,Šťastnou cestu!,Счастливого пути!,Щасливої дороги!
138,daleko,нареч.,,,A1,Город и ориентирование,далеко,далеко,far,,,,Bydlím daleko od práce.,Я живу далеко от работы.,Я живу далеко від роботи.,Je to daleko?,Это далеко?,Це далеко?
139,divadlo,сущ.,ср.р.,divadla,A1,Город и ориентирование,театр,театр,theatre,,theatre,https://loremflickr.com/640/480/theatre,Jdeme do divadla.,Мы идём в театр.,Ми йдемо в театр.,Národní divadlo je krásné.,Национальный театр красивый.,Національний театр гарний.
140,dole,нареч.,,,A1,Город и ориентирование,внизу,внизу,below; downstairs,,,,Klíče jsou dole.,Ключи внизу.,Ключі внизу.,Bydlím dole v přízemí.,Я живу внизу на первом этаже.,Я живу внизу на першому поверсі.
141,hospoda,сущ.,ж.р.,hospody,A1,Город и ориентирование,пивная; трактир,пивна,pub,Ключевое место чешской культуры,pub,https://loremflickr.com/640/480/pub,Jdeme na pivo do hospody.,Мы идём в пивную на пиво.,Ми йдемо в пивну на пиво.,V té hospodě vaří dobře.,В той пивной хорошо готовят.,У тій пивній добре готують.
142,hotel,сущ.,м.р.,hotelu,A1,Город и ориентирование,отель,готель,hotel,,hotel,https://loremflickr.com/640/480/hotel,Bydlíme v hotelu.,Мы живём в отеле.,Ми живемо в готелі.,Hotel je blízko nádraží.,Отель рядом с вокзалом.,Готель поруч із вокзалом.
143,hrad,сущ.,м.р.,hradu,A1,Город и ориентирование,крепость; замок,фортеця; замок,castle,,castle,https://loremflickr.com/640/480/castle,Pražský hrad je nádherný.,Пражский Град великолепен.,Празький Град чудовий.,Byli jsme na hradě.,Мы были в замке.,Ми були в замку.
144,kavárna,сущ.,ж.р.,kavárny,A1,Город и ориентирование,кафе,кав'ярня,café,,cafe,https://loremflickr.com/640/480/cafe,Sejdeme se v kavárně.,Встретимся в кафе.,Зустрінемося в кав'ярні.,Ta kavárna má dobrou kávu.,В том кафе хороший кофе.,У тій кав'ярні гарна кава.
145,kino,сущ.,ср.р.,kina,A1,Город и ориентирование,кинотеатр,кінотеатр,cinema,,cinema,https://loremflickr.com/640/480/cinema,Jdeme do kina.,Мы идём в кино.,Ми йдемо в кіно.,V kině dávají nový film.,В кино идёт новый фильм.,У кіно показують новий фільм.
146,knihovna,сущ.,ж.р.,knihovny,A1,Город и ориентирование,библиотека,бібліотека,library,,library,https://loremflickr.com/640/480/library,Půjčil jsem si knihu v knihovně.,Я взял книгу в библиотеке.,Я взяв книгу в бібліотеці.,Knihovna je otevřená do šesti.,Библиотека открыта до шести.,Бібліотека відчинена до шостої.
147,kostel,сущ.,м.р.,kostela,A1,Город и ориентирование,церковь; костёл,церква; костел,church,,church,https://loremflickr.com/640/480/church,Ten kostel je velmi starý.,Эта церковь очень старая.,Ця церква дуже стара.,Sejdeme se u kostela.,Встретимся у церкви.,Зустрінемося біля церкви.
148,letiště,сущ.,ср.р.,letiště,A1,Город и ориентирование,аэропорт,аеропорт,airport,,airport,https://loremflickr.com/640/480/airport,Letiště je daleko od centra.,Аэропорт далеко от центра.,Аеропорт далеко від центру.,Jedu na letiště.,Я еду в аэропорт.,Я їду в аеропорт.
149,mapa,сущ.,ж.р.,mapy,A1,Город и ориентирование,карта,мапа,map,,map,https://loremflickr.com/640/480/map,Podívej se na mapu.,Посмотри на карту.,Подивись на мапу.,Mám mapu v telefonu.,У меня карта в телефоне.,У мене мапа в телефоні.
150,město,сущ.,ср.р.,města,A1,Город и ориентирование,город,місто,city; town,,city,https://loremflickr.com/640/480/city,Praha je velké město.,Прага — большой город.,Прага — велике місто.,Bydlím na kraji města.,Я живу на краю города.,Я живу на околиці міста.
151,muzeum,сущ.,ср.р.,muzea,A1,Город и ориентирование,музей,музей,museum,,museum,https://loremflickr.com/640/480/museum,Muzeum je zavřené v pondělí.,Музей закрыт в понедельник.,Музей зачинений у понеділок.,Byli jsme v muzeu.,Мы были в музее.,Ми були в музеї.
152,nahoře,нареч.,,,A1,Город и ориентирование,наверху,нагорі,above; upstairs,,,,Byt je nahoře.,Квартира наверху.,Квартира нагорі.,Klíče jsou nahoře na poličce.,Ключи наверху на полке.,Ключі нагорі на поличці.
153,nádraží,сущ.,ср.р.,nádraží,A1,Город и ориентирование,вокзал,вокзал,railway station,,"train,station","https://loremflickr.com/640/480/train,station",Vlak jede z hlavního nádraží.,Поезд идёт с главного вокзала.,Потяг їде з головного вокзалу.,Sejdeme se na nádraží.,Встретимся на вокзале.,Зустрінемося на вокзалі.
154,náměstí,сущ.,ср.р.,náměstí,A1,Город и ориентирование,площадь,площа,square,,"square,plaza","https://loremflickr.com/640/480/square,plaza",Václavské náměstí zná každý.,Вацлавскую площадь знает каждый.,Вацлавську площу знає кожен.,Bydlím blízko náměstí.,Я живу рядом с площадью.,Я живу біля площі.
155,park,сущ.,м.р.,parku,A1,Город и ориентирование,парк,парк,park,,park,https://loremflickr.com/640/480/park,Jdeme na procházku do parku.,Мы идём гулять в парк.,Ми йдемо гуляти в парк.,V parku je hodně lidí.,В парке много людей.,У парку багато людей.
156,patro (v domě),сущ.,ср.р.,patra,A1,Город и ориентирование,этаж (в доме),поверх,floor (of a building),,"floor,building","https://loremflickr.com/640/480/floor,building",Bydlím ve třetím patře.,Я живу на третьем этаже.,Я живу на третьому поверсі.,Do kterého patra jedete?,На какой этаж вы едете?,На який поверх ви їдете?
157,pošta,сущ.,ж.р.,pošty,A1,Город и ориентирование,почта,пошта,post office,,"post,office","https://loremflickr.com/640/480/post,office",Musím jít na poštu.,Мне нужно на почту.,Мені треба на пошту.,Pošta je vedle banky.,Почта рядом с банком.,Пошта поруч із банком.
158,restaurace,сущ.,ж.р.,restaurace,A1,Город и ориентирование,ресторан,ресторан,restaurant,,restaurant,https://loremflickr.com/640/480/restaurant,Ta restaurace je výborná.,Этот ресторан отличный.,Цей ресторан чудовий.,Byli jsme v restauraci.,Мы были в ресторане.,Ми були в ресторані.
159,rovně,нареч.,,,A1,Город и ориентирование,прямо,прямо,straight ahead,,,,Jděte rovně a pak doleva.,"Идите прямо, потом налево.","Ідіть прямо, потім ліворуч.",Je to rovně za rohem.,Это прямо за углом.,Це прямо за рогом.
160,ulice,сущ.,ж.р.,ulice,A1,Город и ориентирование,улица,вулиця,street,,street,https://loremflickr.com/640/480/street,Bydlím v této ulici.,Я живу на этой улице.,Я живу на цій вулиці.,Na ulici je hluk.,На улице шумно.,На вулиці шумно.
161,vedle,предл.,,,A1,Город и ориентирование,рядом с,поряд з,next to,,,,Sedni si vedle mě.,Сядь рядом со мной.,Сядь поряд зі мною.,Banka je vedle pošty.,Банк рядом с почтой.,Банк поруч із поштою.
162,vesnice,сущ.,ж.р.,vesnice,A1,Город и ориентирование,деревня,село,village,,village,https://loremflickr.com/640/480/village,Narodil jsem se na vesnici.,Я родился в деревне.,Я народився в селі.,Ta vesnice je malá.,Эта деревня маленькая.,Це село маленьке.
163,vlevo,нареч.,,,A1,Город и ориентирование,слева; налево,ліворуч,left; on the left,,,,Zahněte vlevo.,Поверните налево.,Поверніть ліворуч.,Obchod je vlevo.,Магазин слева.,Магазин ліворуч.
164,vpravo,нареч.,,,A1,Город и ориентирование,справа; направо,праворуч,right; on the right,,,,Zahněte vpravo.,Поверните направо.,Поверніть праворуч.,Vpravo uvidíte kostel.,Справа вы увидите церковь.,Праворуч ви побачите церкву.
165,výtah (v domě),сущ.,м.р.,výtahu,A1,Город и ориентирование,лифт (в доме),ліфт (у будинку),lift; elevator,,elevator,https://loremflickr.com/640/480/elevator,Výtah nefunguje.,Лифт не работает.,Ліфт не працює.,Pojedeme výtahem.,Поедем на лифте.,Поїдемо ліфтом.
166,zastávka,сущ.,ж.р.,zastávky,A1,Город и ориентирование,остановка,зупинка,"stop (bus, tram)",,"bus,stop","https://loremflickr.com/640/480/bus,stop",Kde je nejbližší zastávka?,Где ближайшая остановка?,Де найближча зупинка?,Čekám na zastávce.,Я жду на остановке.,Я чекаю на зупинці.
167,zpátky,нареч.,,,A1,Город и ориентирование,обратно; назад,назад,back,,,,Vrátím se zpátky za hodinu.,Я вернусь через час.,Я повернуся за годину.,Dej to zpátky.,Положи это обратно.,Поклади це назад.
168,policie,сущ.,ж.р.,policie,A1,Документы и госучреждения,полиция,поліція,police,,police,https://loremflickr.com/640/480/police,Zavolejte policii!,Вызовите полицию!,Викличте поліцію!,Policie přijela rychle.,Полиция приехала быстро.,Поліція приїхала швидко.
169,adresa,сущ.,ж.р.,adresy,A1,Дом и жильё,адрес,адреса,address,,"address,envelope","https://loremflickr.com/640/480/address,envelope",Jaká je vaše adresa?,Какой ваш адрес?,Яка ваша адреса?,Napište mi svou adresu.,Напишите мне свой адрес.,Напишіть мені свою адресу.
170,bydlet,гл.,несов.,,A1,Дом и жильё,жить; проживать,жити; мешкати,to live; to reside,,,,Bydlím v Praze.,Я живу в Праге.,Я живу в Празі.,Kde bydlíte?,Где вы живёте?,Де ви живете?
171,byt,сущ.,м.р.,bytu,A1,Дом и жильё,квартира,квартира,flat; apartment,,apartment,https://loremflickr.com/640/480/apartment,Hledám byt k pronájmu.,Я ищу квартиру в аренду.,Я шукаю квартиру в оренду.,Máme malý byt.,У нас маленькая квартира.,У нас маленька квартира.
172,dům,сущ.,м.р.,domu,A1,Дом и жильё,дом,будинок,house,,house,https://loremflickr.com/640/480/house,Bydlíme v rodinném domě.,Мы живём в частном доме.,Ми живемо в приватному будинку.,Před domem je zahrada.,Перед домом сад.,Перед будинком сад.
173,dveře,сущ.,мн.ч.,dveří,A1,Дом и жильё,дверь,двері,door,,door,https://loremflickr.com/640/480/door,"Zavři dveře, prosím.","Закрой дверь, пожалуйста.","Зачини двері, будь ласка.",Někdo klepe na dveře.,Кто-то стучит в дверь.,Хтось стукає у двері.
174,klíč,сущ.,м.р.,klíče,A1,Дом и жильё,ключ,ключ,key,,key,https://loremflickr.com/640/480/key,Ztratil jsem klíče.,Я потерял ключи.,Я загубив ключі.,Klíč je pod rohožkou.,Ключ под ковриком.,Ключ під килимком.
175,koupelna,сущ.,ж.р.,koupelny,A1,Дом и жильё,ванная,ванна кімната,bathroom,,bathroom,https://loremflickr.com/640/480/bathroom,Koupelna je malá.,Ванная маленькая.,Ванна кімната маленька.,Jdu do koupelny.,Я иду в ванную.,Я йду у ванну.
176,kuchyň,сущ.,ж.р.,kuchyně,A1,Дом и жильё,кухня,кухня,kitchen,,kitchen,https://loremflickr.com/640/480/kitchen,Vaříme v kuchyni.,Мы готовим на кухне.,Ми готуємо на кухні.,Kuchyň je nová.,Кухня новая.,Кухня нова.
177,okno,сущ.,ср.р.,okna,A1,Дом и жильё,окно,вікно,window,,window,https://loremflickr.com/640/480/window,Otevři okno.,Открой окно.,Відчини вікно.,Sedím u okna.,Я сижу у окна.,Я сиджу біля вікна.
178,patro,сущ.,ср.р.,patra,A1,Дом и жильё,этаж,поверх,floor; storey,,"floor,building","https://loremflickr.com/640/480/floor,building",Bydlím v pátém patře.,Я живу на пятом этаже.,Я живу на п'ятому поверсі.,Kancelář je o patro výš.,Офис этажом выше.,Офіс поверхом вище.
179,pokoj,сущ.,м.р.,pokoje,A1,Дом и жильё,комната,кімната,room,,room,https://loremflickr.com/640/480/room,Mám vlastní pokoj.,У меня своя комната.,У мене власна кімната.,V pokoji je teplo.,В комнате тепло.,У кімнаті тепло.
180,schody,сущ.,мн.ч.,schodů,A1,Дом и жильё,лестница,сходи,stairs,,stairs,https://loremflickr.com/640/480/stairs,"Výtah nejede, půjdeme po schodech.","Лифт не работает, пойдём по лестнице.","Ліфт не працює, підемо сходами.",Schody jsou strmé.,Лестница крутая.,Сходи круті.
181,sprcha,сущ.,ж.р.,sprchy,A1,Дом и жильё,душ,душ,shower,,shower,https://loremflickr.com/640/480/shower,Jdu do sprchy.,Я иду в душ.,Я йду в душ.,Sprcha nefunguje.,Душ не работает.,Душ не працює.
182,toaleta,сущ.,ж.р.,toalety,A1,Дом и жильё,туалет,туалет,toilet,,toilet,https://loremflickr.com/640/480/toilet,Kde je toaleta?,Где туалет?,Де туалет?,Toaleta je vlevo.,Туалет слева.,Туалет ліворуч.
183,výtah,сущ.,м.р.,výtahu,A1,Дом и жильё,лифт,ліфт,lift; elevator,,elevator,https://loremflickr.com/640/480/elevator,Jedeme výtahem do pátého patra.,Мы едем на лифте на пятый этаж.,Ми їдемо ліфтом на п'ятий поверх.,Výtah je rozbitý.,Лифт сломан.,Ліфт зламаний.
184,zahrada,сущ.,ж.р.,zahrady,A1,Дом и жильё,сад,сад,garden,,garden,https://loremflickr.com/640/480/garden,Máme malou zahradu.,У нас маленький сад.,У нас маленький сад.,Děti si hrají na zahradě.,Дети играют в саду.,Діти граються в саду.
185,záchod,сущ.,м.р.,záchodu,A1,Дом и жильё,туалет,туалет,toilet,,toilet,https://loremflickr.com/640/480/toilet,Kde je tady záchod?,Где здесь туалет?,Де тут туалет?,Záchod je obsazený.,Туалет занят.,Туалет зайнятий.
186,banán,сущ.,м.р.,banánu,A1,Еда,банан,банан,banana,,banana,https://loremflickr.com/640/480/banana,Dám si banán.,Я съем банан.,Я з'їм банан.,Banány jsou zdravé.,Бананы полезные.,Банани корисні.
187,brambory,сущ.,мн.ч.,brambor,A1,Еда,картофель,картопля,potatoes,,potato,https://loremflickr.com/640/480/potato,K obědu máme brambory.,На обед у нас картофель.,На обід у нас картопля.,"Uvař brambory, prosím.","Свари картошку, пожалуйста.","Звари картоплю, будь ласка."
188,chléb,сущ.,м.р.,chleba,A1,Еда,хлеб,хліб,bread,,bread,https://loremflickr.com/640/480/bread,Kup prosím chleba.,"Купи, пожалуйста, хлеб.","Купи, будь ласка, хліб.",Chléb je čerstvý.,Хлеб свежий.,Хліб свіжий.
189,chutnat,гл.,несов.,,A1,Еда,быть вкусным; нравиться на вкус,смакувати,to taste good,,,,Chutná ti to?,Тебе это нравится (на вкус)?,Тобі це смакує?,Polévka mi chutnala.,Суп мне понравился.,Суп мені засмакував.
190,citron,сущ.,м.р.,citronu,A1,Еда,лимон,лимон,lemon,,lemon,https://loremflickr.com/640/480/lemon,Dej mi čaj s citronem.,Дай мне чай с лимоном.,Дай мені чай з лимоном.,Citron je kyselý.,Лимон кислый.,Лимон кислий.
191,cukr,сущ.,м.р.,cukru,A1,Еда,сахар,цукор,sugar,,sugar,https://loremflickr.com/640/480/sugar,Piju kávu bez cukru.,Я пью кофе без сахара.,Я п'ю каву без цукру.,Kolik cukru chceš?,Сколько сахара ты хочешь?,Скільки цукру ти хочеш?
192,čokoláda,сущ.,ж.р.,čokolády,A1,Еда,шоколад,шоколад,chocolate,,chocolate,https://loremflickr.com/640/480/chocolate,Mám rád mléčnou čokoládu.,Я люблю молочный шоколад.,Я люблю молочний шоколад.,Koupil jsem ti čokoládu.,Я купил тебе шоколад.,Я купив тобі шоколад.
193,dort,сущ.,м.р.,dortu,A1,Еда,торт,торт,cake,,cake,https://loremflickr.com/640/480/cake,K narozeninám máme dort.,На день рождения у нас торт.,На день народження в нас торт.,Ten dort je výborný.,Этот торт отличный.,Цей торт чудовий.
194,hlad,сущ.,м.р.,hladu,A1,Еда,голод,голод,hunger,,hunger,https://loremflickr.com/640/480/hunger,Mám hlad.,Я голоден.,Я голодний.,Umírám hlady.,Я умираю с голоду.,Я вмираю з голоду.
195,houska,сущ.,ж.р.,housky,A1,Еда,булочка,булочка,bread roll; bun,,"bun,bread","https://loremflickr.com/640/480/bun,bread",Dám si housku se šunkou.,Я возьму булочку с ветчиной.,Я візьму булочку з шинкою.,Housky jsou čerstvé.,Булочки свежие.,Булочки свіжі.
196,jablko,сущ.,ср.р.,jablka,A1,Еда,яблоко,яблуко,apple,,apple,https://loremflickr.com/640/480/apple,Jablko denně je zdravé.,Яблоко в день полезно.,Яблуко щодня корисне.,Kup kilo jablek.,Купи килограмм яблок.,Купи кілограм яблук.
197,jídlo,сущ.,ср.р.,jídla,A1,Еда,еда; блюдо,їжа; страва,food; meal; dish,,food,https://loremflickr.com/640/480/food,To jídlo je výborné.,Эта еда отличная.,Ця їжа чудова.,Jaké jídlo máš rád?,Какую еду ты любишь?,Яку їжу ти любиш?
198,jíst,гл.,несов.,,A1,Еда,есть; кушать,їсти,to eat,,eating,https://loremflickr.com/640/480/eating,Jím maso jen zřídka.,Я редко ем мясо.,Я рідко їм м'ясо.,Co jíš k snídani?,Что ты ешь на завтрак?,Що ти їси на сніданок?
199,jogurt,сущ.,м.р.,jogurtu,A1,Еда,йогурт,йогурт,yoghurt,,yoghurt,https://loremflickr.com/640/480/yoghurt,K snídani jím jogurt.,На завтрак я ем йогурт.,На сніданок я їм йогурт.,Ten jogurt je bílý.,Этот йогурт натуральный.,Цей йогурт натуральний.
200,knedlík,сущ.,м.р.,knedlíku,A1,Еда,кнедлик,кнедлик,dumpling,Чешский гарнир из теста,dumpling,https://loremflickr.com/640/480/dumpling,Ke svíčkové patří knedlíky.,К свичковой подают кнедлики.,До свічкової подають кнедлики.,Knedlíky miluju.,Кнедлики я обожаю.,Кнедлики я обожнюю.
201,kuře,сущ.,ср.р.,kuřete,A1,Еда,курица,курка,chicken,,chicken,https://loremflickr.com/640/480/chicken,Máme k obědu kuře.,У нас на обед курица.,У нас на обід курка.,Kuře s rýží je dobré.,Курица с рисом вкусная.,Курка з рисом смачна.
202,maso,сущ.,ср.р.,masa,A1,Еда,мясо,м'ясо,meat,,meat,https://loremflickr.com/640/480/meat,Nejím maso.,Я не ем мясо.,Я не їм м'яса.,Kup kilo masa.,Купи килограмм мяса.,Купи кілограм м'яса.
203,máslo,сущ.,ср.р.,másla,A1,Еда,масло (сливочное),масло,butter,,butter,https://loremflickr.com/640/480/butter,"Chleba s máslem, prosím.","Хлеб с маслом, пожалуйста.","Хліб з маслом, будь ласка.",Máslo je v lednici.,Масло в холодильнике.,Масло в холодильнику.
204,mléko,сущ.,ср.р.,mléka,A1,Еда,молоко,молоко,milk,,milk,https://loremflickr.com/640/480/milk,"Kávu s mlékem, prosím.","Кофе с молоком, пожалуйста.","Каву з молоком, будь ласка.",Došlo nám mléko.,У нас закончилось молоко.,У нас закінчилося молоко.
205,oběd,сущ.,м.р.,oběda,A1,Еда,обед,обід,lunch,,lunch,https://loremflickr.com/640/480/lunch,Co máme k obědu?,Что у нас на обед?,Що в нас на обід?,Po obědě jdu do práce.,После обеда я иду на работу.,Після обіду я йду на роботу.
206,objednat,гл.,сов.,,A1,Еда,заказать,замовити,to order,,,,Objednal jsem si polévku.,Я заказал суп.,Я замовив суп.,Objednáme si zítra.,Закажем завтра.,Замовимо завтра.
207,okurka,сущ.,ж.р.,okurky,A1,Еда,огурец,огірок,cucumber,,cucumber,https://loremflickr.com/640/480/cucumber,Dej do salátu okurku.,Положи в салат огурец.,Поклади в салат огірок.,Okurky jsou levné.,Огурцы дешёвые.,Огірки дешеві.
208,ovoce,сущ.,ср.р.,ovoce,A1,Еда,фрукты,фрукти,fruit,Ложный друг: НЕ «овощи»,fruit,https://loremflickr.com/640/480/fruit,Jím hodně ovoce.,Я ем много фруктов.,Я їм багато фруктів.,Ovoce a zelenina jsou zdravé.,Фрукты и овощи полезны.,Фрукти й овочі корисні.
209,pít,гл.,несов.,,A1,Еда,пить,пити,to drink,,drinking,https://loremflickr.com/640/480/drinking,Piju hodně vody.,Я пью много воды.,Я п'ю багато води.,Co budeš pít?,Что ты будешь пить?,Що ти питимеш?
210,polévka,сущ.,ж.р.,polévky,A1,Еда,суп,суп,soup,,soup,https://loremflickr.com/640/480/soup,Dám si polévku.,Я возьму суп.,Я візьму суп.,Ta polévka je slaná.,Этот суп солёный.,Цей суп солоний.
211,pomeranč,сущ.,м.р.,pomeranče,A1,Еда,апельсин,апельсин,orange,,"orange,fruit","https://loremflickr.com/640/480/orange,fruit",Kup dva pomeranče.,Купи два апельсина.,Купи два апельсини.,Pomeranč má hodně vitaminů.,В апельсине много витаминов.,В апельсині багато вітамінів.
212,rajče,сущ.,ср.р.,rajčete,A1,Еда,помидор,помідор,tomato,,tomato,https://loremflickr.com/640/480/tomato,Do salátu dej rajčata.,Положи в салат помидоры.,Поклади в салат помідори.,Rajče je červené.,Помидор красный.,Помідор червоний.
213,rohlík,сущ.,м.р.,rohlíku,A1,Еда,рогалик (булочка),ріжок (булочка),bread roll (crescent),Базовый чешский продукт,"bread,roll","https://loremflickr.com/640/480/bread,roll",K snídani jím rohlík.,На завтрак я ем рогалик.,На сніданок я їм ріжок.,Kup pět rohlíků.,Купи пять рогаликов.,Купи п'ять ріжків.
214,ryba,сущ.,ж.р.,ryby,A1,Еда,рыба,риба,fish,,fish,https://loremflickr.com/640/480/fish,Rybu jím jednou týdně.,Рыбу я ем раз в неделю.,Рибу я їм раз на тиждень.,Ta ryba je čerstvá.,Эта рыба свежая.,Ця риба свіжа.
215,rýže,сущ.,ж.р.,rýže,A1,Еда,рис,рис,rice,,rice,https://loremflickr.com/640/480/rice,K masu dám rýži.,К мясу я подам рис.,До м'яса подам рис.,Rýže je hotová.,Рис готов.,Рис готовий.
216,salám,сущ.,м.р.,salámu,A1,Еда,колбаса,ковбаса,salami; sausage,,salami,https://loremflickr.com/640/480/salami,Dej mi chleba se salámem.,Дай мне хлеб с колбасой.,Дай мені хліб з ковбасою.,Salám je drahý.,Колбаса дорогая.,Ковбаса дорога.
217,salát,сущ.,м.р.,salátu,A1,Еда,салат,салат,salad; lettuce,,salad,https://loremflickr.com/640/480/salad,Dám si zeleninový salát.,Я возьму овощной салат.,Я візьму овочевий салат.,Salát je zdravý.,Салат полезный.,Салат корисний.
218,snídaně,сущ.,ж.р.,snídaně,A1,Еда,завтрак,сніданок,breakfast,,breakfast,https://loremflickr.com/640/480/breakfast,Snídaně je v sedm.,Завтрак в семь.,Сніданок о сьомій.,Bez snídaně nechodím do práce.,Без завтрака я не иду на работу.,Без сніданку я не йду на роботу.
219,sůl,сущ.,ж.р.,soli,A1,Еда,соль,сіль,salt,,salt,https://loremflickr.com/640/480/salt,Dej tam víc soli.,Добавь туда больше соли.,Додай туди більше солі.,Sůl je na stole.,Соль на столе.,Сіль на столі.
220,sýr,сущ.,м.р.,sýra,A1,Еда,сыр,сир,cheese,,cheese,https://loremflickr.com/640/480/cheese,Mám rád tvrdý sýr.,Я люблю твёрдый сыр.,Я люблю твердий сир.,Dej mi kousek sýra.,Дай мне кусочек сыра.,Дай мені шматочок сиру.
221,šunka,сущ.,ж.р.,šunky,A1,Еда,ветчина,шинка,ham,,ham,https://loremflickr.com/640/480/ham,"Chleba se šunkou, prosím.","Хлеб с ветчиной, пожалуйста.","Хліб із шинкою, будь ласка.",Šunka je v lednici.,Ветчина в холодильнике.,Шинка в холодильнику.
222,večeře,сущ.,ж.р.,večeře,A1,Еда,ужин,вечеря,dinner; supper,,dinner,https://loremflickr.com/640/480/dinner,Večeře je hotová.,Ужин готов.,Вечеря готова.,Po večeři jdeme na procházku.,После ужина мы идём гулять.,Після вечері ми йдемо на прогулянку.
223,vejce,сущ.,ср.р.,vejce,A1,Еда,яйцо,яйце,egg,,egg,https://loremflickr.com/640/480/egg,K snídani jím vejce.,На завтрак я ем яйца.,На сніданок я їм яйця.,Kup deset vajec.,Купи десять яиц.,Купи десять яєць.
224,zelenina,сущ.,ж.р.,zeleniny,A1,Еда,овощи,овочі,vegetables,,vegetables,https://loremflickr.com/640/480/vegetables,Jím hodně zeleniny.,Я ем много овощей.,Я їм багато овочів.,Zelenina je levná v létě.,Овощи летом дешёвые.,Овочі влітку дешеві.
225,zmrzlina,сущ.,ж.р.,zmrzliny,A1,Еда,мороженое,морозиво,ice cream,,icecream,https://loremflickr.com/640/480/icecream,Děti chtějí zmrzlinu.,Дети хотят мороженое.,Діти хочуть морозиво.,Zmrzlina je studená.,Мороженое холодное.,Морозиво холодне.
226,žízeň,сущ.,ж.р.,žízně,A1,Еда,жажда,спрага,thirst,,"thirst,water","https://loremflickr.com/640/480/thirst,water",Mám žízeň.,Я хочу пить.,Я хочу пити.,Umírám žízní.,Я умираю от жажды.,Я вмираю від спраги.
227,kočka,сущ.,ж.р.,kočky,A1,Животные,кошка,кішка,cat,,cat,https://loremflickr.com/640/480/cat,Máme doma kočku.,У нас дома кошка.,У нас удома кішка.,Ta kočka je černá.,Эта кошка чёрная.,Ця кішка чорна.
228,kůň,сущ.,м.р.,koně,A1,Животные,лошадь,кінь,horse,,horse,https://loremflickr.com/640/480/horse,Umíš jezdit na koni?,Ты умеешь ездить верхом?,Ти вмієш їздити верхи?,Kůň běží rychle.,Лошадь бежит быстро.,Кінь біжить швидко.
229,pes,сущ.,м.р.,psa,A1,Животные,собака,собака,dog,,dog,https://loremflickr.com/640/480/dog,Mám doma psa.,У меня дома собака.,У мене вдома собака.,Pes štěká na sousedy.,Собака лает на соседей.,Собака гавкає на сусідів.
230,pták,сущ.,м.р.,ptáka,A1,Животные,птица,птах,bird,,bird,https://loremflickr.com/640/480/bird,Na stromě sedí pták.,На дереве сидит птица.,На дереві сидить птах.,Ptáci ráno zpívají.,Птицы поют утром.,Птахи співають уранці.
231,zvíře,сущ.,ср.р.,zvířete,A1,Животные,животное,тварина,animal,,animal,https://loremflickr.com/640/480/animal,Máte doma nějaké zvíře?,У вас есть домашнее животное?,У вас є домашня тварина?,Zvířata potřebují péči.,Животным нужен уход.,Тваринам потрібен догляд.
232,bolet,гл.,несов.,,A1,Здоровье,болеть (о боли),боліти,to hurt; to ache,,pain,https://loremflickr.com/640/480/pain,Bolí mě hlava.,У меня болит голова.,У мене болить голова.,Bolí tě něco?,У тебя что-то болит?,У тебе щось болить?
233,doktor,сущ.,м.р.,doktora,A1,Здоровье,доктор,доктор,doctor,,doctor,https://loremflickr.com/640/480/doctor,Musím jít k doktorovi.,Мне нужно к доктору.,Мені треба до лікаря.,Doktor mi předepsal léky.,Доктор выписал мне лекарства.,Лікар виписав мені ліки.
234,lék,сущ.,м.р.,léku,A1,Здоровье,лекарство,ліки,medicine; drug,,"medicine,pills","https://loremflickr.com/640/480/medicine,pills",Beru léky každý den.,Я принимаю лекарства каждый день.,Я приймаю ліки щодня.,Ten lék je bez předpisu.,Это лекарство без рецепта.,Ці ліки без рецепта.
235,lékař,сущ.,м.р.,lékaře,A1,Здоровье,врач,лікар,doctor; physician,,doctor,https://loremflickr.com/640/480/doctor,Objednal jsem se k lékaři.,Я записался к врачу.,Я записався до лікаря.,Lékař mi dal neschopenku.,Врач дал мне больничный.,Лікар дав мені лікарняний.
236,nemocnice,сущ.,ж.р.,nemocnice,A1,Здоровье,больница,лікарня,hospital,,hospital,https://loremflickr.com/640/480/hospital,Leží v nemocnici.,Он лежит в больнице.,Він лежить у лікарні.,Nemocnice je blízko centra.,Больница рядом с центром.,Лікарня біля центру.
237,nemocný,прил.,,,A1,Здоровье,больной,хворий,ill; sick,,sick,https://loremflickr.com/640/480/sick,"Jsem nemocný, zůstanu doma.","Я болен, останусь дома.","Я хворий, залишуся вдома.",Dcera je nemocná.,Дочь болеет.,Дочка хворіє.
238,spát,гл.,несов.,,A1,Здоровье,спать,спати,to sleep,,sleeping,https://loremflickr.com/640/480/sleeping,Spím osm hodin denně.,Я сплю восемь часов в день.,Я сплю вісім годин на день.,Dítě už spí.,Ребёнок уже спит.,Дитина вже спить.
239,teplota,сущ.,ж.р.,teploty,A1,Здоровье,температура,температура,temperature,,thermometer,https://loremflickr.com/640/480/thermometer,Mám teplotu.,У меня температура.,У мене температура.,Teplota je dnes deset stupňů.,Температура сегодня десять градусов.,Температура сьогодні десять градусів.
240,zdravý,прил.,,,A1,Здоровье,здоровый,здоровий,healthy,,healthy,https://loremflickr.com/640/480/healthy,Jsem zdravý.,Я здоров.,Я здоровий.,Zdravá strava je důležitá.,Здоровое питание важно.,Здорове харчування важливе.
241,hodiny,сущ.,мн.ч.,hodin,A1,Мебель и быт,часы (настенные),годинник,clock,,clock,https://loremflickr.com/640/480/clock,Hodiny na zdi jdou špatně.,Часы на стене идут неправильно.,Годинник на стіні йде неправильно.,Kup nové hodiny.,Купи новые часы.,Купи новий годинник.
242,hrnek,сущ.,м.р.,hrnku,A1,Мебель и быт,кружка,горнятко; чашка,mug,,mug,https://loremflickr.com/640/480/mug,Dej mi hrnek čaje.,Дай мне кружку чая.,Дай мені горнятко чаю.,Ten hrnek je můj.,Эта кружка моя.,Це горнятко моє.
243,lampa,сущ.,ж.р.,lampy,A1,Мебель и быт,лампа,лампа,lamp,,lamp,https://loremflickr.com/640/480/lamp,Rozsviť lampu.,Включи лампу.,Увімкни лампу.,Lampa stojí u postele.,Лампа стоит у кровати.,Лампа стоїть біля ліжка.
244,láhev,сущ.,ж.р.,láhve,A1,Мебель и быт,бутылка,пляшка,bottle,,bottle,https://loremflickr.com/640/480/bottle,Kup láhev vody.,Купи бутылку воды.,Купи пляшку води.,Láhev je prázdná.,Бутылка пустая.,Пляшка порожня.
245,lednice,сущ.,ж.р.,lednice,A1,Мебель и быт,холодильник,холодильник,fridge,,fridge,https://loremflickr.com/640/480/fridge,Mléko je v lednici.,Молоко в холодильнике.,Молоко в холодильнику.,Lednice nefunguje.,Холодильник не работает.,Холодильник не працює.
246,lžíce,сущ.,ж.р.,lžíce,A1,Мебель и быт,ложка,ложка,spoon,,spoon,https://loremflickr.com/640/480/spoon,Potřebuji lžíci na polévku.,Мне нужна ложка для супа.,Мені потрібна ложка для супу.,Dej mi čistou lžíci.,Дай мне чистую ложку.,Дай мені чисту ложку.
247,mýdlo,сущ.,ср.р.,mýdla,A1,Мебель и быт,мыло,мило,soap,,soap,https://loremflickr.com/640/480/soap,Umyj si ruce mýdlem.,Помой руки с мылом.,Помий руки з милом.,Došlo nám mýdlo.,У нас закончилось мыло.,У нас закінчилося мило.
248,mýt,гл.,несов.,,A1,Мебель и быт,мыть,мити,to wash,,washing,https://loremflickr.com/640/480/washing,Myju nádobí.,Я мою посуду.,Я мию посуд.,Umyj si ruce.,Помой руки.,Помий руки.
249,nůž,сущ.,м.р.,nože,A1,Мебель и быт,нож,ніж,knife,,knife,https://loremflickr.com/640/480/knife,Podej mi nůž.,Подай мне нож.,Подай мені ніж.,Ten nůž není ostrý.,Этот нож не острый.,Цей ніж не гострий.
250,postel,сущ.,ж.р.,postele,A1,Мебель и быт,кровать,ліжко,bed,,bed,https://loremflickr.com/640/480/bed,Jdu do postele.,Я иду спать.,Я йду спати.,Postel je pohodlná.,Кровать удобная.,Ліжко зручне.
251,ručník,сущ.,м.р.,ručníku,A1,Мебель и быт,полотенце,рушник,towel,,towel,https://loremflickr.com/640/480/towel,Dej mi čistý ručník.,Дай мне чистое полотенце.,Дай мені чистий рушник.,Ručník visí v koupelně.,Полотенце висит в ванной.,Рушник висить у ванній.
252,sklenice,сущ.,ж.р.,sklenice,A1,Мебель и быт,стакан; банка,склянка; банка,glass; jar,,glass,https://loremflickr.com/640/480/glass,Dám si sklenici vody.,Я выпью стакан воды.,Я вип'ю склянку води.,Sklenice spadla na zem.,Стакан упал на пол.,Склянка впала на підлогу.
253,skříň,сущ.,ж.р.,skříně,A1,Мебель и быт,шкаф,шафа,wardrobe,,wardrobe,https://loremflickr.com/640/480/wardrobe,Oblečení mám ve skříni.,Одежда у меня в шкафу.,Одяг у мене в шафі.,Skříň je moc velká.,Шкаф слишком большой.,Шафа завелика.
254,stůl,сущ.,м.р.,stolu,A1,Мебель и быт,стол,стіл,table,,table,https://loremflickr.com/640/480/table,Kniha leží na stole.,Книга лежит на столе.,Книга лежить на столі.,Sedneme si ke stolu.,Сядем за стол.,Сядьмо за стіл.
255,talíř,сущ.,м.р.,talíře,A1,Мебель и быт,тарелка,тарілка,plate,,plate,https://loremflickr.com/640/480/plate,Dej talíře na stůl.,Поставь тарелки на стол.,Постав тарілки на стіл.,Talíř je špinavý.,Тарелка грязная.,Тарілка брудна.
256,televize,сущ.,ж.р.,televize,A1,Мебель и быт,телевизор; телевидение,телевізор,television; TV,,television,https://loremflickr.com/640/480/television,Dívám se na televizi.,Я смотрю телевизор.,Я дивлюся телевізор.,"Vypni televizi, prosím.","Выключи телевизор, пожалуйста.","Вимкни телевізор, будь ласка."
257,vařit,гл.,несов.,,A1,Мебель и быт,варить; готовить,варити; готувати,to cook; to boil,,cooking,https://loremflickr.com/640/480/cooking,Vařím večeři.,Я готовлю ужин.,Я готую вечерю.,Umíš vařit česká jídla?,Ты умеешь готовить чешские блюда?,Ти вмієш готувати чеські страви?
258,vidlička,сущ.,ж.р.,vidličky,A1,Мебель и быт,вилка,виделка,fork,,fork,https://loremflickr.com/640/480/fork,Jez vidličkou a nožem.,Ешь вилкой и ножом.,Їж виделкою й ножем.,Chybí mi vidlička.,Мне не хватает вилки.,Мені бракує виделки.
259,židle,сущ.,ж.р.,židle,A1,Мебель и быт,стул,стілець,chair,,chair,https://loremflickr.com/640/480/chair,Sedni si na židli.,Сядь на стул.,Сядь на стілець.,Židle je rozbitá.,Стул сломан.,Стілець зламаний.
260,kilo,сущ.,ср.р.,kila,A1,Меры и величины,килограмм,кілограм,kilogram,,"scales,weight","https://loremflickr.com/640/480/scales,weight",Kup kilo jablek.,Купи килограмм яблок.,Купи кілограм яблук.,Zhubl jsem tři kila.,Я похудел на три килограмма.,Я схуд на три кілограми.
261,kilometr,сущ.,м.р.,kilometru,A1,Меры и величины,километр,кілометр,kilometre,,,,Do centra je to pět kilometrů.,До центра пять километров.,До центру п'ять кілометрів.,Šli jsme deset kilometrů.,Мы прошли десять километров.,Ми пройшли десять кілометрів.
262,litr,сущ.,м.р.,litru,A1,Меры и величины,литр,літр,litre,,,,Kup litr mléka.,Купи литр молока.,Купи літр молока.,Piju dva litry vody denně.,Я пью два литра воды в день.,Я п'ю два літри води на день.
263,metr,сущ.,м.р.,metru,A1,Меры и величины,метр,метр,metre,,"tape,measure","https://loremflickr.com/640/480/tape,measure",Pokoj má dvacet metrů.,Комната двадцать метров.,Кімната двадцять метрів.,Je vysoký dva metry.,Он ростом два метра.,Він на зріст два метри.
264,já,мест.,,,A1,Местоимения,я,я,I,,,,Já jsem Viktor.,Я Виктор.,Я Віктор.,Já to nevím.,Я этого не знаю.,Я цього не знаю.
265,jeho,мест.,,,A1,Местоимения,его,його,his,,,,To je jeho auto.,Это его машина.,Це його машина.,Znám jeho bratra.,Я знаю его брата.,Я знаю його брата.
266,jejich,мест.,,,A1,Местоимения,их,їхній,their,,,,To je jejich dům.,Это их дом.,Це їхній будинок.,Jejich děti chodí do školy.,Их дети ходят в школу.,Їхні діти ходять до школи.
267,její,мест.,,,A1,Местоимения,её,її,her,,,,To je její kabelka.,Это её сумка.,Це її сумка.,Její maminka je učitelka.,Её мама — учительница.,Її мама — вчителька.
268,jiný,прил.,,,A1,Местоимения,другой,інший,other; different,,,,Chci jiný svetr.,Я хочу другой свитер.,Я хочу інший светр.,To je jiná otázka.,Это другой вопрос.,Це інше питання.
269,každý,мест.,,,A1,Местоимения,каждый,кожний,every; each,,,,Každý den chodím pěšky.,Каждый день я хожу пешком.,Щодня я ходжу пішки.,Každý to ví.,Каждый это знает.,Кожен це знає.
270,můj,мест.,,,A1,Местоимения,мой,мій,my,,,,To je můj byt.,Это моя квартира.,Це моя квартира.,Můj bratr žije v Brně.,Мой брат живёт в Брно.,Мій брат живе в Брні.
271,my,мест.,,,A1,Местоимения,мы,ми,we,,,,My jsme z Ukrajiny.,Мы из Украины.,Ми з України.,My tam nepůjdeme.,Мы туда не пойдём.,Ми туди не підемо.
272,náš,мест.,,,A1,Местоимения,наш,наш,our,,,,Náš dům je starý.,Наш дом старый.,Наш будинок старий.,To je naše auto.,Это наша машина.,Це наша машина.
273,něco,мест.,,,A1,Местоимения,что-то,щось,something,,,,Chceš něco k pití?,Хочешь что-нибудь выпить?,Хочеш щось випити?,Musím ti něco říct.,Мне нужно тебе кое-что сказать.,Мені треба тобі щось сказати.
274,někdo,мест.,,,A1,Местоимения,кто-то,хтось,somebody,,,,Někdo klepe na dveře.,Кто-то стучит в дверь.,Хтось стукає у двері.,Volal ti někdo.,Тебе кто-то звонил.,Тобі хтось телефонував.
275,nic,мест.,,,A1,Местоимения,ничего,нічого,nothing,,,,Nic nevím.,Я ничего не знаю.,Я нічого не знаю.,Nic se nestalo.,Ничего не случилось.,Нічого не сталося.
276,nikdo,мест.,,,A1,Местоимения,никто,ніхто,nobody,,,,Nikdo tady není.,Здесь никого нет.,Тут нікого немає.,Nikdo mi neodpověděl.,Мне никто не ответил.,Мені ніхто не відповів.
277,on,мест.,,,A1,Местоимения,он,він,he,,,,On je můj kolega.,Он мой коллега.,Він мій колега.,On tady nepracuje.,Он здесь не работает.,Він тут не працює.
278,ona,мест.,,,A1,Местоимения,она,вона,she,,,,Ona je z Prahy.,Она из Праги.,Вона з Праги.,Ona mluví česky výborně.,Она отлично говорит по-чешски.,Вона чудово говорить чеською.
279,oni,мест.,,,A1,Местоимения,они,вони,they,,,,Oni bydlí vedle nás.,Они живут рядом с нами.,Вони живуть поруч із нами.,Oni už odešli.,Они уже ушли.,Вони вже пішли.
280,ono,мест.,,,A1,Местоимения,оно,воно,it,,,,Ono to není tak jednoduché.,Это не так просто.,Це не так просто.,"To dítě, ono už spí.",Ребёнок — он уже спит.,Дитина — воно вже спить.
281,se,мест.,,,A1,Местоимения,себя; -ся,себе; -ся,oneself; -self,Возвратная частица,,,Myju se studenou vodou.,Я моюсь холодной водой.,Я миюся холодною водою.,Jak se máš?,Как дела?,Як справи?
282,si,мест.,,,A1,Местоимения,себе,собі,to oneself,,,,Dám si kávu.,Я выпью кофе.,Я вип'ю каву.,Koupil si nové auto.,Он купил себе новую машину.,Він купив собі нову машину.
283,ten,мест.,,,A1,Местоимения,тот; этот,той; цей,that; this,,,,Ten film byl dobrý.,Тот фильм был хороший.,Той фільм був гарний.,Znám toho člověka.,Я знаю того человека.,Я знаю ту людину.
284,tento,мест.,,,A1,Местоимения,этот,цей,this,,,,Tento byt se mi líbí.,Эта квартира мне нравится.,Ця квартира мені подобається.,Tato kniha je zajímavá.,Эта книга интересная.,Ця книга цікава.
285,to,мест.,,,A1,Местоимения,это,це,it; this,,,,To je moje sestra.,Это моя сестра.,Це моя сестра.,To nevadí.,Ничего страшного.,Нічого страшного.
286,tvůj,мест.,,,A1,Местоимения,твой,твій,your (sg.),,,,Je to tvůj telefon?,Это твой телефон?,Це твій телефон?,Tvoje sestra je milá.,Твоя сестра милая.,Твоя сестра мила.
287,ty,мест.,,,A1,Местоимения,ты,ти,you (sg.),,,,Ty jsi Čech?,Ты чех?,Ти чех?,Ty to nevíš?,Ты этого не знаешь?,Ти цього не знаєш?
288,váš,мест.,,,A1,Местоимения,ваш,ваш,your (pl./formal),,,,Je to váš kufr?,Это ваш чемодан?,Це ваша валіза?,Vaše čeština je dobrá.,Ваш чешский хороший.,Ваша чеська добра.
289,všechno,мест.,,,A1,Местоимения,всё,все,everything,,,,Všechno je v pořádku.,Всё в порядке.,Все гаразд.,Řekni mi všechno.,Расскажи мне всё.,Розкажи мені все.
290,všichni,мест.,,,A1,Местоимения,все,усі,everybody,,,,Všichni už jsou tady.,Все уже здесь.,Усі вже тут.,Všichni šli domů.,Все пошли домой.,Усі пішли додому.
291,vy,мест.,,,A1,Местоимения,вы,ви,you (pl./formal),,,,Vy jste pan Novák?,Вы господин Новак?,Ви пан Новак?,Vy mluvíte rusky?,Вы говорите по-русски?,Ви говорите російською?
292,čaj,сущ.,м.р.,čaje,A1,Напитки,чай,чай,tea,,tea,https://loremflickr.com/640/480/tea,Dám si čaj s citronem.,Я выпью чай с лимоном.,Я вип'ю чай з лимоном.,Čaj je ještě horký.,Чай ещё горячий.,Чай ще гарячий.
293,džus,сущ.,м.р.,džusu,A1,Напитки,сок,сік,juice,,juice,https://loremflickr.com/640/480/juice,Dej mi pomerančový džus.,Дай мне апельсиновый сок.,Дай мені апельсиновий сік.,Džus je bez cukru.,Сок без сахара.,Сік без цукру.
294,káva,сущ.,ж.р.,kávy,A1,Напитки,кофе,кава,coffee,,coffee,https://loremflickr.com/640/480/coffee,Dám si kávu s mlékem.,Я выпью кофе с молоком.,Я вип'ю каву з молоком.,Káva mi nechutná.,Кофе мне не нравится.,Кава мені не смакує.
295,limonáda,сущ.,ж.р.,limonády,A1,Напитки,лимонад; газировка,лимонад,lemonade; soft drink,,lemonade,https://loremflickr.com/640/480/lemonade,Děti pijí limonádu.,Дети пьют лимонад.,Діти п'ють лимонад.,Limonáda je moc sladká.,Лимонад слишком сладкий.,Лимонад надто солодкий.
296,minerálka,сущ.,ж.р.,minerálky,A1,Напитки,минеральная вода,мінералка,mineral water,,"water,bottle","https://loremflickr.com/640/480/water,bottle",Dám si minerálku.,Я возьму минералку.,Я візьму мінералку.,Minerálka je bez bublinek.,Минералка без газа.,Мінералка без газу.
297,pivo,сущ.,ср.р.,piva,A1,Напитки,пиво,пиво,beer,,beer,https://loremflickr.com/640/480/beer,Dám si jedno pivo.,Я возьму одно пиво.,Я візьму одне пиво.,České pivo je nejlepší.,Чешское пиво — лучшее.,Чеське пиво найкраще.
298,víno,сущ.,ср.р.,vína,A1,Напитки,вино,вино,wine,,wine,https://loremflickr.com/640/480/wine,Dáme si červené víno.,Мы возьмём красное вино.,Ми візьмемо червоне вино.,Víno je z Moravy.,Вино из Моравии.,Вино з Моравії.
299,voda,сущ.,ж.р.,vody,A1,Напитки,вода,вода,water,,water,https://loremflickr.com/640/480/water,Dej mi sklenici vody.,Дай мне стакан воды.,Дай мені склянку води.,Voda je studená.,Вода холодная.,Вода холодна.
300,asi,нареч.,,,A1,Наречия,наверное; примерно,мабуть; приблизно,probably; about,,,,Asi přijdu později.,"Наверное, я приду позже.","Мабуть, я прийду пізніше.",Je to asi kilometr.,Это примерно километр.,Це приблизно кілометр.
301,doma,нареч.,,,A1,Наречия,дома,вдома,at home,,,,Jsem doma.,Я дома.,Я вдома.,Zůstanu dnes doma.,Я останусь сегодня дома.,Я залишуся сьогодні вдома.
302,domů,нареч.,,,A1,Наречия,домой,додому,home (direction),,,,Jdu domů.,Я иду домой.,Я йду додому.,Kdy přijdeš domů?,Когда ты придёшь домой?,Коли ти прийдеш додому?
303,dost,нареч.,,,A1,Наречия,достаточно; довольно,досить,enough; quite,,,,To je dost.,Этого достаточно.,Цього досить.,Mám dost peněz.,У меня достаточно денег.,У мене досить грошей.
304,hodně,нареч.,,,A1,Наречия,много; очень,багато,a lot; much,,,,Mám hodně práce.,У меня много работы.,У мене багато роботи.,Hodně štěstí!,Удачи!,Щасти!
305,jenom,нареч.,,,A1,Наречия,только,тільки,only; just,,,,Mám jenom pět korun.,У меня только пять крон.,У мене лише п'ять крон.,Jenom se ptám.,Я просто спрашиваю.,Я просто питаю.
306,moc,нареч.,,,A1,Наречия,очень; слишком,дуже; занадто,very; too,Разговорное,,,Moc děkuji.,Большое спасибо.,Дуже дякую.,Je to moc drahé.,Это слишком дорого.,Це надто дорого.
307,pak,нареч.,,,A1,Наречия,потом; затем,потім,then; afterwards,,,,Nejdřív se najíme a pak půjdeme.,"Сначала поедим, потом пойдём.","Спершу поїмо, потім підемо.",A co bylo pak?,А что было потом?,А що було потім?
308,pomalu,нареч.,,,A1,Наречия,медленно,повільно,slowly,,,,Mluvte prosím pomalu.,"Говорите, пожалуйста, медленно.","Говоріть, будь ласка, повільно.",Jdi pomalu.,Иди медленно.,Іди повільно.
309,potom,нареч.,,,A1,Наречия,потом,потім,then; later,,,,Potom ti zavolám.,Потом я тебе позвоню.,Потім я тобі зателефоную.,"Nejdřív práce, potom zábava.","Сначала работа, потом развлечения.","Спершу робота, потім розваги."
310,rychle,нареч.,,,A1,Наречия,быстро,швидко,quickly; fast,,,,Mluvíš moc rychle.,Ты говоришь слишком быстро.,Ти говориш надто швидко.,Přijdu rychle.,Я приду быстро.,Я прийду швидко.
311,sem,нареч.,,,A1,Наречия,сюда,сюди,here (direction),,,,Pojď sem!,Иди сюда!,Іди сюди!,Dej to sem.,Положи это сюда.,Поклади це сюди.
312,tady,нареч.,,,A1,Наречия,здесь,тут,here,,,,Bydlím tady dva roky.,Я живу здесь два года.,Я живу тут два роки.,Tady je moje adresa.,Вот мой адрес.,Ось моя адреса.
313,také,нареч.,,,A1,Наречия,тоже; также,також,also; too,,,,Já také nevím.,Я тоже не знаю.,Я теж не знаю.,Přijde také Petr.,Придёт также Пётр.,Прийде також Петро.
314,taky,нареч.,,,A1,Наречия,тоже,теж,too; as well,Разговорное,,,Já taky.,Я тоже.,Я теж.,Taky nemám čas.,У меня тоже нет времени.,У мене теж немає часу.
315,tam,нареч.,,,A1,Наречия,там; туда,там; туди,there,,,,Byl jsem tam včera.,Я был там вчера.,Я був там учора.,Jdeme tam spolu.,Мы идём туда вместе.,Ми йдемо туди разом.
316,trochu,нареч.,,,A1,Наречия,немного,трохи,a little,,,,Mluvím trochu česky.,Я немного говорю по-чешски.,Я трохи говорю чеською.,Dej mi trochu vody.,Дай мне немного воды.,Дай мені трохи води.
317,velmi,нареч.,,,A1,Наречия,очень,дуже,very,,,,Jsem velmi rád.,Я очень рад.,Я дуже радий.,Je to velmi důležité.,Это очень важно.,Це дуже важливо.
318,chyba,сущ.,ж.р.,chyby,A1,Образование,ошибка,помилка,mistake; error,,mistake,https://loremflickr.com/640/480/mistake,Udělal jsem chybu.,Я сделал ошибку.,Я зробив помилку.,V textu je pár chyb.,В тексте несколько ошибок.,У тексті кілька помилок.
319,domácí úkol,сущ.,м.р.,domácího úkolu,A1,Образование,домашнее задание,домашнє завдання,homework,,homework,https://loremflickr.com/640/480/homework,Mám domácí úkol z češtiny.,У меня домашнее задание по чешскому.,У мене домашнє завдання з чеської.,Zapomněl jsem domácí úkol.,Я забыл домашнее задание.,Я забув домашнє завдання.
320,lekce,сущ.,ж.р.,lekce,A1,Образование,урок; занятие,урок; заняття,lesson; class,,"lesson,classroom","https://loremflickr.com/640/480/lesson,classroom",Máme lekci ve tři hodiny.,У нас занятие в три часа.,У нас заняття о третій.,Lekce trvá hodinu.,Занятие длится час.,Заняття триває годину.
321,papír,сущ.,м.р.,papíru,A1,Образование,бумага,папір,paper,,paper,https://loremflickr.com/640/480/paper,Dej mi kus papíru.,Дай мне лист бумаги.,Дай мені аркуш паперу.,Papír je na stole.,Бумага на столе.,Папір на столі.
322,pero,сущ.,ср.р.,pera,A1,Образование,ручка,ручка,pen,,pen,https://loremflickr.com/640/480/pen,Můžeš mi půjčit pero?,Можешь одолжить мне ручку?,Можеш позичити мені ручку?,Pero nepíše.,Ручка не пишет.,Ручка не пише.
323,prázdniny,сущ.,мн.ч.,prázdnin,A1,Образование,каникулы,канікули,holidays; school break,,"holiday,vacation","https://loremflickr.com/640/480/holiday,vacation",O prázdninách jedeme k moři.,На каникулах мы едем на море.,На канікулах ми їдемо на море.,Prázdniny začínají v červenci.,Каникулы начинаются в июле.,Канікули починаються в липні.
324,přestávka,сущ.,ж.р.,přestávky,A1,Образование,перемена; перерыв,перерва,break; recess,,"break,pause","https://loremflickr.com/640/480/break,pause",Máme deset minut přestávku.,У нас перерыв десять минут.,У нас перерва десять хвилин.,Po přestávce pokračujeme.,После перерыва продолжаем.,Після перерви продовжуємо.
325,sešit,сущ.,м.р.,sešitu,A1,Образование,тетрадь,зошит,notebook; exercise book,,notebook,https://loremflickr.com/640/480/notebook,Napiš to do sešitu.,Запиши это в тетрадь.,Запиши це в зошит.,Sešit mám v batohu.,Тетрадь у меня в рюкзаке.,Зошит у мене в рюкзаку.
326,správně,нареч.,,,A1,Образование,правильно,правильно,correctly,,,,Odpověděl jsi správně.,Ты ответил правильно.,Ти відповів правильно.,Řekl jsem to správně?,Я сказал это правильно?,Я сказав це правильно?
327,student,сущ.,м.р.,studenta,A1,Образование,студент,студент,student,,student,https://loremflickr.com/640/480/student,Jsem student.,Я студент.,Я студент.,Studenti mají slevu.,У студентов есть скидка.,Студенти мають знижку.
328,studovat,гл.,несов.,,A1,Образование,учиться; изучать,навчатися; вивчати,to study,,studying,https://loremflickr.com/640/480/studying,Studuji na univerzitě.,Я учусь в университете.,Я навчаюся в університеті.,Studuje medicínu.,Он изучает медицину.,Він вивчає медицину.
329,škola,сущ.,ж.р.,školy,A1,Образование,школа,школа,school,,school,https://loremflickr.com/640/480/school,Děti jdou do školy.,Дети идут в школу.,Діти йдуть до школи.,Škola začíná v osm.,Школа начинается в восемь.,Школа починається о восьмій.
330,test,сущ.,м.р.,testu,A1,Образование,тест,тест,test; exam,,"exam,test","https://loremflickr.com/640/480/exam,test",Zítra píšeme test.,Завтра мы пишем тест.,Завтра ми пишемо тест.,Test byl těžký.,Тест был трудный.,Тест був важкий.
331,třída,сущ.,ж.р.,třídy,A1,Образование,класс; проспект,клас; проспект,class; avenue,,classroom,https://loremflickr.com/640/480/classroom,V naší třídě je dvacet dětí.,В нашем классе двадцать детей.,У нашому класі двадцятеро дітей.,Bydlím na Vinohradské třídě.,Я живу на Виноградском проспекте.,Я живу на Виноградському проспекті.
332,tužka,сущ.,ж.р.,tužky,A1,Образование,карандаш,олівець,pencil,,pencil,https://loremflickr.com/640/480/pencil,Píšu tužkou.,Я пишу карандашом.,Я пишу олівцем.,Tužka je tupá.,Карандаш тупой.,Олівець тупий.
333,učebnice,сущ.,ж.р.,učebnice,A1,Образование,учебник,підручник,textbook,,textbook,https://loremflickr.com/640/480/textbook,Otevřete učebnici na straně deset.,Откройте учебник на странице десять.,Відкрийте підручник на сторінці десять.,Učebnice češtiny je drahá.,Учебник чешского дорогой.,Підручник чеської дорогий.
334,učit,гл.,несов.,,A1,Образование,учить; преподавать,навчати; викладати,to teach,,"teacher,teaching","https://loremflickr.com/640/480/teacher,teaching",Učím děti angličtinu.,Я учу детей английскому.,Я вчу дітей англійської.,Kdo tě učí česky?,Кто учит тебя чешскому?,Хто вчить тебе чеської?
335,učit se,гл.,несов.,,A1,Образование,учиться,вчитися,to learn; to study,,learning,https://loremflickr.com/640/480/learning,Učím se česky rok.,Я учу чешский год.,Я вчу чеську рік.,Musím se učit na test.,Мне нужно готовиться к тесту.,Мені треба вчитися до тесту.
336,univerzita,сущ.,ж.р.,univerzity,A1,Образование,университет,університет,university,,university,https://loremflickr.com/640/480/university,Studuji na univerzitě.,Я учусь в университете.,Я навчаюся в університеті.,Univerzita je v centru.,Университет в центре.,Університет у центрі.
337,zapomenout,гл.,сов.,,A1,Образование,забыть,забути,to forget,,,,Zapomněl jsem heslo.,Я забыл пароль.,Я забув пароль.,Nezapomeň na schůzku.,Не забудь про встречу.,Не забудь про зустріч.
338,dopis,сущ.,м.р.,dopisu,A1,Общение и речь,письмо,лист,letter,,"letter,mail","https://loremflickr.com/640/480/letter,mail",Napsal jsem dopis babičce.,Я написал письмо бабушке.,Я написав листа бабусі.,Přišel mi dopis z úřadu.,Мне пришло письмо из учреждения.,Мені прийшов лист з установи.
339,jazyk,сущ.,м.р.,jazyka,A1,Общение и речь,язык,мова; язик,language; tongue,,language,https://loremflickr.com/640/480/language,Čeština je krásný jazyk.,Чешский — красивый язык.,Чеська — красива мова.,Učím se cizí jazyk.,Я учу иностранный язык.,Я вчу іноземну мову.
340,mluvit,гл.,несов.,,A1,Общение и речь,говорить,говорити,to speak; to talk,,speaking,https://loremflickr.com/640/480/speaking,Mluvím rusky a ukrajinsky.,Я говорю по-русски и по-украински.,Я говорю російською й українською.,"Mluvíte pomalu, prosím.","Говорите медленно, пожалуйста.","Говоріть повільно, будь ласка."
341,napsat,гл.,сов.,,A1,Общение и речь,написать,написати,to write,,,,Napsal jsem ti zprávu.,Я написал тебе сообщение.,Я написав тобі повідомлення.,"Napiš mi, až přijdeš.","Напиши мне, когда придёшь.","Напиши мені, коли прийдеш."
342,odpověď,сущ.,ж.р.,odpovědi,A1,Общение и речь,ответ,відповідь,answer; reply,,,,Čekám na odpověď.,Я жду ответа.,Я чекаю на відповідь.,Tvoje odpověď byla správná.,Твой ответ был правильным.,Твоя відповідь була правильна.
343,odpovídat,гл.,несов.,,A1,Общение и речь,отвечать,відповідати,to answer; to reply,,,,Odpovídám na e-maily.,Я отвечаю на письма.,Я відповідаю на листи.,Neodpovídá mi na zprávy.,Он не отвечает на мои сообщения.,Він не відповідає на мої повідомлення.
344,opakovat,гл.,несов.,,A1,Общение и речь,повторять,повторювати,to repeat,,,,Opakuji to každý den.,Я повторяю это каждый день.,Я повторюю це щодня.,Můžete to opakovat?,Можете повторить?,Можете повторити?
345,otázka,сущ.,ж.р.,otázky,A1,Общение и речь,вопрос,питання,question,,"question,questionmark","https://loremflickr.com/640/480/question,questionmark",Mám jednu otázku.,У меня один вопрос.,У мене одне питання.,To je dobrá otázka.,Это хороший вопрос.,Це гарне питання.
346,poslouchat,гл.,несов.,,A1,Общение и речь,слушать,слухати,to listen,,listening,https://loremflickr.com/640/480/listening,Poslouchám hudbu.,Я слушаю музыку.,Я слухаю музику.,"Poslouchej mě, prosím.","Послушай меня, пожалуйста.","Послухай мене, будь ласка."
347,pravda,сущ.,ж.р.,pravdy,A1,Общение и речь,правда,правда,truth,,,,Máš pravdu.,Ты прав.,Ти маєш рацію.,To není pravda.,Это неправда.,Це неправда.
348,představit se,гл.,сов.,,A1,Общение и речь,представиться,представитися,to introduce oneself,,,,Můžu se představit?,Можно представиться?,Можна представитися?,Představil jsem se šéfovi.,Я представился начальнику.,Я представився начальнику.
349,ptát se,гл.,несов.,,A1,Общение и речь,спрашивать,запитувати,to ask,,,,Ptám se na cestu.,Я спрашиваю дорогу.,Я питаю дорогу.,Zeptej se prodavače.,Спроси у продавца.,Запитай у продавця.
350,rozumět,гл.,несов.,,A1,Общение и речь,понимать,розуміти,to understand,,,,Nerozumím vám.,Я вас не понимаю.,Я вас не розумію.,Rozumíš česky?,Ты понимаешь по-чешски?,Ти розумієш чеською?
351,říct,гл.,сов.,,A1,Общение и речь,сказать,сказати,to say; to tell,,,,Co jsi řekl?,Что ты сказал?,Що ти сказав?,Řekni mi pravdu.,Скажи мне правду.,Скажи мені правду.
352,říkat,гл.,несов.,,A1,Общение и речь,говорить; называть,казати,to say; to call,,,,Co tomu říkáš?,Что ты на это скажешь?,Що ти на це скажеш?,Jak se tomu říká česky?,Как это называется по-чешски?,Як це називається чеською?
353,slovo,сущ.,ср.р.,slova,A1,Общение и речь,слово,слово,word,,word,https://loremflickr.com/640/480/word,Neznám to slovo.,Я не знаю это слово.,Я не знаю цього слова.,Napiš pět nových slov.,Напиши пять новых слов.,Напиши п'ять нових слів.
354,slyšet,гл.,несов.,,A1,Общение и речь,слышать,чути,to hear,,,,Slyším tě dobře.,Я тебя хорошо слышу.,Я тебе добре чую.,"Neslyšel jsem, co jsi řekl.","Я не расслышал, что ты сказал.","Я не розчув, що ти сказав."
355,telefonovat,гл.,несов.,,A1,Общение и речь,звонить по телефону,телефонувати,to phone; to call,,"phone,call","https://loremflickr.com/640/480/phone,call",Telefonuji mamince.,Я звоню маме.,Я телефоную мамі.,Netelefonuj mi v noci.,Не звони мне ночью.,Не телефонуй мені вночі.
356,věta,сущ.,ж.р.,věty,A1,Общение и речь,предложение (фраза),речення,sentence,,,,Napiš celou větu.,Напиши целое предложение.,Напиши ціле речення.,Ta věta je gramaticky správně.,Это предложение грамматически верно.,Це речення граматично правильне.
357,zavolat,гл.,сов.,,A1,Общение и речь,позвонить; позвать,подзвонити; покликати,to call; to phone,,,,Zavolám ti večer.,Я позвоню тебе вечером.,Я зателефоную тобі ввечері.,Zavolejte policii!,Вызовите полицию!,Викличте поліцію!
358,zpráva,сущ.,ж.р.,zprávy,A1,Общение и речь,сообщение; новость,повідомлення; новина,message; news,,news,https://loremflickr.com/640/480/news,Poslal jsem ti zprávu.,Я отправил тебе сообщение.,Я надіслав тобі повідомлення.,Mám dobrou zprávu.,У меня хорошая новость.,У мене гарна новина.
359,boty,сущ.,мн.ч.,bot,A1,Одежда,обувь; ботинки,взуття; черевики,shoes,,shoes,https://loremflickr.com/640/480/shoes,Kup si nové boty.,Купи себе новые ботинки.,Купи собі нові черевики.,Boty jsou mi malé.,Обувь мне мала.,Взуття мені замале.
360,bunda,сущ.,ж.р.,bundy,A1,Одежда,куртка,куртка,jacket,,jacket,https://loremflickr.com/640/480/jacket,"Vezmi si bundu, je zima.","Надень куртку, холодно.","Одягни куртку, холодно.",Bunda visí v předsíni.,Куртка висит в прихожей.,Куртка висить у передпокої.
361,čepice,сущ.,ж.р.,čepice,A1,Одежда,шапка,шапка,cap; hat,,"cap,hat","https://loremflickr.com/640/480/cap,hat",V zimě nosím čepici.,Зимой я ношу шапку.,Взимку я ношу шапку.,Kde mám čepici?,Где моя шапка?,Де моя шапка?
362,džíny,сущ.,мн.ч.,džín,A1,Одежда,джинсы,джинси,jeans,,jeans,https://loremflickr.com/640/480/jeans,Nosím džíny každý den.,Я ношу джинсы каждый день.,Я ношу джинси щодня.,Ty džíny jsou nové.,Эти джинсы новые.,Ці джинси нові.
363,kabát,сущ.,м.р.,kabátu,A1,Одежда,пальто,пальто,coat,,coat,https://loremflickr.com/640/480/coat,"Venku je zima, vezmi si kabát.","На улице холодно, надень пальто.","Надворі холодно, одягни пальто.",Kabát je moc drahý.,Пальто слишком дорогое.,Пальто надто дороге.
364,kalhoty,сущ.,мн.ч.,kalhot,A1,Одежда,брюки,штани,trousers; pants,,trousers,https://loremflickr.com/640/480/trousers,Potřebuji nové kalhoty.,Мне нужны новые брюки.,Мені потрібні нові штани.,Kalhoty jsou dlouhé.,Брюки длинные.,Штани довгі.
365,košile,сущ.,ж.р.,košile,A1,Одежда,рубашка,сорочка,shirt,,shirt,https://loremflickr.com/640/480/shirt,Do práce nosím košili.,На работу я ношу рубашку.,На роботу я ношу сорочку.,Košile je bílá.,Рубашка белая.,Сорочка біла.
366,nosit,гл.,несов.,,A1,Одежда,носить,носити,to wear; to carry,,,,Nosím brýle.,Я ношу очки.,Я ношу окуляри.,Co nosíš do práce?,Что ты носишь на работу?,Що ти носиш на роботу?
367,oblečení,сущ.,ср.р.,oblečení,A1,Одежда,одежда,одяг,clothes,,clothes,https://loremflickr.com/640/480/clothes,Kupuju oblečení online.,Я покупаю одежду онлайн.,Я купую одяг онлайн.,Oblečení je v skříni.,Одежда в шкафу.,Одяг у шафі.
368,ponožky,сущ.,мн.ч.,ponožek,A1,Одежда,носки,шкарпетки,socks,,socks,https://loremflickr.com/640/480/socks,Kup mi ponožky.,Купи мне носки.,Купи мені шкарпетки.,Mám mokré ponožky.,У меня мокрые носки.,У мене мокрі шкарпетки.
369,sukně,сущ.,ж.р.,sukně,A1,Одежда,юбка,спідниця,skirt,,skirt,https://loremflickr.com/640/480/skirt,Má na sobě dlouhou sukni.,На ней длинная юбка.,На ній довга спідниця.,Sukně se mi líbí.,Юбка мне нравится.,Спідниця мені подобається.
370,svetr,сущ.,м.р.,svetru,A1,Одежда,свитер,светр,sweater; jumper,,sweater,https://loremflickr.com/640/480/sweater,Vezmi si teplý svetr.,Надень тёплый свитер.,Одягни теплий светр.,Svetr je z vlny.,Свитер из шерсти.,Светр із вовни.
371,šaty,сущ.,мн.ч.,šatů,A1,Одежда,платье,сукня,dress,,dress,https://loremflickr.com/640/480/dress,Koupila si nové šaty.,Она купила новое платье.,Вона купила нову сукню.,Ty šaty jsou krásné.,Это платье красивое.,Ця сукня гарна.
372,tričko,сущ.,ср.р.,trička,A1,Одежда,футболка,футболка,T-shirt,,tshirt,https://loremflickr.com/640/480/tshirt,V létě nosím tričko.,Летом я ношу футболку.,Влітку я ношу футболку.,Tričko je špinavé.,Футболка грязная.,Футболка брудна.
373,déšť,сущ.,м.р.,deště,A1,Погода,дождь,дощ,rain,,rain,https://loremflickr.com/640/480/rain,Venku je déšť.,На улице дождь.,Надворі дощ.,Po dešti je čerstvý vzduch.,После дождя свежий воздух.,Після дощу свіже повітря.
374,horko,сущ.,ср.р.,horka,A1,Погода,жара,спека,heat,,"heat,sun","https://loremflickr.com/640/480/heat,sun",V létě je tady horko.,Летом здесь жарко.,Влітку тут спекотно.,Nesnáším horko.,Я не выношу жару.,Я не зношу спеку.
375,počasí,сущ.,ср.р.,počasí,A1,Погода,погода,погода,weather,,weather,https://loremflickr.com/640/480/weather,Jaké je dnes počasí?,Какая сегодня погода?,Яка сьогодні погода?,Počasí se zlepšilo.,Погода улучшилась.,Погода покращилася.
376,pršet,гл.,несов.,,A1,Погода,идти (о дожде),дощити,to rain,,rain,https://loremflickr.com/640/480/rain,Venku prší.,На улице идёт дождь.,Надворі йде дощ.,Včera pršelo celý den.,Вчера весь день шёл дождь.,Учора весь день ішов дощ.
377,slunce,сущ.,ср.р.,slunce,A1,Погода,солнце,сонце,sun,,sun,https://loremflickr.com/640/480/sun,Svítí slunce.,Светит солнце.,Світить сонце.,Sedíme na slunci.,Мы сидим на солнце.,Ми сидимо на сонці.
378,sníh,сущ.,м.р.,sněhu,A1,Погода,снег,сніг,snow,,snow,https://loremflickr.com/640/480/snow,Venku je hodně sněhu.,На улице много снега.,Надворі багато снігу.,Sníh už roztál.,Снег уже растаял.,Сніг уже розтанув.
379,teplo,сущ.,ср.р.,tepla,A1,Погода,тепло,тепло,warmth; warm,,"warm,sun","https://loremflickr.com/640/480/warm,sun",Dnes je teplo.,Сегодня тепло.,Сьогодні тепло.,Je mi teplo.,Мне тепло.,Мені тепло.
380,vítr,сущ.,м.р.,větru,A1,Погода,ветер,вітер,wind,,wind,https://loremflickr.com/640/480/wind,Fouká silný vítr.,Дует сильный ветер.,Дме сильний вітер.,Vítr je studený.,Ветер холодный.,Вітер холодний.
381,banka,сущ.,ж.р.,banky,A1,Покупки и деньги,банк,банк,bank,,bank,https://loremflickr.com/640/480/bank,Musím jít do banky.,Мне нужно в банк.,Мені треба в банк.,Banka je otevřená do pěti.,Банк открыт до пяти.,Банк відчинений до п'ятої.
382,bankomat,сущ.,м.р.,bankomatu,A1,Покупки и деньги,банкомат,банкомат,ATM; cash machine,,atm,https://loremflickr.com/640/480/atm,Kde je nejbližší bankomat?,Где ближайший банкомат?,Де найближчий банкомат?,Vybírám peníze z bankomatu.,Я снимаю деньги в банкомате.,Я знімаю гроші в банкоматі.
383,cena,сущ.,ж.р.,ceny,A1,Покупки и деньги,цена,ціна,price,,"price,tag","https://loremflickr.com/640/480/price,tag",Jaká je cena?,Какая цена?,Яка ціна?,Ceny stále rostou.,Цены всё время растут.,Ціни постійно зростають.
384,drahý,прил.,,,A1,Покупки и деньги,дорогой,дорогий,expensive,,expensive,https://loremflickr.com/640/480/expensive,Ten byt je moc drahý.,Эта квартира слишком дорогая.,Ця квартира надто дорога.,Praha je drahé město.,Прага — дорогой город.,Прага — дороге місто.
385,karta,сущ.,ж.р.,karty,A1,Покупки и деньги,карта,картка,card,,"credit,card","https://loremflickr.com/640/480/credit,card",Platím kartou.,Я плачу картой.,Я плачу карткою.,Karta mi nefunguje.,У меня не работает карта.,У мене не працює картка.
386,koruna,сущ.,ж.р.,koruny,A1,Покупки и деньги,крона,крона,crown (Czech currency),,"koruna,money","https://loremflickr.com/640/480/koruna,money",Stojí to sto korun.,Это стоит сто крон.,Це коштує сто крон.,Nemám ani korunu.,У меня нет ни кроны.,У мене немає ні крони.
387,koupit,гл.,сов.,,A1,Покупки и деньги,купить,купити,to buy,,"shopping,buying","https://loremflickr.com/640/480/shopping,buying",Koupil jsem si nový telefon.,Я купил себе новый телефон.,Я купив собі новий телефон.,Kup prosím chleba.,"Купи, пожалуйста, хлеб.","Купи, будь ласка, хліб."
388,levný,прил.,,,A1,Покупки и деньги,дешёвый,дешевий,cheap,,cheap,https://loremflickr.com/640/480/cheap,Tohle je levné.,Это дёшево.,Це дешево.,Hledám levný byt.,Я ищу дешёвую квартиру.,Я шукаю дешеву квартиру.
389,lékárna,сущ.,ж.р.,lékárny,A1,Покупки и деньги,аптека,аптека,pharmacy; chemist's,,pharmacy,https://loremflickr.com/640/480/pharmacy,Musím do lékárny pro léky.,Мне нужно в аптеку за лекарствами.,Мені треба в аптеку по ліки.,Lékárna je vedle metra.,Аптека рядом с метро.,Аптека поруч із метро.
390,nakupovat,гл.,несов.,,A1,Покупки и деньги,делать покупки,купувати,to shop; to go shopping,,shopping,https://loremflickr.com/640/480/shopping,Nakupuji v supermarketu.,Я делаю покупки в супермаркете.,Я купую в супермаркеті.,Nakupuji jednou týdně.,Я делаю покупки раз в неделю.,Я купую раз на тиждень.
391,nákup,сущ.,м.р.,nákupu,A1,Покупки и деньги,покупка,покупка,shopping; purchase,,shopping,https://loremflickr.com/640/480/shopping,Jdu na nákup.,Я иду за покупками.,Я йду по покупки.,Nákup stál pět set korun.,Покупка стоила пятьсот крон.,Покупка коштувала п'ятсот крон.
392,obchod,сущ.,м.р.,obchodu,A1,Покупки и деньги,магазин; торговля,магазин; торгівля,shop; store; trade,,shop,https://loremflickr.com/640/480/shop,Obchod je zavřený.,Магазин закрыт.,Магазин зачинений.,V tom obchodě mají levné ovoce.,В том магазине дешёвые фрукты.,У тому магазині дешеві фрукти.
393,peníze,сущ.,мн.ч.,peněz,A1,Покупки и деньги,деньги,гроші,money,,money,https://loremflickr.com/640/480/money,Nemám peníze.,У меня нет денег.,У мене немає грошей.,Kolik peněz potřebuješ?,Сколько денег тебе нужно?,Скільки грошей тобі потрібно?
394,pokladna,сущ.,ж.р.,pokladny,A1,Покупки и деньги,касса,каса,checkout; cash desk,,"checkout,cashier","https://loremflickr.com/640/480/checkout,cashier",Zaplaťte u pokladny.,Оплатите на кассе.,Оплатіть на касі.,U pokladny je fronta.,У кассы очередь.,Біля каси черга.
395,prodavač,сущ.,м.р.,prodavače,A1,Покупки и деньги,продавец,продавець,shop assistant,,"cashier,shop","https://loremflickr.com/640/480/cashier,shop",Zeptej se prodavače.,Спроси у продавца.,Запитай у продавця.,Prodavačka byla milá.,Продавщица была приветливая.,Продавчиня була привітна.
396,supermarket,сущ.,м.р.,supermarketu,A1,Покупки и деньги,супермаркет,супермаркет,supermarket,,supermarket,https://loremflickr.com/640/480/supermarket,Jdu do supermarketu.,Я иду в супермаркет.,Я йду в супермаркет.,V supermarketu mají slevy.,В супермаркете скидки.,У супермаркеті знижки.
397,taška,сущ.,ж.р.,tašky,A1,Покупки и деньги,сумка; пакет,сумка; пакет,bag,,bag,https://loremflickr.com/640/480/bag,Potřebuji tašku.,Мне нужен пакет.,Мені потрібен пакет.,Taška je těžká.,Сумка тяжёлая.,Сумка важка.
398,zaplatit,гл.,сов.,,A1,Покупки и деньги,заплатить,заплатити,to pay,,"payment,paying","https://loremflickr.com/640/480/payment,paying",Zaplatím kartou.,Я заплачу картой.,Я заплачу карткою.,Zaplatil jsi už?,Ты уже заплатил?,Ти вже заплатив?
399,Co to znamená?,фраза,,,A1,Полезные фразы,Что это значит?,Що це означає?,,,,,Co to znamená?,Что это значит?,Що це означає?,"Nevím, co to znamená.","Я не знаю, что это значит.","Я не знаю, що це означає."
400,Dobrou chuť,фраза,,,A1,Полезные фразы,Приятного аппетита,Смачного,,,,,Dobrou chuť!,Приятного аппетита!,Смачного!,"Děkuji, dobrou chuť i vám.","Спасибо, и вам приятного аппетита.","Дякую, і вам смачного."
401,Jak se jmenuješ?,фраза,,,A1,Полезные фразы,Как тебя зовут?,Як тебе звати?,,,,,Jak se jmenuješ?,Как тебя зовут?,Як тебе звати?,Jmenuji se Viktor. A ty?,Меня зовут Виктор. А тебя?,Мене звати Віктор. А тебе?
402,Kde je...?,фраза,,,A1,Полезные фразы,Где находится...?,Де знаходиться...?,,,,,Kde je nádraží?,Где вокзал?,Де вокзал?,Kde je tady lékárna?,Где здесь аптека?,Де тут аптека?
403,Kolik to stojí?,фраза,,,A1,Полезные фразы,Сколько это стоит?,Скільки це коштує?,,,,,Kolik to stojí?,Сколько это стоит?,Скільки це коштує?,Kolik stojí jízdenka?,Сколько стоит билет?,Скільки коштує квиток?
404,Mám se dobře,фраза,,,A1,Полезные фразы,У меня всё хорошо,У мене все добре,,,,,"Mám se dobře, děkuji.","У меня всё хорошо, спасибо.","У мене все добре, дякую.","Mám se dobře, a ty?","У меня всё хорошо, а у тебя?","У мене все добре, а в тебе?"
405,Mluvíte anglicky?,фраза,,,A1,Полезные фразы,Вы говорите по-английски?,Ви говорите англійською?,,,,,Mluvíte anglicky?,Вы говорите по-английски?,Ви говорите англійською?,Bohužel nemluvím anglicky.,"К сожалению, я не говорю по-английски.","На жаль, я не говорю англійською."
406,Mluvte prosím pomaleji,фраза,,,A1,Полезные фразы,"Говорите, пожалуйста, медленнее","Говоріть, будь ласка, повільніше",,,,,Mluvte prosím pomaleji.,"Говорите, пожалуйста, медленнее.","Говоріть, будь ласка, повільніше.","Nerozumím, mluvte pomaleji.","Я не понимаю, говорите медленнее.","Я не розумію, говоріть повільніше."
407,Můžete to zopakovat?,фраза,,,A1,Полезные фразы,Можете повторить?,Можете повторити?,,,,,Můžete to zopakovat?,Можете повторить?,Можете повторити?,"Promiňte, můžete to zopakovat?","Извините, можете повторить?","Вибачте, можете повторити?"
408,Nemám čas,фраза,,,A1,Полезные фразы,У меня нет времени,У мене немає часу,,,,,"Nemám čas, promiň.","У меня нет времени, извини.","Я не маю часу, вибач.",Dnes nemám čas.,Сегодня у меня нет времени.,Сьогодні я не маю часу.
409,Nerozumím,фраза,,,A1,Полезные фразы,Я не понимаю,Я не розумію,,,,,"Nerozumím, promiňte.","Я не понимаю, извините.","Я не розумію, вибачте.",Nerozumím tomu slovu.,Я не понимаю это слово.,Я не розумію цього слова.
410,Odkud jsi?,фраза,,,A1,Полезные фразы,Откуда ты?,Звідки ти?,,,,,Odkud jsi?,Откуда ты?,Звідки ти?,Jsem z Ukrajiny. A ty odkud jsi?,Я из Украины. А ты откуда?,Я з України. А ти звідки?
411,Potřebuji pomoc,фраза,,,A1,Полезные фразы,Мне нужна помощь,Мені потрібна допомога,,,,,Potřebuji pomoc.,Мне нужна помощь.,Мені потрібна допомога.,Potřebuji pomoc s formulářem.,Мне нужна помощь с анкетой.,Мені потрібна допомога з анкетою.
412,Zaplatím kartou,фраза,,,A1,Полезные фразы,Я заплачу картой,Я заплачу карткою,,,,,"Zaplatím kartou, prosím.","Я заплачу картой, пожалуйста.","Я заплачу карткою, будь ласка.",Můžu zaplatit kartou?,Можно заплатить картой?,Чи можу заплатити карткою?
413,Zaplatíme,фраза,,,A1,Полезные фразы,"Счёт, пожалуйста","Рахунок, будь ласка",,,,,"Zaplatíme, prosím.","Счёт, пожалуйста.","Рахунок, будь ласка.",Zaplatíme zvlášť.,Заплатим раздельно.,Заплатимо окремо.
414,dárek,сущ.,м.р.,dárku,A1,Праздники,подарок,подарунок,present; gift,,gift,https://loremflickr.com/640/480/gift,Koupil jsem ti dárek.,Я купил тебе подарок.,Я купив тобі подарунок.,Dárek je pod stromečkem.,Подарок под ёлкой.,Подарунок під ялинкою.
415,Vánoce,сущ.,мн.ч.,Vánoc,A1,Праздники,Рождество,Різдво,Christmas,,christmas,https://loremflickr.com/640/480/christmas,Vánoce trávím s rodinou.,Рождество я провожу с семьёй.,Різдво я проводжу з родиною.,Veselé Vánoce!,С Рождеством!,Веселого Різдва!
416,bez,предл.,,,A1,Предлоги,без,без,without,,,,Piju kávu bez cukru.,Я пью кофе без сахара.,Я п'ю каву без цукру.,Bez tebe to nezvládnu.,Без тебя я не справлюсь.,Без тебе я не впораюся.
417,do,предл.,,,A1,Предлоги,в (куда); до,до,to; into; until,,,,Jdu do obchodu.,Я иду в магазин.,Я йду в магазин.,Čekám do pěti hodin.,Я жду до пяти часов.,Я чекаю до п'ятої години.
418,k,предл.,,,A1,Предлоги,к,до; к,to; towards,,,,Jdu k lékaři.,Я иду к врачу.,Я йду до лікаря.,Přijď ke mně.,Приходи ко мне.,Приходь до мене.
419,na,предл.,,,A1,Предлоги,на,на,on; onto,,,,Kniha je na stole.,Книга на столе.,Книга на столі.,Jdu na poštu.,Я иду на почту.,Я йду на пошту.
420,o,предл.,,,A1,Предлоги,о; об,про,about,,,,Mluvíme o práci.,Мы говорим о работе.,Ми говоримо про роботу.,Je to film o lásce.,Это фильм о любви.,Це фільм про кохання.
421,od,предл.,,,A1,Предлоги,от,від,from,,,,Dostal jsem dopis od banky.,Я получил письмо от банка.,Я отримав лист від банку.,Bydlím tu od ledna.,Я живу здесь с января.,Я живу тут із січня.
422,po,предл.,,,A1,Предлоги,после; по,після; по,after; along,,,,Po práci jdu domů.,После работы я иду домой.,Після роботи я йду додому.,Chodím po městě.,Я хожу по городу.,Я ходжу по місту.
423,pro,предл.,,,A1,Предлоги,для,для,for,,,,Je to dárek pro tebe.,Это подарок для тебя.,Це подарунок для тебе.,Dělám to pro rodinu.,Я делаю это для семьи.,Я роблю це для родини.
424,před,предл.,,,A1,Предлоги,перед; тому назад,перед; тому,in front of; ago,,,,Sejdeme se před kinem.,Встретимся перед кинотеатром.,Зустрінемося перед кінотеатром.,Přijel jsem před rokem.,Я приехал год назад.,Я приїхав рік тому.
425,s,предл.,,,A1,Предлоги,с,з,with,,,,Jdu tam s kamarádem.,Я иду туда с другом.,Я йду туди з другом.,"Kávu s mlékem, prosím.","Кофе с молоком, пожалуйста.","Каву з молоком, будь ласка."
426,u,предл.,,,A1,Предлоги,у; возле,біля,at; near,,,,Sejdeme se u metra.,Встретимся у метро.,Зустрінемося біля метро.,Byl jsem u lékaře.,Я был у врача.,Я був у лікаря.
427,v,предл.,,,A1,Предлоги,в,у; в,in,,,,Bydlím v Praze.,Я живу в Праге.,Я живу в Празі.,Peníze mám v tašce.,Деньги у меня в сумке.,Гроші в мене в сумці.
428,z,предл.,,,A1,Предлоги,из; с,з,from; out of,,,,Jdu z práce.,Я иду с работы.,Я йду з роботи.,Jsem z Ukrajiny.,Я из Украины.,Я з України.
429,za,предл.,,,A1,Предлоги,за,за,behind; in,,,,Auto stojí za domem.,Машина стоит за домом.,Машина стоїть за будинком.,Přijdu za hodinu.,Я приду через час.,Я прийду за годину.
430,ahoj,межд.,,,A1,Приветствия и вежливость,привет; пока,привіт; бувай,hi; bye,"Неформальное, и при встрече, и при прощании",,,"Ahoj, jak se máš?","Привет, как дела?","Привіт, як справи?","Ahoj, zítra se uvidíme.","Пока, увидимся завтра.","Бувай, побачимося завтра."
431,čau,межд.,,,A1,Приветствия и вежливость,пока; привет,па; привіт,hi; bye,Разговорное,,,"Čau, jak je?","Привет, как оно?","Привіт, як воно?","Čau, měj se!","Пока, всего хорошего!","Бувай, тримайся!"
432,děkuji,гл.,несов.,,A1,Приветствия и вежливость,спасибо; благодарю,дякую,thank you,,,,Děkuji za pomoc.,Спасибо за помощь.,Дякую за допомогу.,Moc vám děkuji.,Большое вам спасибо.,Дуже вам дякую.
433,díky,межд.,,,A1,Приветствия и вежливость,спасибо,дякую,thanks,Разговорное,,,Díky za všechno.,Спасибо за всё.,Дякую за все.,"Díky, jsi zlatý.","Спасибо, ты золото.","Дякую, ти золото."
434,dobré ráno,фраза,,,A1,Приветствия и вежливость,доброе утро,доброго ранку,,,,,"Dobré ráno, jak jsi spal?","Доброе утро, как спалось?","Доброго ранку, як спалося?","Dobré ráno, tady je vaše káva.","Доброе утро, вот ваш кофе.","Доброго ранку, ось ваша кава."
435,dobrou noc,фраза,,,A1,Приветствия и вежливость,спокойной ночи,надобраніч,,,,,"Dobrou noc, spi dobře.","Спокойной ночи, спи хорошо.","Надобраніч, спи добре.","Už jdu spát, dobrou noc.","Я уже иду спать, спокойной ночи.","Я вже йду спати, надобраніч."
436,dobrý den,фраза,,,A1,Приветствия и вежливость,добрый день; здравствуйте,добрий день; вітаю,,Универсальное вежливое приветствие,,,"Dobrý den, potřebuji pomoc.","Здравствуйте, мне нужна помощь.","Добрий день, мені потрібна допомога.","Dobrý den, máte volný stůl?","Здравствуйте, у вас есть свободный столик?","Добрий день, у вас є вільний столик?"
437,dobrý večer,фраза,,,A1,Приветствия и вежливость,добрый вечер,добрий вечір,,,,,"Dobrý večer, vítejte.","Добрый вечер, добро пожаловать.","Добрий вечір, ласкаво просимо.","Dobrý večer, jak se máte?","Добрый вечер, как вы?","Добрий вечір, як ви?"
438,jak se máš,фраза,,,A1,Приветствия и вежливость,как дела,як справи,,,,,"Ahoj, jak se máš?","Привет, как дела?","Привіт, як справи?",Jak se máš po nemoci?,Как ты после болезни?,Як ти після хвороби?
439,jak se máte,фраза,,,A1,Приветствия и вежливость,как у вас дела,як у вас справи,,,,,"Dobrý den, jak se máte?","Здравствуйте, как у вас дела?","Добрий день, як у вас справи?",Jak se máte v nové práci?,Как у вас дела на новой работе?,Як у вас справи на новій роботі?
440,na shledanou,фраза,,,A1,Приветствия и вежливость,до свидания,до побачення,,,,,"Na shledanou, děkuji.","До свидания, спасибо.","До побачення, дякую.",Na shledanou zítra.,До завтра.,До завтра.
441,na zdraví,фраза,,,A1,Приветствия и вежливость,будем здоровы; будь здоров,будьмо; на здоров'я,,Тост или ответ на чихание,,,Na zdraví!,За здоровье!,Будьмо!,Kýchl jsi — na zdraví!,Ты чихнул — будь здоров!,Ти чхнув — будь здоровий!
442,pomoc,сущ.,ж.р.,pomoci,A1,Приветствия и вежливость,помощь,допомога,help,,help,https://loremflickr.com/640/480/help,Potřebuji vaši pomoc.,Мне нужна ваша помощь.,Мені потрібна ваша допомога.,Děkuji za pomoc.,Спасибо за помощь.,Дякую за допомогу.
443,pozor,сущ.,м.р.,pozoru,A1,Приветствия и вежливость,внимание; осторожно,увага; обережно,attention; look out,Ложный друг: НЕ «позор»,"caution,warning","https://loremflickr.com/640/480/caution,warning","Pozor, auto!","Осторожно, машина!","Обережно, машина!",Pozor na schody.,"Осторожно, ступеньки.","Обережно, сходи."
444,promiň,гл.,сов.,,A1,Приветствия и вежливость,извини,вибач,sorry (informal),,,,"Promiň, nemohl jsem přijít.","Извини, я не смог прийти.","Вибач, я не зміг прийти.","Promiň, zapomněl jsem.","Извини, я забыл.","Вибач, я забув."
445,promiňte,гл.,сов.,,A1,Приветствия и вежливость,извините,вибачте,excuse me; sorry,,,,"Promiňte, kde je metro?","Извините, где метро?","Вибачте, де метро?","Promiňte, nerozuměl jsem.","Извините, я не понял.","Вибачте, я не зрозумів."
446,prosím,частица,,,A1,Приветствия и вежливость,пожалуйста,будь ласка,please; you're welcome,Также ответ на «спасибо»,,,"Kávu, prosím.","Кофе, пожалуйста.","Каву, будь ласка.","Prosím, posaďte se.","Пожалуйста, садитесь.","Будь ласка, сідайте."
447,těší mě,фраза,,,A1,Приветствия и вежливость,приятно познакомиться,приємно познайомитися,,,,,"Těší mě, jsem Viktor.","Приятно познакомиться, я Виктор.","Приємно познайомитися, я Віктор.","Těší mě, že vás poznávám.",Рад с вами познакомиться.,Радий з вами познайомитися.
448,vítejte,межд.,,,A1,Приветствия и вежливость,добро пожаловать,ласкаво просимо,welcome,,welcome,https://loremflickr.com/640/480/welcome,Vítejte v Praze!,Добро пожаловать в Прагу!,Ласкаво просимо до Праги!,Vítejte u nás doma.,Добро пожаловать к нам домой.,Ласкаво просимо до нас додому.
449,celý,прил.,,,A1,Прилагательные,целый; весь,цілий; увесь,whole; entire,,,,Celý den jsem pracoval.,Я работал целый день.,Я працював цілий день.,Přečetl jsem celou knihu.,Я прочитал всю книгу.,Я прочитав усю книгу.
450,čistý,прил.,,,A1,Прилагательные,чистый,чистий,clean,,clean,https://loremflickr.com/640/480/clean,Pokoj je čistý.,Комната чистая.,Кімната чиста.,Potřebuji čisté tričko.,Мне нужна чистая футболка.,Мені потрібна чиста футболка.
451,dlouhý,прил.,,,A1,Прилагательные,длинный; долгий,довгий,long,,long,https://loremflickr.com/640/480/long,Je to dlouhá cesta.,Это долгая дорога.,Це довга дорога.,Má dlouhé vlasy.,У неё длинные волосы.,У неї довге волосся.
452,dobrý,прил.,,,A1,Прилагательные,хороший,добрий,good,,,,To je dobrý nápad.,Это хорошая идея.,Це гарна ідея.,Máme dobrého učitele.,У нас хороший учитель.,У нас гарний учитель.
453,krátký,прил.,,,A1,Прилагательные,короткий,короткий,short,,short,https://loremflickr.com/640/480/short,Napiš krátkou zprávu.,Напиши короткое сообщение.,Напиши коротке повідомлення.,Byl to krátký film.,Это был короткий фильм.,Це був короткий фільм.
454,lehký,прил.,,,A1,Прилагательные,лёгкий,легкий,light; easy,,,,Ta taška je lehká.,Эта сумка лёгкая.,Ця сумка легка.,Byl to lehký test.,Это был лёгкий тест.,Це був легкий тест.
455,nový,прил.,,,A1,Прилагательные,новый,новий,new,,new,https://loremflickr.com/640/480/new,Mám nové auto.,У меня новая машина.,У мене нова машина.,Je to nová kolegyně.,Это новая коллега.,Це нова колега.
456,otevřený,прил.,,,A1,Прилагательные,открытый,відкритий,open,,"open,sign","https://loremflickr.com/640/480/open,sign",Obchod je otevřený.,Магазин открыт.,Магазин відчинений.,Okno je otevřené.,Окно открыто.,Вікно відчинене.
457,pomalý,прил.,,,A1,Прилагательные,медленный,повільний,slow,,slow,https://loremflickr.com/640/480/slow,Internet je pomalý.,Интернет медленный.,Інтернет повільний.,Máme pomalé auto.,У нас медленная машина.,У нас повільна машина.
458,rychlý,прил.,,,A1,Прилагательные,быстрый,швидкий,fast; quick,,"fast,speed","https://loremflickr.com/640/480/fast,speed",Je to rychlý vlak.,Это скорый поезд.,Це швидкий потяг.,Potřebuji rychlou odpověď.,Мне нужен быстрый ответ.,Мені потрібна швидка відповідь.
459,skvělý,прил.,,,A1,Прилагательные,отличный,чудовий,great; excellent,,,,To je skvělý nápad!,Это отличная идея!,Це чудова ідея!,Byl to skvělý večer.,Это был отличный вечер.,Це був чудовий вечір.
460,studený,прил.,,,A1,Прилагательные,холодный,холодний,cold,,cold,https://loremflickr.com/640/480/cold,Voda je studená.,Вода холодная.,Вода холодна.,Dej mi studené pivo.,Дай мне холодное пиво.,Дай мені холодне пиво.
461,špatný,прил.,,,A1,Прилагательные,плохой,поганий,bad,,,,To je špatný nápad.,Это плохая идея.,Це погана ідея.,Mám špatnou zprávu.,У меня плохая новость.,У мене погана новина.
462,teplý,прил.,,,A1,Прилагательные,тёплый,теплий,warm,,warm,https://loremflickr.com/640/480/warm,Dnes je teplý den.,Сегодня тёплый день.,Сьогодні теплий день.,Vezmi si teplé oblečení.,Возьми тёплую одежду.,Візьми теплий одяг.
463,těžký,прил.,,,A1,Прилагательные,тяжёлый; трудный,важкий,heavy; difficult,,heavy,https://loremflickr.com/640/480/heavy,Ta taška je těžká.,Эта сумка тяжёлая.,Ця сумка важка.,Čeština je těžký jazyk.,Чешский — трудный язык.,Чеська — важка мова.
464,velký,прил.,,,A1,Прилагательные,большой,великий,big; large,,big,https://loremflickr.com/640/480/big,Máme velký byt.,У нас большая квартира.,У нас велика квартира.,Je to velký problém.,Это большая проблема.,Це велика проблема.
465,volný,прил.,,,A1,Прилагательные,свободный,вільний,free; vacant,,,,Je tady volné místo?,Здесь свободное место?,Тут вільне місце?,Zítra mám volný den.,Завтра у меня выходной.,Завтра в мене вільний день.
466,zajímavý,прил.,,,A1,Прилагательные,интересный,цікавий,interesting,,,,Je to zajímavá kniha.,Это интересная книга.,Це цікава книга.,Byla to zajímavá přednáška.,Это была интересная лекция.,Це була цікава лекція.
467,zavřený,прил.,,,A1,Прилагательные,закрытый,закритий,closed,,"closed,sign","https://loremflickr.com/640/480/closed,sign",Obchod je zavřený.,Магазин закрыт.,Магазин зачинений.,Okno je zavřené.,Окно закрыто.,Вікно зачинене.
468,hora,сущ.,ж.р.,hory,A1,Природа,гора,гора,mountain,,mountain,https://loremflickr.com/640/480/mountain,Ta hora je vysoká.,Эта гора высокая.,Ця гора висока.,Vylezli jsme na horu.,Мы поднялись на гору.,Ми піднялися на гору.
469,květina,сущ.,ж.р.,květiny,A1,Природа,цветок,квітка,flower,,flower,https://loremflickr.com/640/480/flower,Koupil jsem ti květiny.,Я купил тебе цветы.,Я купив тобі квіти.,Květina potřebuje vodu.,Цветку нужна вода.,Квітці потрібна вода.
470,les,сущ.,м.р.,lesa,A1,Природа,лес,ліс,forest,,forest,https://loremflickr.com/640/480/forest,Jdeme na procházku do lesa.,Мы идём гулять в лес.,Ми йдемо гуляти в ліс.,V lese rostou houby.,В лесу растут грибы.,У лісі ростуть гриби.
471,řeka,сущ.,ж.р.,řeky,A1,Природа,река,річка,river,,river,https://loremflickr.com/640/480/river,Praha leží na řece Vltavě.,Прага стоит на реке Влтаве.,Прага стоїть на річці Влтаві.,Řeka je hluboká.,Река глубокая.,Річка глибока.
472,strom,сущ.,м.р.,stromu,A1,Природа,дерево,дерево,tree,,tree,https://loremflickr.com/640/480/tree,Před domem roste strom.,Перед домом растёт дерево.,Перед будинком росте дерево.,Stromy na jaře kvetou.,Деревья весной цветут.,Дерева навесні цвітуть.
473,země,сущ.,ж.р.,země,A1,Природа,земля; страна,земля; країна,earth; land; country,,"earth,land","https://loremflickr.com/640/480/earth,land",Česko je krásná země.,Чехия — красивая страна.,Чехія — красива країна.,Klíče spadly na zem.,Ключи упали на пол.,Ключі впали на підлогу.
474,číšník,сущ.,м.р.,číšníka,A1,Профессии,официант,офіціант,waiter,,waiter,https://loremflickr.com/640/480/waiter,Zavolej číšníka.,Позови официанта.,Поклич офіціанта.,Číšník přinesl jídelní lístek.,Официант принёс меню.,Офіціант приніс меню.
475,kuchař,сущ.,м.р.,kuchaře,A1,Профессии,повар,кухар,cook; chef,,chef,https://loremflickr.com/640/480/chef,Můj bratr je kuchař.,Мой брат повар.,Мій брат кухар.,Kuchař vaří výborně.,Повар готовит отлично.,Кухар готує чудово.
476,učitel,сущ.,м.р.,učitele,A1,Профессии,учитель,учитель,teacher,,teacher,https://loremflickr.com/640/480/teacher,Náš učitel je milý.,Наш учитель добрый.,Наш учитель добрий.,Zeptej se učitele.,Спроси у учителя.,Запитай в учителя.
477,batoh,сущ.,м.р.,batohu,A1,Путешествия,рюкзак,рюкзак,backpack,,backpack,https://loremflickr.com/640/480/backpack,Mám to v batohu.,Это у меня в рюкзаке.,Це в мене в рюкзаку.,Batoh je těžký.,Рюкзак тяжёлый.,Рюкзак важкий.
478,dovolená,сущ.,ж.р.,dovolené,A1,Путешествия,отпуск,відпустка,holiday; vacation,,vacation,https://loremflickr.com/640/480/vacation,Jsem na dovolené.,Я в отпуске.,Я у відпустці.,Dovolenou mám v srpnu.,Отпуск у меня в августе.,Відпустка в мене в серпні.
479,hory,сущ.,мн.ч.,hor,A1,Путешествия,горы,гори,mountains,,mountains,https://loremflickr.com/640/480/mountains,Jedeme na víkend do hor.,Мы едем на выходные в горы.,Ми їдемо на вихідні в гори.,V horách je zima.,В горах холодно.,У горах холодно.
480,kufr,сущ.,м.р.,kufru,A1,Путешествия,чемодан,валіза,suitcase,,suitcase,https://loremflickr.com/640/480/suitcase,Sbalil jsem si kufr.,Я собрал чемодан.,Я зібрав валізу.,Kufr je moc těžký.,Чемодан слишком тяжёлый.,Валіза надто важка.
481,moře,сущ.,ср.р.,moře,A1,Путешествия,море,море,sea,,sea,https://loremflickr.com/640/480/sea,V létě jedeme k moři.,Летом мы едем на море.,Влітку ми їдемо на море.,Moře je dnes klidné.,Море сегодня спокойное.,Море сьогодні спокійне.
482,pas,сущ.,м.р.,pasu,A1,Путешествия,паспорт,паспорт,passport,,passport,https://loremflickr.com/640/480/passport,Mám platný pas.,У меня действующий паспорт.,У мене чинний паспорт.,"Ukažte mi váš pas, prosím.","Покажите ваш паспорт, пожалуйста.","Покажіть ваш паспорт, будь ласка."
483,firma,сущ.,ж.р.,firmy,A1,Работа,фирма,фірма,company; firm,,"company,office","https://loremflickr.com/640/480/company,office",Pracuji ve velké firmě.,Я работаю в большой фирме.,Я працюю у великій фірмі.,Firma má sto zaměstnanců.,В фирме сто сотрудников.,У фірмі сто працівників.
484,kancelář,сущ.,ж.р.,kanceláře,A1,Работа,офис,офіс,office,,office,https://loremflickr.com/640/480/office,Jdu do kanceláře.,Я иду в офис.,Я йду в офіс.,Kancelář je ve třetím patře.,Офис на третьем этаже.,Офіс на третьому поверсі.
485,kolega,сущ.,м.р.,kolegy,A1,Работа,коллега,колега,colleague,,"colleague,coworker","https://loremflickr.com/640/480/colleague,coworker",Můj kolega je Čech.,Мой коллега чех.,Мій колега чех.,Zeptám se kolegy.,Я спрошу у коллеги.,Я запитаю в колеги.
486,pracovat,гл.,несов.,,A1,Работа,работать,працювати,to work,,working,https://loremflickr.com/640/480/working,Pracuji v kanceláři.,Я работаю в офисе.,Я працюю в офісі.,Kde pracuješ?,Где ты работаешь?,Де ти працюєш?
487,práce,сущ.,ж.р.,práce,A1,Работа,работа,робота,work; job,,work,https://loremflickr.com/640/480/work,Jdu do práce.,Я иду на работу.,Я йду на роботу.,Mám hodně práce.,У меня много работы.,У мене багато роботи.
488,šéf,сущ.,м.р.,šéfa,A1,Работа,начальник,начальник,boss,,boss,https://loremflickr.com/640/480/boss,Můj šéf je přísný.,Мой начальник строгий.,Мій начальник суворий.,Musím se zeptat šéfa.,Мне нужно спросить у начальника.,Мені треба запитати в начальника.
489,úkol,сущ.,м.р.,úkolu,A1,Работа,задание; задача,завдання,task; assignment,,task,https://loremflickr.com/640/480/task,Mám nový úkol.,У меня новое задание.,У мене нове завдання.,Splnil jsem úkol.,Я выполнил задание.,Я виконав завдання.
490,guláš,сущ.,м.р.,guláše,A1,Ресторан,гуляш,гуляш,goulash,Классическое чешское блюдо,goulash,https://loremflickr.com/640/480/goulash,Dám si guláš s knedlíkem.,Я возьму гуляш с кнедликами.,Я візьму гуляш із кнедликами.,Guláš je tady výborný.,Гуляш здесь отличный.,Гуляш тут чудовий.
491,hranolky,сущ.,мн.ч.,hranolků,A1,Ресторан,картофель фри,картопля фрі,chips; French fries,,fries,https://loremflickr.com/640/480/fries,K řízku si dám hranolky.,К шницелю я возьму картофель фри.,До шніцеля візьму картоплю фрі.,Hranolky jsou slané.,Картофель фри солёный.,Картопля фрі солона.
492,jídelní lístek,сущ.,м.р.,jídelního lístku,A1,Ресторан,меню,меню,menu,,menu,https://loremflickr.com/640/480/menu,"Podejte mi jídelní lístek, prosím.","Дайте мне меню, пожалуйста.","Дайте мені меню, будь ласка.",Co je na jídelním lístku?,Что есть в меню?,Що є в меню?
493,párek,сущ.,м.р.,párku,A1,Ресторан,сосиска,сосиска,sausage; frankfurter,,sausage,https://loremflickr.com/640/480/sausage,Děti mají rády párky.,Дети любят сосиски.,Діти люблять сосиски.,Dám si párek v rohlíku.,Я возьму хот-дог.,Я візьму хот-дог.
494,řízek,сущ.,м.р.,řízku,A1,Ресторан,шницель,шніцель,schnitzel,,schnitzel,https://loremflickr.com/640/480/schnitzel,Smažený řízek je klasika.,Жареный шницель — классика.,Смажений шніцель — класика.,Řízek s bramborovým salátem.,Шницель с картофельным салатом.,Шніцель із картопляним салатом.
495,babička,сущ.,ж.р.,babičky,A1,Семья и люди,бабушка,бабуся,grandmother,,grandmother,https://loremflickr.com/640/480/grandmother,Moje babička žije na vesnici.,Моя бабушка живёт в деревне.,Моя бабуся живе в селі.,Jedu k babičce.,Я еду к бабушке.,Я їду до бабусі.
496,bratr,сущ.,м.р.,bratra,A1,Семья и люди,брат,брат,brother,,brother,https://loremflickr.com/640/480/brother,Mám staršího bratra.,У меня есть старший брат.,У мене є старший брат.,Bratr studuje v Brně.,Брат учится в Брно.,Брат навчається в Брні.
497,chlapec,сущ.,м.р.,chlapce,A1,Семья и люди,мальчик,хлопець,boy,,boy,https://loremflickr.com/640/480/boy,Ten chlapec chodí do školy.,Этот мальчик ходит в школу.,Цей хлопець ходить до школи.,Chlapci hrají fotbal.,Мальчики играют в футбол.,Хлопці грають у футбол.
498,člověk,сущ.,м.р.,člověka,A1,Семья и люди,человек,людина,person; human,,person,https://loremflickr.com/640/480/person,Je to dobrý člověk.,Это хороший человек.,Це гарна людина.,Neznám toho člověka.,Я не знаю этого человека.,Я не знаю цієї людини.
499,dcera,сущ.,ж.р.,dcery,A1,Семья и люди,дочь,дочка,daughter,,daughter,https://loremflickr.com/640/480/daughter,Mám dceru a syna.,У меня дочь и сын.,У мене дочка і син.,Dcera chodí do školky.,Дочь ходит в садик.,Дочка ходить у садок.
500,dědeček,сущ.,м.р.,dědečka,A1,Семья и люди,дедушка,дідусь,grandfather,,grandfather,https://loremflickr.com/640/480/grandfather,Můj dědeček má osmdesát let.,Моему дедушке восемьдесят лет.,Моєму дідусеві вісімдесят років.,Dědeček rád čte noviny.,Дедушка любит читать газеты.,Дідусь любить читати газети.
501,děti,сущ.,мн.ч.,dětí,A1,Семья и люди,дети,діти,children,,children,https://loremflickr.com/640/480/children,Máme dvě děti.,У нас двое детей.,У нас двоє дітей.,Děti si hrají venku.,Дети играют на улице.,Діти граються надворі.
502,dítě,сущ.,ср.р.,dítěte,A1,Семья и люди,ребёнок,дитина,child,,child,https://loremflickr.com/640/480/child,To dítě je nemocné.,Этот ребёнок болен.,Ця дитина хвора.,Jsem tu s dítětem.,Я здесь с ребёнком.,Я тут із дитиною.
503,dívka,сущ.,ж.р.,dívky,A1,Семья и люди,девушка,дівчина,girl,,girl,https://loremflickr.com/640/480/girl,Ta dívka mluví česky.,Эта девушка говорит по-чешски.,Ця дівчина говорить чеською.,Znám tu dívku ze školy.,Я знаю эту девушку по школе.,Я знаю цю дівчину зі школи.
504,holka,сущ.,ж.р.,holky,A1,Семья и люди,девочка; девушка,дівчинка,girl,Разговорное,girl,https://loremflickr.com/640/480/girl,Ta holka je moje kamarádka.,Эта девушка — моя подруга.,Ця дівчина — моя подруга.,Holky šly do kina.,Девочки пошли в кино.,Дівчата пішли в кіно.
505,jméno,сущ.,ср.р.,jména,A1,Семья и люди,имя,ім'я,name; first name,,name,https://loremflickr.com/640/480/name,Jak se píše vaše jméno?,Как пишется ваше имя?,Як пишеться ваше ім'я?,Zapomněl jsem její jméno.,Я забыл её имя.,Я забув її ім'я.
506,kamarád,сущ.,м.р.,kamaráda,A1,Семья и люди,приятель; друг,приятель; друг,friend,,friends,https://loremflickr.com/640/480/friends,Mám tu jednoho kamaráda.,У меня здесь есть друг.,У мене тут є друг.,Jdu ke kamarádovi.,Я иду к другу.,Я йду до друга.
507,kamarádka,сущ.,ж.р.,kamarádky,A1,Семья и люди,подруга,подруга,friend (female),,friends,https://loremflickr.com/640/480/friends,Moje kamarádka bydlí v Brně.,Моя подруга живёт в Брно.,Моя подруга живе в Брні.,Volala mi kamarádka.,Мне звонила подруга.,Мені телефонувала подруга.
508,kluk,сущ.,м.р.,kluka,A1,Семья и люди,мальчик; парень,хлопчик,boy; guy,Разговорное,boy,https://loremflickr.com/640/480/boy,Ten kluk je z naší třídy.,Этот парень из нашего класса.,Цей хлопець із нашого класу.,Kluci hrají hokej.,Парни играют в хоккей.,Хлопці грають у хокей.
509,lidé,сущ.,мн.ч.,lidí,A1,Семья и люди,люди,люди,people,,people,https://loremflickr.com/640/480/people,V metru je hodně lidí.,В метро много людей.,У метро багато людей.,Lidé tady jsou milí.,Люди здесь приветливые.,Люди тут привітні.
510,manžel,сущ.,м.р.,manžela,A1,Семья и люди,муж,чоловік,husband,,husband,https://loremflickr.com/640/480/husband,Můj manžel pracuje v IT.,Мой муж работает в IT.,Мій чоловік працює в IT.,Jdu tam s manželem.,Я иду туда с мужем.,Я йду туди з чоловіком.
511,manželka,сущ.,ж.р.,manželky,A1,Семья и люди,жена,дружина,wife,,wife,https://loremflickr.com/640/480/wife,Moje manželka je učitelka.,Моя жена — учительница.,Моя дружина — вчителька.,Zeptám se manželky.,Я спрошу у жены.,Я запитаю в дружини.
512,matka,сущ.,ж.р.,matky,A1,Семья и люди,мать,мати,mother,,mother,https://loremflickr.com/640/480/mother,Moje matka žije na Ukrajině.,Моя мать живёт в Украине.,Моя мати живе в Україні.,Volám matce každý den.,Я звоню матери каждый день.,Я телефоную матері щодня.
513,máma,сущ.,ж.р.,mámy,A1,Семья и люди,мама,мама,mum; mom,,mother,https://loremflickr.com/640/480/mother,Máma vaří výborně.,Мама отлично готовит.,Мама чудово готує.,Jedu k mámě.,Я еду к маме.,Я їду до мами.
514,muž,сущ.,м.р.,muže,A1,Семья и люди,мужчина; муж,чоловік,man; husband,,man,https://loremflickr.com/640/480/man,Ten muž je můj soused.,Этот мужчина — мой сосед.,Цей чоловік — мій сусід.,Ptala jsem se toho muže.,Я спросила у того мужчины.,Я запитала в того чоловіка.
515,narozeniny,сущ.,мн.ч.,narozenin,A1,Семья и люди,день рождения,день народження,birthday,,birthday,https://loremflickr.com/640/480/birthday,Mám dnes narozeniny.,У меня сегодня день рождения.,У мене сьогодні день народження.,Všechno nejlepší k narozeninám!,С днём рождения!,З днем народження!
516,otec,сущ.,м.р.,otce,A1,Семья и люди,отец,батько,father,,father,https://loremflickr.com/640/480/father,Můj otec je řidič.,Мой отец водитель.,Мій батько водій.,Bydlím u otce.,Я живу у отца.,Я живу в батька.
517,paní,сущ.,ж.р.,paní,A1,Семья и люди,госпожа; женщина,пані; жінка,Mrs; woman,,woman,https://loremflickr.com/640/480/woman,Paní Nováková je moje sousedka.,Госпожа Новакова — моя соседка.,Пані Новакова — моя сусідка.,Zeptejte se té paní.,Спросите у той женщины.,Запитайте в тієї пані.
518,pán,сущ.,м.р.,pána,A1,Семья и люди,господин; мужчина,пан; чоловік,Mr; man,,man,https://loremflickr.com/640/480/man,Ten pán se ptá na cestu.,Тот мужчина спрашивает дорогу.,Той пан питає дорогу.,Pomozte tomu pánovi.,Помогите тому мужчине.,Допоможіть тому панові.
519,příjmení,сущ.,ср.р.,příjmení,A1,Семья и люди,фамилия,прізвище,surname,,"surname,document","https://loremflickr.com/640/480/surname,document",Napište jméno a příjmení.,Напишите имя и фамилию.,Напишіть ім'я та прізвище.,Moje příjmení je těžké.,Моя фамилия сложная.,Моє прізвище складне.
520,přítel,сущ.,м.р.,přítele,A1,Семья и люди,друг; парень,друг; хлопець,friend; boyfriend,,couple,https://loremflickr.com/640/480/couple,Bydlím s přítelem.,Я живу с парнем.,Я живу з хлопцем.,Můj přítel je Čech.,Мой парень чех.,Мій хлопець чех.
521,přítelkyně,сущ.,ж.р.,přítelkyně,A1,Семья и люди,подруга; девушка,подруга; дівчина,friend; girlfriend,,couple,https://loremflickr.com/640/480/couple,Moje přítelkyně studuje.,Моя девушка учится.,Моя дівчина навчається.,Jdu tam s přítelkyní.,Я иду туда с девушкой.,Я йду туди з дівчиною.
522,rodiče,сущ.,мн.ч.,rodičů,A1,Семья и люди,родители,батьки,parents,,parents,https://loremflickr.com/640/480/parents,Moji rodiče žijí v Kyjevě.,Мои родители живут в Киеве.,Мої батьки живуть у Києві.,Bydlím u rodičů.,Я живу у родителей.,Я живу в батьків.
523,rodina,сущ.,ж.р.,rodiny,A1,Семья и люди,семья,сім'я; родина,family,Ложный друг: «родина» по-чешски vlast,family,https://loremflickr.com/640/480/family,Mám velkou rodinu.,У меня большая семья.,У мене велика родина.,Trávím čas s rodinou.,Я провожу время с семьёй.,Я проводжу час із родиною.
524,sestra,сущ.,ж.р.,sestry,A1,Семья и люди,сестра,сестра,sister,,sister,https://loremflickr.com/640/480/sister,Moje sestra je mladší.,Моя сестра младше.,Моя сестра молодша.,Volala mi sestra.,Мне звонила сестра.,Мені телефонувала сестра.
525,slečna,сущ.,ж.р.,slečny,A1,Семья и люди,девушка (незамужняя),панна,young lady; Miss,,younglady,https://loremflickr.com/640/480/younglady,"Slečno, můžu se zeptat?","Девушка, можно спросить?","Панно, чи можу запитати?",Ta slečna pracuje v kavárně.,Эта девушка работает в кафе.,Ця панна працює в кав'ярні.
526,soused,сущ.,м.р.,souseda,A1,Семья и люди,сосед,сусід,neighbour,,neighbours,https://loremflickr.com/640/480/neighbours,Můj soused je hlučný.,Мой сосед шумный.,Мій сусід галасливий.,Zeptej se souseda.,Спроси у соседа.,Запитай у сусіда.
527,sousedka,сущ.,ж.р.,sousedky,A1,Семья и люди,соседка,сусідка,neighbour (female),,neighbours,https://loremflickr.com/640/480/neighbours,Sousedka mi pomohla.,Соседка мне помогла.,Сусідка мені допомогла.,Sousedka má malé dítě.,У соседки маленький ребёнок.,У сусідки мала дитина.
528,strýc,сущ.,м.р.,strýce,A1,Семья и люди,дядя,дядько,uncle,,uncle,https://loremflickr.com/640/480/uncle,Můj strýc žije v Německu.,Мой дядя живёт в Германии.,Мій дядько живе в Німеччині.,Jedu ke strýci.,Я еду к дяде.,Я їду до дядька.
529,syn,сущ.,м.р.,syna,A1,Семья и люди,сын,син,son,,son,https://loremflickr.com/640/480/son,Mám dva syny.,У меня два сына.,У мене два сини.,Syn chodí do školy.,Сын ходит в школу.,Син ходить до школи.
530,táta,сущ.,м.р.,táty,A1,Семья и люди,папа,тато,dad,,father,https://loremflickr.com/640/480/father,Táta pracuje v továrně.,Папа работает на заводе.,Тато працює на заводі.,Zeptej se táty.,Спроси у папы.,Запитай у тата.
531,teta,сущ.,ж.р.,tety,A1,Семья и люди,тётя,тітка,aunt,,aunt,https://loremflickr.com/640/480/aunt,Teta bydlí vedle nás.,Тётя живёт рядом с нами.,Тітка живе поруч із нами.,Jedu k tetě na návštěvu.,Я еду к тёте в гости.,Я їду до тітки в гості.
532,věk,сущ.,м.р.,věku,A1,Семья и люди,возраст,вік,age,,age,https://loremflickr.com/640/480/age,Jaký je váš věk?,Какой ваш возраст?,Який ваш вік?,Ve věku pěti let začal číst.,В пять лет он начал читать.,У п'ять років він почав читати.
533,žena,сущ.,ж.р.,ženy,A1,Семья и люди,женщина; жена,жінка,woman; wife,,woman,https://loremflickr.com/640/480/woman,Ta žena je moje kolegyně.,Эта женщина — моя коллега.,Ця жінка — моя колега.,Zeptal jsem se té ženy.,Я спросил у той женщины.,Я запитав у тієї жінки.
534,a,союз,,,A1,Союзы,и,і,and,,,,Mám bratra a sestru.,У меня есть брат и сестра.,У мене є брат і сестра.,Přišel a řekl to.,Он пришёл и сказал это.,Він прийшов і сказав це.
535,ale,союз,,,A1,Союзы,но,але,but,,,,"Chci jít, ale nemám čas.","Я хочу пойти, но нет времени.","Я хочу піти, але не маю часу.","Je to drahé, ale dobré.","Это дорого, но хорошо.","Це дорого, але добре."
536,jako,союз,,,A1,Союзы,как,як,as; like,,,,Pracuji jako učitel.,Я работаю учителем.,Я працюю вчителем.,Je to jako doma.,Это как дома.,Це як удома.
537,když,союз,,,A1,Союзы,когда; если,коли; якщо,when; if,,,,"Když prší, zůstávám doma.","Когда идёт дождь, я остаюсь дома.","Коли йде дощ, я залишаюся вдома.","Zavolej mi, když budeš mít čas.","Позвони мне, когда будет время.","Зателефонуй мені, коли матимеш час."
538,nebo,союз,,,A1,Союзы,или,або,or,,,,Chceš čaj nebo kávu?,Хочешь чай или кофе?,Хочеш чай чи каву?,Přijdu dnes nebo zítra.,Я приду сегодня или завтра.,Я прийду сьогодні або завтра.
539,protože,союз,,,A1,Союзы,потому что,тому що,because,,,,"Nepřišel, protože byl nemocný.","Он не пришёл, потому что был болен.","Він не прийшов, бо був хворий.","Učím se česky, protože tady žiju.","Я учу чешский, потому что здесь живу.","Я вчу чеську, бо тут живу."
540,že,союз,,,A1,Союзы,что,що,that,,,,"Vím, že máš pravdu.","Я знаю, что ты прав.","Я знаю, що ти маєш рацію.","Myslím, že to zvládneme.","Я думаю, что мы справимся.","Я думаю, що ми впораємося."
541,běhat,гл.,несов.,,A1,Спорт и досуг,бегать,бігати,to run,,running,https://loremflickr.com/640/480/running,Běhám každé ráno.,Я бегаю каждое утро.,Я бігаю щоранку.,Děti běhají po parku.,Дети бегают по парку.,Діти бігають по парку.
542,číst,гл.,несов.,,A1,Спорт и досуг,читать,читати,to read,,reading,https://loremflickr.com/640/480/reading,Rád čtu knihy.,Я люблю читать книги.,Я люблю читати книги.,Čtu noviny každý den.,Я читаю газеты каждый день.,Я читаю газети щодня.
543,film,сущ.,м.р.,filmu,A1,Спорт и досуг,фильм,фільм,film; movie,,movie,https://loremflickr.com/640/480/movie,Ten film byl skvělý.,Этот фильм был отличный.,Цей фільм був чудовий.,Jdeme na nový film.,Мы идём на новый фильм.,Ми йдемо на новий фільм.
544,fotbal,сущ.,м.р.,fotbalu,A1,Спорт и досуг,футбол,футбол,football; soccer,,football,https://loremflickr.com/640/480/football,Hraju fotbal každou sobotu.,Я играю в футбол каждую субботу.,Я граю у футбол щосуботи.,Fotbal je populární sport.,Футбол — популярный спорт.,Футбол — популярний спорт.
545,fotografie,сущ.,ж.р.,fotografie,A1,Спорт и досуг,фотография,фотографія,photograph,,photograph,https://loremflickr.com/640/480/photograph,Ukaž mi tu fotografii.,Покажи мне ту фотографию.,Покажи мені ту фотографію.,Fotografie je stará.,Фотография старая.,Фотографія стара.
546,hokej,сущ.,м.р.,hokeje,A1,Спорт и досуг,хоккей,хокей,ice hockey,,hockey,https://loremflickr.com/640/480/hockey,Češi milují hokej.,Чехи обожают хоккей.,Чехи обожнюють хокей.,Díváme se na hokej.,Мы смотрим хоккей.,Ми дивимося хокей.
547,hra,сущ.,ж.р.,hry,A1,Спорт и досуг,игра,гра,game; play,,game,https://loremflickr.com/640/480/game,Ta hra je zábavná.,Эта игра весёлая.,Ця гра весела.,Děti si vymyslely novou hru.,Дети придумали новую игру.,Діти вигадали нову гру.
548,hrát,гл.,несов.,,A1,Спорт и досуг,играть,грати,to play,,playing,https://loremflickr.com/640/480/playing,Hraju na kytaru.,Я играю на гитаре.,Я граю на гітарі.,Děti si hrají na zahradě.,Дети играют в саду.,Діти граються в саду.
549,hudba,сущ.,ж.р.,hudby,A1,Спорт и досуг,музыка,музика,music,,music,https://loremflickr.com/640/480/music,Poslouchám hudbu v metru.,Я слушаю музыку в метро.,Я слухаю музику в метро.,Jakou hudbu máš rád?,Какую музыку ты любишь?,Яку музику ти любиш?
550,kniha,сущ.,ж.р.,knihy,A1,Спорт и досуг,книга,книга,book,,book,https://loremflickr.com/640/480/book,Čtu zajímavou knihu.,Я читаю интересную книгу.,Я читаю цікаву книгу.,Kniha stojí tři sta korun.,Книга стоит триста крон.,Книга коштує триста крон.
551,kolo,сущ.,ср.р.,kola,A1,Спорт и досуг,велосипед; колесо,велосипед; колесо,bicycle; wheel,,bicycle,https://loremflickr.com/640/480/bicycle,Jezdím na kole do práce.,Я езжу на работу на велосипеде.,Я їжджу на роботу велосипедом.,Kolo mám v garáži.,Велосипед у меня в гараже.,Велосипед у мене в гаражі.
552,koncert,сущ.,м.р.,koncertu,A1,Спорт и досуг,концерт,концерт,concert,,concert,https://loremflickr.com/640/480/concert,Jdeme na koncert.,Мы идём на концерт.,Ми йдемо на концерт.,Koncert začíná v osm.,Концерт начинается в восемь.,Концерт починається о восьмій.
553,plavat,гл.,несов.,,A1,Спорт и досуг,плавать,плавати,to swim,,swimming,https://loremflickr.com/640/480/swimming,Umím plavat.,Я умею плавать.,Я вмію плавати.,Plaveme každý týden.,Мы плаваем каждую неделю.,Ми плаваємо щотижня.
554,procházka,сущ.,ж.р.,procházky,A1,Спорт и досуг,прогулка,прогулянка,walk,,walk,https://loremflickr.com/640/480/walk,Jdeme na procházku.,Мы идём на прогулку.,Ми йдемо на прогулянку.,Procházka trvala hodinu.,Прогулка длилась час.,Прогулянка тривала годину.
555,sport,сущ.,м.р.,sportu,A1,Спорт и досуг,спорт,спорт,sport,,sport,https://loremflickr.com/640/480/sport,Sport je zdravý.,Спорт полезен.,Спорт корисний.,Jaký sport děláš?,Каким спортом ты занимаешься?,Яким спортом ти займаєшся?
556,sportovat,гл.,несов.,,A1,Спорт и досуг,заниматься спортом,займатися спортом,to do sport,,sport,https://loremflickr.com/640/480/sport,Sportuji třikrát týdně.,Я занимаюсь спортом три раза в неделю.,Я займаюся спортом тричі на тиждень.,Sportuješ rád?,Ты любишь спорт?,Ти любиш спорт?
557,tancovat,гл.,несов.,,A1,Спорт и досуг,танцевать,танцювати,to dance,,dancing,https://loremflickr.com/640/480/dancing,Rád tancuji.,Я люблю танцевать.,Я люблю танцювати.,Tancovali jsme celou noc.,Мы танцевали всю ночь.,Ми танцювали всю ніч.
558,tenis,сущ.,м.р.,tenisu,A1,Спорт и досуг,теннис,теніс,tennis,,tennis,https://loremflickr.com/640/480/tennis,Hraju tenis o víkendu.,Я играю в теннис по выходным.,Я граю в теніс на вихідних.,Tenis mě baví.,Теннис мне нравится.,Теніс мені подобається.
559,volný čas,сущ.,м.р.,volného času,A1,Спорт и досуг,свободное время,вільний час,free time,,"freetime,leisure","https://loremflickr.com/640/480/freetime,leisure",Mám málo volného času.,У меня мало свободного времени.,У мене мало вільного часу.,Co děláš ve volném čase?,Что ты делаешь в свободное время?,Що ти робиш у вільний час?
560,výlet,сущ.,м.р.,výletu,A1,Спорт и досуг,поездка; экскурсия,поїздка; екскурсія,trip; excursion,,trip,https://loremflickr.com/640/480/trip,Jedeme na výlet do hor.,Мы едем на экскурсию в горы.,Ми їдемо на екскурсію в гори.,Výlet byl krásný.,Поездка была прекрасной.,Поїздка була чудова.
561,zpívat,гл.,несов.,,A1,Спорт и досуг,петь,співати,to sing,,singing,https://loremflickr.com/640/480/singing,Ráda zpívám.,Я люблю петь.,Я люблю співати.,Děti zpívají písničku.,Дети поют песенку.,Діти співають пісеньку.
562,angličtina,сущ.,ж.р.,angličtiny,A1,Страны и языки,английский язык,англійська мова,English (language),,english,https://loremflickr.com/640/480/english,Učím se angličtinu.,Я учу английский.,Я вчу англійську.,Angličtina mi jde dobře.,Английский мне даётся хорошо.,Англійська мені дається добре.
563,Čech,сущ.,м.р.,Čecha,A1,Страны и языки,чех,чех,Czech (man),,czech,https://loremflickr.com/640/480/czech,Můj šéf je Čech.,Мой начальник чех.,Мій начальник чех.,Znám jednoho Čecha.,Я знаю одного чеха.,Я знаю одного чеха.
564,Česko,сущ.,ср.р.,Česka,A1,Страны и языки,Чехия,Чехія,Czechia,,czechia,https://loremflickr.com/640/480/czechia,Žiju v Česku dva roky.,Я живу в Чехии два года.,Я живу в Чехії два роки.,Přijel jsem do Česka loni.,Я приехал в Чехию в прошлом году.,Я приїхав до Чехії торік.
565,Češka,сущ.,ж.р.,Češky,A1,Страны и языки,чешка,чешка,Czech (woman),,czech,https://loremflickr.com/640/480/czech,Moje kolegyně je Češka.,Моя коллега чешка.,Моя колега чешка.,Ta Češka mluví rusky.,Эта чешка говорит по-русски.,Ця чешка говорить російською.
566,čeština,сущ.,ж.р.,češtiny,A1,Страны и языки,чешский язык,чеська мова,Czech (language),,"czech,language","https://loremflickr.com/640/480/czech,language",Učím se češtinu.,Я учу чешский.,Я вчу чеську.,"Čeština je těžká, ale zajímavá.","Чешский трудный, но интересный.","Чеська важка, але цікава."
567,Praha,сущ.,ж.р.,Prahy,A1,Страны и языки,Прага,Прага,Prague,,prague,https://loremflickr.com/640/480/prague,Praha je krásné město.,Прага — красивый город.,Прага — гарне місто.,Jedu do Prahy.,Я еду в Прагу.,Я їду до Праги.
568,Rusko,сущ.,ср.р.,Ruska,A1,Страны и языки,Россия,Росія,Russia,,russia,https://loremflickr.com/640/480/russia,Přijel z Ruska.,Он приехал из России.,Він приїхав з Росії.,Rusko je velká země.,Россия — большая страна.,Росія — велика країна.
569,ruština,сущ.,ж.р.,ruštiny,A1,Страны и языки,русский язык,російська мова,Russian (language),,russian,https://loremflickr.com/640/480/russian,Mluvím rusky.,Я говорю по-русски.,Я говорю російською.,Ruština a čeština jsou slovanské jazyky.,Русский и чешский — славянские языки.,Російська й чеська — слов'янські мови.
570,Ukrajina,сущ.,ж.р.,Ukrajiny,A1,Страны и языки,Украина,Україна,Ukraine,,ukraine,https://loremflickr.com/640/480/ukraine,Jsem z Ukrajiny.,Я из Украины.,Я з України.,Na Ukrajině mám rodinu.,В Украине у меня семья.,В Україні в мене родина.
571,ukrajinština,сущ.,ж.р.,ukrajinštiny,A1,Страны и языки,украинский язык,українська мова,Ukrainian (language),,ukraine,https://loremflickr.com/640/480/ukraine,Mluvím ukrajinsky.,Я говорю по-украински.,Я говорю українською.,Ukrajinština je můj rodný jazyk.,Украинский — мой родной язык.,Українська — моя рідна мова.
572,hlava,сущ.,ж.р.,hlavy,A1,Тело,голова,голова,head,,head,https://loremflickr.com/640/480/head,Bolí mě hlava.,У меня болит голова.,У мене болить голова.,Nemám to v hlavě.,Я этого не помню.,Я цього не пам'ятаю.
573,krk,сущ.,м.р.,krku,A1,Тело,шея; горло,шия; горло,neck; throat,,neck,https://loremflickr.com/640/480/neck,Bolí mě v krku.,У меня болит горло.,У мене болить горло.,Kolem krku má šálu.,У него на шее шарф.,У нього на шиї шарф.
574,noha,сущ.,ж.р.,nohy,A1,Тело,нога,нога,leg; foot,,leg,https://loremflickr.com/640/480/leg,Bolí mě noha.,У меня болит нога.,У мене болить нога.,"Chodím pěšky, mám zdravé nohy.","Я хожу пешком, у меня здоровые ноги.","Я ходжу пішки, у мене здорові ноги."
575,nos,сущ.,м.р.,nosu,A1,Тело,нос,ніс,nose,,nose,https://loremflickr.com/640/480/nose,Teče mi z nosu.,У меня насморк.,У мене нежить.,Má velký nos.,У него большой нос.,У нього великий ніс.
576,oko,сущ.,ср.р.,oka,A1,Тело,глаз,око,eye,,eye,https://loremflickr.com/640/480/eye,Bolí mě oko.,У меня болит глаз.,У мене болить око.,Něco mi spadlo do oka.,Мне что-то попало в глаз.,Мені щось потрапило в око.
577,ruka,сущ.,ж.р.,ruky,A1,Тело,рука,рука,hand; arm,,hand,https://loremflickr.com/640/480/hand,Bolí mě ruka.,У меня болит рука.,У мене болить рука.,Podej mi ruku.,Дай мне руку.,Дай мені руку.
578,srdce,сущ.,ср.р.,srdce,A1,Тело,сердце,серце,heart,,heart,https://loremflickr.com/640/480/heart,Mám zdravé srdce.,У меня здоровое сердце.,У мене здорове серце.,Srdce mi bije rychle.,Сердце бьётся быстро.,Серце б'ється швидко.
579,tělo,сущ.,ср.р.,těla,A1,Тело,тело,тіло,body,,body,https://loremflickr.com/640/480/body,Sport je dobrý pro tělo.,Спорт полезен для тела.,Спорт корисний для тіла.,Bolí mě celé tělo.,У меня болит всё тело.,У мене болить усе тіло.
580,ucho,сущ.,ср.р.,ucha,A1,Тело,ухо,вухо,ear,,ear,https://loremflickr.com/640/480/ear,Bolí mě ucho.,У меня болит ухо.,У мене болить вухо.,Šeptá mi do ucha.,Он шепчет мне на ухо.,Він шепоче мені на вухо.
581,ústa,сущ.,мн.ч.,úst,A1,Тело,рот,рот,mouth,,mouth,https://loremflickr.com/640/480/mouth,"Otevřete ústa, prosím.","Откройте рот, пожалуйста.","Відкрийте рот, будь ласка.",Nemluv s plnými ústy.,Не говори с полным ртом.,Не говори з повним ротом.
582,zub,сущ.,м.р.,zubu,A1,Тело,зуб,зуб,tooth,,tooth,https://loremflickr.com/640/480/tooth,Bolí mě zub.,У меня болит зуб.,У мене болить зуб.,"Musím k zubaři, mám špatný zub.","Мне надо к стоматологу, у меня плохой зуб.","Мені треба до стоматолога, у мене поганий зуб."
583,časopis,сущ.,м.р.,časopisu,A1,Технологии и медиа,журнал,журнал,magazine,,magazine,https://loremflickr.com/640/480/magazine,Čtu časopis o cestování.,Я читаю журнал о путешествиях.,Я читаю журнал про подорожі.,Časopis vychází měsíčně.,Журнал выходит ежемесячно.,Журнал виходить щомісяця.
584,e-mail,сущ.,м.р.,e-mailu,A1,Технологии и медиа,электронная почта,електронна пошта,e-mail,,email,https://loremflickr.com/640/480/email,Napsal jsem ti e-mail.,Я написал тебе письмо.,Я написав тобі листа.,Odpovím na e-mail zítra.,Я отвечу на письмо завтра.,Я відповім на лист завтра.
585,informace,сущ.,ж.р.,informace,A1,Технологии и медиа,информация,інформація,information,,information,https://loremflickr.com/640/480/information,Potřebuji více informací.,Мне нужно больше информации.,Мені потрібно більше інформації.,Kde najdu tu informaci?,Где я найду эту информацию?,Де я знайду цю інформацію?
586,internet,сущ.,м.р.,internetu,A1,Технологии и медиа,интернет,інтернет,internet,,internet,https://loremflickr.com/640/480/internet,Hledám to na internetu.,Я ищу это в интернете.,Я шукаю це в інтернеті.,Internet dnes nefunguje.,Интернет сегодня не работает.,Інтернет сьогодні не працює.
587,mobil,сущ.,м.р.,mobilu,A1,Технологии и медиа,мобильный телефон,мобільний телефон,mobile phone,,mobilephone,https://loremflickr.com/640/480/mobilephone,Zapomněl jsem mobil doma.,Я забыл телефон дома.,Я забув телефон удома.,Volej mi na mobil.,Звони мне на мобильный.,Телефонуй мені на мобільний.
588,notebook,сущ.,м.р.,notebooku,A1,Технологии и медиа,ноутбук,ноутбук,laptop,,laptop,https://loremflickr.com/640/480/laptop,Pracuji na notebooku.,Я работаю на ноутбуке.,Я працюю на ноутбуці.,Notebook je nový.,Ноутбук новый.,Ноутбук новий.
589,noviny,сущ.,мн.ч.,novin,A1,Технологии и медиа,газета,газета,newspaper,,newspaper,https://loremflickr.com/640/480/newspaper,Čtu noviny ráno.,Я читаю газету утром.,Я читаю газету вранці.,V novinách o tom psali.,В газете об этом писали.,У газеті про це писали.
590,počítač,сущ.,м.р.,počítače,A1,Технологии и медиа,компьютер,комп'ютер,computer,,computer,https://loremflickr.com/640/480/computer,Pracuji na počítači.,Я работаю за компьютером.,Я працюю за комп'ютером.,Počítač se pokazil.,Компьютер сломался.,Комп'ютер зламався.
591,program,сущ.,м.р.,programu,A1,Технологии и медиа,программа,програма,programme; software,,software,https://loremflickr.com/640/480/software,Ten program neznám.,Эту программу я не знаю.,Цю програму я не знаю.,Jaký je program na dnešek?,Какая программа на сегодня?,Яка програма на сьогодні?
592,rádio,сущ.,ср.р.,rádia,A1,Технологии и медиа,радио,радіо,radio,,radio,https://loremflickr.com/640/480/radio,Poslouchám rádio v autě.,Я слушаю радио в машине.,Я слухаю радіо в машині.,V rádiu hrají dobrou hudbu.,По радио играет хорошая музыка.,По радіо грає гарна музика.
593,video,сущ.,ср.р.,videa,A1,Технологии и медиа,видео,відео,video,,video,https://loremflickr.com/640/480/video,Poslal jsem ti video.,Я отправил тебе видео.,Я надіслав тобі відео.,Video mělo dvě minuty.,Видео длилось две минуты.,Відео тривало дві хвилини.
594,auto,сущ.,ср.р.,auta,A1,Транспорт,машина; автомобиль,машина; автомобіль,car,,car,https://loremflickr.com/640/480/car,Máme nové auto.,У нас новая машина.,У нас нова машина.,Jedu autem do práce.,Я еду на работу на машине.,Я їду на роботу машиною.
595,autobus,сущ.,м.р.,autobusu,A1,Транспорт,автобус,автобус,bus,,bus,https://loremflickr.com/640/480/bus,Jedu autobusem.,Я еду на автобусе.,Я їду автобусом.,Autobus má zpoždění.,Автобус опаздывает.,Автобус запізнюється.
596,cestovat,гл.,несов.,,A1,Транспорт,путешествовать,подорожувати,to travel,,travelling,https://loremflickr.com/640/480/travelling,Rád cestuji.,Я люблю путешествовать.,Я люблю подорожувати.,Cestujeme po Evropě.,Мы путешествуем по Европе.,Ми подорожуємо Європою.
597,chodit,гл.,несов.,,A1,Транспорт,ходить,ходити,to walk; to go (regularly),,walking,https://loremflickr.com/640/480/walking,Chodím do práce pěšky.,Я хожу на работу пешком.,Я ходжу на роботу пішки.,Chodíš často do kina?,Ты часто ходишь в кино?,Ти часто ходиш у кіно?
598,jet,гл.,несов.,,A1,Транспорт,ехать,їхати,to go (by vehicle),,driving,https://loremflickr.com/640/480/driving,Jedu do Brna.,Я еду в Брно.,Я їду до Брна.,Jedeme tam autem.,Мы едем туда на машине.,Ми їдемо туди машиною.
599,jezdit,гл.,несов.,,A1,Транспорт,ездить,їздити,"to go (by vehicle, regularly)",,driving,https://loremflickr.com/640/480/driving,Jezdím tam každý týden.,Я езжу туда каждую неделю.,Я їжджу туди щотижня.,Jezdí do práce metrem.,Он ездит на работу на метро.,Він їздить на роботу метро.
600,jít,гл.,несов.,,A1,Транспорт,идти,йти,to go; to walk,,walking,https://loremflickr.com/640/480/walking,Jdu do obchodu.,Я иду в магазин.,Я йду в магазин.,Jdeme domů.,Мы идём домой.,Ми йдемо додому.
601,jízdenka,сущ.,ж.р.,jízdenky,A1,Транспорт,билет (на транспорт),квиток,ticket,,ticket,https://loremflickr.com/640/480/ticket,Kup si jízdenku.,Купи билет.,Купи квиток.,Jízdenka platí třicet minut.,Билет действует тридцать минут.,Квиток діє тридцять хвилин.
602,kolo (jízdní),сущ.,ср.р.,kola,A1,Транспорт,велосипед,велосипед,bicycle,,bicycle,https://loremflickr.com/640/480/bicycle,Jezdím na kole.,Я езжу на велосипеде.,Я їжджу на велосипеді.,Kolo mám nové.,У меня новый велосипед.,У мене новий велосипед.
603,letadlo,сущ.,ср.р.,letadla,A1,Транспорт,самолёт,літак,plane,,airplane,https://loremflickr.com/640/480/airplane,Letím letadlem do Kyjeva.,Я лечу самолётом в Киев.,Я лечу літаком до Києва.,Letadlo má zpoždění.,Самолёт задерживается.,Літак затримується.
604,letět,гл.,несов.,,A1,Транспорт,лететь,летіти,to fly,,flying,https://loremflickr.com/640/480/flying,Letím zítra ráno.,Я лечу завтра утром.,Я лечу завтра вранці.,Letěli jsme tři hodiny.,Мы летели три часа.,Ми летіли три години.
605,metro,сущ.,ср.р.,metra,A1,Транспорт,метро,метро,underground; metro,,metro,https://loremflickr.com/640/480/metro,Jedu metrem.,Я еду на метро.,Я їду метро.,Metro jezdí do půlnoci.,Метро ходит до полуночи.,Метро їздить до півночі.
606,taxi,сущ.,ср.р.,taxi,A1,Транспорт,такси,таксі,taxi,,taxi,https://loremflickr.com/640/480/taxi,Zavolám taxi.,Я вызову такси.,Я викличу таксі.,Taxi je drahé.,Такси дорогое.,Таксі дороге.
607,tramvaj,сущ.,ж.р.,tramvaje,A1,Транспорт,трамвай,трамвай,tram,,tram,https://loremflickr.com/640/480/tram,Jedu tramvají číslo devět.,Я еду на трамвае номер девять.,Я їду трамваєм номер дев'ять.,Tramvaj tady nejezdí.,Трамвай здесь не ходит.,Трамвай тут не їздить.
608,vlak,сущ.,м.р.,vlaku,A1,Транспорт,поезд,потяг,train,,train,https://loremflickr.com/640/480/train,Jedu vlakem do Brna.,Я еду поездом в Брно.,Я їду потягом до Брна.,Vlak odjíždí v osm.,Поезд отправляется в восемь.,Потяг відправляється о восьмій.
609,Kde je nejbližší bankomat?,фраза,,,A1,Фразы: банк,Где ближайший банкомат?,Де найближчий банкомат?,,,,,Kde je nejbližší bankomat?,Где ближайший банкомат?,Де найближчий банкомат?,"Promiňte, kde je tady bankomat?","Извините, где здесь банкомат?","Вибачте, де тут банкомат?"
610,Bydlím v Praze,фраза,,,A1,Фразы: знакомство,Я живу в Праге,Я живу в Празі,,,,,Bydlím v Praze už rok.,Я живу в Праге уже год.,Я живу в Празі вже рік.,"Bydlím v Praze, v Karlíně.","Я живу в Праге, в Карлине.","Я живу в Празі, у Карліні."
611,Je mi dvacet let,фраза,,,A1,Фразы: знакомство,Мне двадцать лет,Мені двадцять років,,,,,Je mi dvacet let.,Мне двадцать лет.,Мені двадцять років.,Kolik ti je? Je mi třicet.,Сколько тебе лет? Мне тридцать.,Скільки тобі років? Мені тридцять.
612,Jmenuji se...,фраза,,,A1,Фразы: знакомство,Меня зовут...,Мене звати...,,,,,Jmenuji se Viktor.,Меня зовут Виктор.,Мене звати Віктор.,"Jmenuji se Anna, těší mě.","Меня зовут Анна, приятно познакомиться.","Мене звати Анна, приємно познайомитися."
613,Jsem z Ukrajiny,фраза,,,A1,Фразы: знакомство,Я из Украины,Я з України,,,,,"Jsem z Ukrajiny, z Kyjeva.","Я из Украины, из Киева.","Я з України, з Києва.","Jsem z Ukrajiny, ale žiju tady.","Я из Украины, но живу здесь.","Я з України, але живу тут."
614,Pracuji jako...,фраза,,,A1,Фразы: знакомство,Я работаю...,Я працюю...,,,,,Pracuji jako programátor.,Я работаю программистом.,Я працюю програмістом.,Pracuji jako kuchař v restauraci.,Я работаю поваром в ресторане.,Я працюю кухарем у ресторані.
615,Učím se česky,фраза,,,A1,Фразы: знакомство,Я учу чешский,Я вчу чеську,,,,,Učím se česky půl roku.,Я учу чешский полгода.,Я вчу чеську пів року.,Učím se česky každý den.,Я учу чешский каждый день.,Я вчу чеську щодня.
616,Berete karty?,фраза,,,A1,Фразы: магазин,Вы принимаете карты?,Ви приймаєте картки?,,,,,Berete karty?,Вы принимаете карты?,Ви приймаєте картки?,"Berete karty, nebo jen hotovost?",Вы принимаете карты или только наличные?,Ви приймаєте картки чи лише готівку?
617,Kolik to bude celkem?,фраза,,,A1,Фразы: магазин,Сколько будет всего?,Скільки буде разом?,,,,,Kolik to bude celkem?,Сколько будет всего?,Скільки буде разом?,Kolik to bude celkem za všechno?,Сколько будет за всё?,Скільки буде за все?
618,Potřebuji tašku,фраза,,,A1,Фразы: магазин,Мне нужен пакет,Мені потрібен пакет,,,,,"Potřebuji tašku, prosím.","Мне нужен пакет, пожалуйста.","Мені потрібен пакет, будь ласка.",Máte velkou tašku?,У вас есть большой пакет?,У вас є великий пакет?
619,Není zač,фраза,,,A1,Фразы: общение,Не за что,Нема за що,,,,,Děkuji. — Není zač.,Спасибо. — Не за что.,Дякую. — Нема за що.,"Není zač, rád jsem pomohl.","Не за что, рад был помочь.","Нема за що, радий був допомогти."
620,To nevadí,фраза,,,A1,Фразы: общение,Ничего страшного,Нічого страшного,,,,,Promiň! — To nevadí.,Извини! — Ничего страшного.,Вибач! — Нічого страшного.,"To nevadí, stane se.","Ничего, бывает.","Нічого, буває."
621,"Pomozte mi, prosím",фраза,,,A1,Фразы: проблемы,"Помогите мне, пожалуйста","Допоможіть мені, будь ласка",,,,,"Pomozte mi, prosím!","Помогите мне, пожалуйста!","Допоможіть мені, будь ласка!",Pomozte mi s tím kufrem.,Помогите мне с этим чемоданом.,Допоможіть мені з цією валізою.
622,Dám si...,фраза,,,A1,Фразы: ресторан,Я буду... (заказ),Я візьму...,,,,,Dám si guláš.,Я буду гуляш.,Я візьму гуляш.,Dám si kávu a vodu.,Я буду кофе и воду.,Я візьму каву й воду.
623,"Ještě jedno pivo, prosím",фраза,,,A1,Фразы: ресторан,"Ещё одно пиво, пожалуйста","Ще одне пиво, будь ласка",,,,,"Ještě jedno pivo, prosím.","Ещё одно пиво, пожалуйста.","Ще одне пиво, будь ласка.",Ještě jedno a zaplatíme.,"Ещё одно, и рассчитаемся.","Ще одне, і розрахуємося."
624,Kde je toaleta?,фраза,,,A1,Фразы: ресторан,Где туалет?,Де туалет?,,,,,Kde je toaleta?,Где туалет?,Де туалет?,"Promiňte, kde je tu toaleta?","Извините, где здесь туалет?","Вибачте, де тут туалет?"
625,"Zaplatím kartou, prosím",фраза,,,A1,Фразы: ресторан,"Оплачу картой, пожалуйста","Розрахуюся карткою, будь ласка",,,,,"Zaplatím kartou, prosím.","Оплачу картой, пожалуйста.","Розрахуюся карткою, будь ласка.","Zaplatím kartou, jde to?","Заплачу картой, можно?","Заплачу карткою, можна?"
626,Kde si můžu koupit jízdenku?,фраза,,,A1,Фразы: транспорт,Где можно купить билет?,Де можна купити квиток?,,,,,Kde si můžu koupit jízdenku?,Где можно купить билет?,Де можна купити квиток?,Kde si koupím jízdenku na vlak?,Где купить билет на поезд?,Де купити квиток на потяг?
627,Kolik stojí jízdenka?,фраза,,,A1,Фразы: транспорт,Сколько стоит билет?,Скільки коштує квиток?,,,,,Kolik stojí jízdenka?,Сколько стоит билет?,Скільки коштує квиток?,Kolik stojí jízdenka do centra?,Сколько стоит билет до центра?,Скільки коштує квиток до центру?
628,Bolí mě hlava,фраза,,,A1,Фразы: у врача,У меня болит голова,У мене болить голова,,,,,Bolí mě hlava.,У меня болит голова.,У мене болить голова.,Bolí mě hlava od rána.,У меня голова болит с утра.,У мене голова болить зранку.
629,Jsem nemocný,фраза,,,A1,Фразы: у врача,Я болен,Я хворий,,,,,"Jsem nemocný, nepřijdu.","Я болен, не приду.","Я хворий, не прийду.",Jsem nemocný už tři dny.,Я болею уже три дня.,Я хворію вже три дні.
630,Kde je nejbližší lékárna?,фраза,,,A1,Фразы: у врача,Где ближайшая аптека?,Де найближча аптека?,,,,,Kde je nejbližší lékárna?,Где ближайшая аптека?,Де найближча аптека?,Je tu někde lékárna?,Здесь есть где-нибудь аптека?,Тут є десь аптека?
631,Co znamená to slovo?,фраза,,,A1,Фразы: язык,Что означает это слово?,Що означає це слово?,,,,,Co znamená to slovo?,Что означает это слово?,Що означає це слово?,"Promiňte, co znamená „pozor“?","Извините, что значит «pozor»?","Вибачте, що означає «pozor»?"
632,Jak se to píše?,фраза,,,A1,Фразы: язык,Как это пишется?,Як це пишеться?,,,,,Jak se to píše?,Как это пишется?,Як це пишеться?,Jak se píše vaše příjmení?,Как пишется ваша фамилия?,Як пишеться ваше прізвище?
633,"Ještě jednou, prosím",фраза,,,A1,Фразы: язык,"Ещё раз, пожалуйста","Ще раз, будь ласка",,,,,"Ještě jednou, prosím.","Ещё раз, пожалуйста.","Ще раз, будь ласка.","Ještě jednou a pomaleji, prosím.","Ещё раз и медленнее, пожалуйста.","Ще раз і повільніше, будь ласка."
634,Mluvíte rusky nebo ukrajinsky?,фраза,,,A1,Фразы: язык,Вы говорите по-русски или по-украински?,Ви говорите російською чи українською?,,,,,Mluvíte rusky nebo ukrajinsky?,Вы говорите по-русски или по-украински?,Ви говорите російською чи українською?,Mluví tu někdo ukrajinsky?,Здесь кто-нибудь говорит по-украински?,Тут хтось говорить українською?
635,Můžete mi to napsat?,фраза,,,A1,Фразы: язык,Можете мне это написать?,Можете мені це написати?,,,,,Můžete mi to napsat?,Можете мне это написать?,Можете мені це написати?,Můžete mi napsat tu adresu?,Можете написать мне этот адрес?,Можете написати мені цю адресу?
636,Nemluvím moc dobře česky,фраза,,,A1,Фразы: язык,Я не очень хорошо говорю по-чешски,Я не дуже добре говорю чеською,,,,,Nemluvím moc dobře česky.,Я не очень хорошо говорю по-чешски.,Я не дуже добре говорю чеською.,"Nemluvím dobře česky, promiňte.","Я плохо говорю по-чешски, извините.","Я погано говорю чеською, вибачте."
637,chytrý,прил.,,,A1,Характер,умный,розумний,clever; smart,,,,Je to chytré dítě.,Это умный ребёнок.,Це розумна дитина.,Máš chytrý nápad.,У тебя умная идея.,У тебе розумна ідея.
638,hodný,прил.,,,A1,Характер,добрый; послушный,добрий; чемний,kind; good,,,,Je to hodný člověk.,Это добрый человек.,Це добра людина.,Buď hodný.,Веди себя хорошо.,Поводься добре.
639,milý,прил.,,,A1,Характер,милый; любезный,милий; люб'язний,nice; kind,,,,Je to milá paní.,Это приятная женщина.,Це мила пані.,Byl na mě milý.,Он был со мной любезен.,Він був зі мною люб'язний.
640,smutný,прил.,,,A1,Характер,грустный,сумний,sad,,sad,https://loremflickr.com/640/480/sad,Proč jsi smutný?,Почему ты грустный?,Чому ти сумний?,Byl to smutný film.,Это был грустный фильм.,Це був сумний фільм.
641,veselý,прил.,,,A1,Характер,весёлый,веселий,cheerful; merry,,cheerful,https://loremflickr.com/640/480/cheerful,Má veselou povahu.,У него весёлый характер.,У нього весела вдача.,Byl to veselý večer.,Это был весёлый вечер.,Це був веселий вечір.
642,barva,сущ.,ж.р.,barvy,A1,Цвета,цвет; краска,колір; фарба,colour; paint,,colours,https://loremflickr.com/640/480/colours,Jakou barvu máš rád?,Какой цвет ты любишь?,Який колір ти любиш?,Ta barva se mi líbí.,Этот цвет мне нравится.,Цей колір мені подобається.
643,bílý,прил.,,,A1,Цвета,белый,білий,white,,white,https://loremflickr.com/640/480/white,Mám bílé tričko.,У меня белая футболка.,У мене біла футболка.,Sníh je bílý.,Снег белый.,Сніг білий.
644,černý,прил.,,,A1,Цвета,чёрный,чорний,black,,black,https://loremflickr.com/640/480/black,Mám černé boty.,У меня чёрные ботинки.,У мене чорні черевики.,Káva bez mléka je černá.,Кофе без молока чёрный.,Кава без молока чорна.
645,červený,прил.,,,A1,Цвета,красный,червоний,red,,red,https://loremflickr.com/640/480/red,Koupil jsem červené víno.,Я купил красное вино.,Я купив червоне вино.,Na semaforu je červená.,На светофоре красный.,На світлофорі червоне.
646,hnědý,прил.,,,A1,Цвета,коричневый,коричневий,brown,,brown,https://loremflickr.com/640/480/brown,Má hnědé oči.,У неё карие глаза.,У неї карі очі.,Ten stůl je hnědý.,Этот стол коричневый.,Цей стіл коричневий.
647,modrý,прил.,,,A1,Цвета,синий,синій,blue,,blue,https://loremflickr.com/640/480/blue,Nebe je modré.,Небо синее.,Небо синє.,Mám modrou bundu.,У меня синяя куртка.,У мене синя куртка.
648,šedý,прил.,,,A1,Цвета,серый,сірий,grey,,grey,https://loremflickr.com/640/480/grey,Má šedé vlasy.,У него седые волосы.,У нього сиве волосся.,Dnes je šedý den.,Сегодня серый день.,Сьогодні сірий день.
649,zelený,прил.,,,A1,Цвета,зелёный,зелений,green,,green,https://loremflickr.com/640/480/green,Tráva je zelená.,Трава зелёная.,Трава зелена.,Mám zelený svetr.,У меня зелёный свитер.,У мене зелений светр.
650,žlutý,прил.,,,A1,Цвета,жёлтый,жовтий,yellow,,yellow,https://loremflickr.com/640/480/yellow,Citron je žlutý.,Лимон жёлтый.,Лимон жовтий.,Koupila si žluté šaty.,Она купила жёлтое платье.,Вона купила жовту сукню.
651,číslo,сущ.,ср.р.,čísla,A1,Числа,число; номер,число; номер,number,,number,https://loremflickr.com/640/480/number,Jaké je vaše telefonní číslo?,Какой ваш номер телефона?,Який ваш номер телефону?,Bydlím v čísle pět.,Я живу в доме номер пять.,Я живу в будинку номер п'ять.
652,čtrnáct,числ.,,,A1,Числа,четырнадцать,чотирнадцять,fourteen,,,,Je mi čtrnáct let.,Мне четырнадцать лет.,Мені чотирнадцять років.,Přijdu ve čtrnáct hodin.,Я приду в четырнадцать часов.,Я прийду о чотирнадцятій.
653,čtvrtý,числ.,,,A1,Числа,четвёртый,четвертий,fourth,,,,Bydlím ve čtvrtém patře.,Я живу на четвёртом этаже.,Я живу на четвертому поверсі.,Je to čtvrtý den v Praze.,Это четвёртый день в Праге.,Це четвертий день у Празі.
654,čtyři,числ.,,,A1,Числа,четыре,чотири,four,,,,Mám čtyři knihy.,У меня четыре книги.,У мене чотири книги.,Přijdu ve čtyři.,Я приду в четыре.,Я прийду о четвертій.
655,čtyřicet,числ.,,,A1,Числа,сорок,сорок,forty,,,,Je mu čtyřicet let.,Ему сорок лет.,Йому сорок років.,Stojí to čtyřicet korun.,Это стоит сорок крон.,Це коштує сорок крон.
656,deset,числ.,,,A1,Числа,десять,десять,ten,,,,Mám deset korun.,У меня десять крон.,У мене десять крон.,Přijdu za deset minut.,Я приду через десять минут.,Я прийду за десять хвилин.
657,devadesát,числ.,,,A1,Числа,девяносто,дев'яносто,ninety,,,,Babičce je devadesát let.,Бабушке девяносто лет.,Бабусі дев'яносто років.,Stojí to devadesát korun.,Это стоит девяносто крон.,Це коштує дев'яносто крон.
658,devatenáct,числ.,,,A1,Числа,девятнадцать,дев'ятнадцять,nineteen,,,,Je mi devatenáct.,Мне девятнадцать.,Мені дев'ятнадцять.,Bydlím v čísle devatenáct.,Я живу в доме девятнадцать.,Я живу в будинку дев'ятнадцять.
659,devět,числ.,,,A1,Числа,девять,дев'ять,nine,,,,Mám devět korun.,У меня девять крон.,У мене дев'ять крон.,Vstávám v devět.,Я встаю в девять.,Я встаю о дев'ятій.
660,druhý,числ.,,,A1,Числа,второй,другий,second,,,,Bydlím ve druhém patře.,Я живу на втором этаже.,Я живу на другому поверсі.,Je to můj druhý rok tady.,Это мой второй год здесь.,Це мій другий рік тут.
661,dva,числ.,,,A1,Числа,два,два,two,,,,Mám dva bratry.,У меня два брата.,У мене два брати.,Přijdu za dvě hodiny.,Я приду через два часа.,Я прийду за дві години.
662,dvacet,числ.,,,A1,Числа,двадцать,двадцять,twenty,,,,Je mi dvacet let.,Мне двадцать лет.,Мені двадцять років.,Stojí to dvacet korun.,Это стоит двадцать крон.,Це коштує двадцять крон.
663,dvanáct,числ.,,,A1,Числа,двенадцать,дванадцять,twelve,,,,Je dvanáct hodin.,Сейчас двенадцать часов.,Зараз дванадцята година.,Mám dvanáct lekcí.,У меня двенадцать занятий.,У мене дванадцять занять.
664,jeden,числ.,,,A1,Числа,один,один,one,,,,Mám jeden lístek.,У меня один билет.,У мене один квиток.,Dej mi jedno pivo.,Дай мне одно пиво.,Дай мені одне пиво.
665,jedenáct,числ.,,,A1,Числа,одиннадцать,одинадцять,eleven,,,,Je jedenáct hodin.,Сейчас одиннадцать часов.,Зараз одинадцята година.,Je mu jedenáct let.,Ему одиннадцать лет.,Йому одинадцять років.
666,málo,нареч.,,,A1,Числа,мало,мало,few; little,,,,Mám málo času.,У меня мало времени.,У мене мало часу.,Jí málo zeleniny.,Он ест мало овощей.,Він їсть мало овочів.
667,mnoho,нареч.,,,A1,Числа,много,багато,many; much,,,,Mnoho lidí sem chodí.,Много людей сюда ходит.,Багато людей сюди ходить.,Mnoho štěstí!,Много счастья!,Багато щастя!
668,nula,числ.,,,A1,Числа,ноль,нуль,zero,,,,Nula stupňů.,Ноль градусов.,Нуль градусів.,Zbývá mi nula korun.,У меня осталось ноль крон.,У мене залишилося нуль крон.
669,osm,числ.,,,A1,Числа,восемь,вісім,eight,,,,Mám osm hodin práce.,У меня восемь часов работы.,У мене вісім годин роботи.,Vstávám v osm.,Я встаю в восемь.,Я встаю о восьмій.
670,osmdesát,числ.,,,A1,Числа,восемьдесят,вісімдесят,eighty,,,,Dědečkovi je osmdesát.,Дедушке восемьдесят.,Дідусеві вісімдесят.,Stojí to osmdesát korun.,Это стоит восемьдесят крон.,Це коштує вісімдесят крон.
671,osmnáct,числ.,,,A1,Числа,восемнадцать,вісімнадцять,eighteen,,,,Je mi osmnáct let.,Мне восемнадцать лет.,Мені вісімнадцять років.,Bydlím v čísle osmnáct.,Я живу в доме восемнадцать.,Я живу в будинку вісімнадцять.
672,padesát,числ.,,,A1,Числа,пятьдесят,п'ятдесят,fifty,,,,Stojí to padesát korun.,Это стоит пятьдесят крон.,Це коштує п'ятдесят крон.,Je mu padesát let.,Ему пятьдесят лет.,Йому п'ятдесят років.
673,patnáct,числ.,,,A1,Числа,пятнадцать,п'ятнадцять,fifteen,,,,Přijdu za patnáct minut.,Я приду через пятнадцать минут.,Я прийду за п'ятнадцять хвилин.,Je mi patnáct.,Мне пятнадцать.,Мені п'ятнадцять.
674,pátý,числ.,,,A1,Числа,пятый,п'ятий,fifth,,,,Bydlím v pátém patře.,Я живу на пятом этаже.,Я живу на п'ятому поверсі.,Je to pátý den.,Это пятый день.,Це п'ятий день.
675,pět,числ.,,,A1,Числа,пять,п'ять,five,,,,Mám pět korun.,У меня пять крон.,У мене п'ять крон.,Přijdu v pět.,Я приду в пять.,Я прийду о п'ятій.
676,poslední,прил.,,,A1,Числа,последний,останній,last,,,,To byl poslední autobus.,Это был последний автобус.,Це був останній автобус.,Poslední den dovolené.,Последний день отпуска.,Останній день відпустки.
677,první,числ.,,,A1,Числа,первый,перший,first,,,,Bydlím v prvním patře.,Я живу на первом этаже.,Я живу на першому поверсі.,Je to můj první den v práci.,Это мой первый день на работе.,Це мій перший день на роботі.
678,půl,числ.,,,A1,Числа,половина; пол-,пів,half,,,,Je půl osmé.,Половина восьмого.,Пів на восьму.,Dej mi půl kila jablek.,Дай мне полкило яблок.,Дай мені пів кіла яблук.
679,sedm,числ.,,,A1,Числа,семь,сім,seven,,,,Mám sedm korun.,У меня семь крон.,У мене сім крон.,Vstávám v sedm.,Я встаю в семь.,Я встаю о сьомій.
680,sedmdesát,числ.,,,A1,Числа,семьдесят,сімдесят,seventy,,,,Je mu sedmdesát let.,Ему семьдесят лет.,Йому сімдесят років.,Stojí to sedmdesát korun.,Это стоит семьдесят крон.,Це коштує сімдесят крон.
681,sedmnáct,числ.,,,A1,Числа,семнадцать,сімнадцять,seventeen,,,,Je mi sedmnáct.,Мне семнадцать.,Мені сімнадцять.,Přijdu v sedmnáct hodin.,Я приду в семнадцать часов.,Я прийду о сімнадцятій.
682,sto,числ.,,,A1,Числа,сто,сто,hundred,,,,Stojí to sto korun.,Это стоит сто крон.,Це коштує сто крон.,Do centra je to sto metrů.,До центра сто метров.,До центру сто метрів.
683,šedesát,числ.,,,A1,Числа,шестьдесят,шістдесят,sixty,,,,Je mu šedesát let.,Ему шестьдесят лет.,Йому шістдесят років.,Stojí to šedesát korun.,Это стоит шестьдесят крон.,Це коштує шістдесят крон.
684,šest,числ.,,,A1,Числа,шесть,шість,six,,,,Mám šest korun.,У меня шесть крон.,У мене шість крон.,Přijdu v šest.,Я приду в шесть.,Я прийду о шостій.
685,šestnáct,числ.,,,A1,Числа,шестнадцать,шістнадцять,sixteen,,,,Je mi šestnáct.,Мне шестнадцать.,Мені шістнадцять.,Bydlím v čísle šestnáct.,Я живу в доме шестнадцать.,Я живу в будинку шістнадцять.
686,tisíc,числ.,,,A1,Числа,тысяча,тисяча,thousand,,,,"Byt stojí milion, ne tisíc.","Квартира стоит миллион, а не тысячу.","Квартира коштує мільйон, а не тисячу.",Mám tisíc korun.,У меня тысяча крон.,У мене тисяча крон.
687,třetí,числ.,,,A1,Числа,третий,третій,third,,,,Bydlím ve třetím patře.,Я живу на третьем этаже.,Я живу на третьому поверсі.,Je to třetí den v práci.,Это третий день на работе.,Це третій день на роботі.
688,tři,числ.,,,A1,Числа,три,три,three,,,,Mám tři děti.,У меня трое детей.,У мене троє дітей.,Přijdu ve tři.,Я приду в три.,Я прийду о третій.
689,třicet,числ.,,,A1,Числа,тридцать,тридцять,thirty,,,,Je mi třicet let.,Мне тридцать лет.,Мені тридцять років.,Stojí to třicet korun.,Это стоит тридцать крон.,Це коштує тридцять крон.
690,třináct,числ.,,,A1,Числа,тринадцать,тринадцять,thirteen,,,,Je mi třináct.,Мне тринадцать.,Мені тринадцять.,Bydlím v čísle třináct.,Я живу в доме тринадцать.,Я живу в будинку тринадцять.
691,láska,сущ.,ж.р.,lásky,A1,Эмоции,любовь,любов,love,,love,https://loremflickr.com/640/480/love,Je to velká láska.,Это большая любовь.,Це велике кохання.,Dělám to z lásky.,Я делаю это из любви.,Я роблю це з любові.
692,mít rád,гл.,несов.,,A1,Эмоции,любить; нравиться,любити; подобатися,to like; to love,,,,Mám rád českou kuchyni.,Я люблю чешскую кухню.,Я люблю чеську кухню.,Máš rád kávu?,Ты любишь кофе?,Ти любиш каву?
693,šťastný,прил.,,,A1,Эмоции,счастливый,щасливий,happy,,happy,https://loremflickr.com/640/480/happy,Jsem šťastný.,Я счастлив.,Я щасливий.,Byl to šťastný den.,Это был счастливый день.,Це був щасливий день.
694,unavený,прил.,,,A1,Эмоции,уставший,втомлений,tired,,tired,https://loremflickr.com/640/480/tired,Jsem unavený.,Я устал.,Я втомився.,Po práci jsem unavená.,После работы я уставшая.,Після роботи я втомлена.
695,část,сущ.,ж.р.,části,A2,Абстрактные понятия,часть,частина,part,,,,Přečetl jsem první část knihy.,Я прочитал первую часть книги.,Я прочитав першу частину книги.,Většina části města je stará.,Большая часть города старая.,Більша частина міста стара.
696,fronta,сущ.,ж.р.,fronty,A2,Абстрактные понятия,очередь,черга,queue; line,,queue,https://loremflickr.com/640/480/queue,U pokladny je dlouhá fronta.,У кассы длинная очередь.,Біля каси довга черга.,Stojím ve frontě půl hodiny.,Я стою в очереди полчаса.,Я стою в черзі пів години.
697,historie,сущ.,ж.р.,historie,A2,Абстрактные понятия,история,історія,history,,history,https://loremflickr.com/640/480/history,Zajímám se o historii.,Я интересуюсь историей.,Я цікавлюся історією.,Praha má bohatou historii.,У Праги богатая история.,Прага має багату історію.
698,kultura,сущ.,ж.р.,kultury,A2,Абстрактные понятия,культура,культура,culture,,culture,https://loremflickr.com/640/480/culture,Česká kultura je zajímavá.,Чешская культура интересна.,Чеська культура цікава.,Rozdíly v kultuře jsou velké.,Различия в культуре большие.,Відмінності в культурі великі.
699,možnost,сущ.,ж.р.,možnosti,A2,Абстрактные понятия,возможность,можливість,possibility; option,,,,Máš dvě možnosti.,У тебя два варианта.,У тебе два варіанти.,Není jiná možnost.,Другого варианта нет.,Іншого варіанту немає.
700,nápad,сущ.,м.р.,nápadu,A2,Абстрактные понятия,идея,ідея,idea,,"idea,lightbulb","https://loremflickr.com/640/480/idea,lightbulb",To je dobrý nápad.,Это хорошая идея.,Це гарна ідея.,Kdo přišel s tím nápadem?,Кто придумал эту идею?,Хто придумав цю ідею?
701,plán,сущ.,м.р.,plánu,A2,Абстрактные понятия,план,план,plan,,plan,https://loremflickr.com/640/480/plan,Jaké máš plány na víkend?,Какие у тебя планы на выходные?,Які в тебе плани на вихідні?,Všechno jde podle plánu.,Всё идёт по плану.,Усе йде за планом.
702,pravidlo,сущ.,ср.р.,pravidla,A2,Абстрактные понятия,правило,правило,rule,,,,To je důležité pravidlo.,Это важное правило.,Це важливе правило.,Musíme dodržovat pravidla.,Мы должны соблюдать правила.,Ми маємо дотримуватися правил.
703,prezident,сущ.,м.р.,prezidenta,A2,Абстрактные понятия,президент,президент,president,,president,https://loremflickr.com/640/480/president,Prezident bydlí na Hradě.,Президент живёт в Граде.,Президент живе в Граді.,Volili nového prezidenta.,Выбрали нового президента.,Обрали нового президента.
704,příklad,сущ.,м.р.,příkladu,A2,Абстрактные понятия,пример,приклад,example,,,,Dám ti příklad.,Я приведу тебе пример.,Я наведу тобі приклад.,Je to dobrý příklad.,Это хороший пример.,Це гарний приклад.
705,řada,сущ.,ж.р.,řady,A2,Абстрактные понятия,ряд; очередь,ряд; черга,row; queue; series,,row,https://loremflickr.com/640/480/row,Sedíme v první řadě.,Мы сидим в первом ряду.,Ми сидимо в першому ряду.,Stojím v řadě na jídlo.,Я стою в очереди за едой.,Я стою в черзі по їжу.
706,sen,сущ.,м.р.,snu,A2,Абстрактные понятия,сон; мечта,сон; мрія,dream; sleep,,dream,https://loremflickr.com/640/480/dream,Měl jsem zvláštní sen.,Мне приснился странный сон.,Мені наснився дивний сон.,Je to můj sen žít v Praze.,Моя мечта — жить в Праге.,Моя мрія — жити в Празі.
707,situace,сущ.,ж.р.,situace,A2,Абстрактные понятия,ситуация,ситуація,situation,,,,Situace je složitá.,Ситуация сложная.,Ситуація складна.,"V takové situaci nevím, co dělat.","В такой ситуации я не знаю, что делать.","У такій ситуації я не знаю, що робити."
708,skupina,сущ.,ж.р.,skupiny,A2,Абстрактные понятия,группа,група,group,,group,https://loremflickr.com/640/480/group,Jsme skupina pěti lidí.,Нас группа из пяти человек.,Нас група з п'яти осіб.,Učím se ve skupině.,Я учусь в группе.,Я навчаюся в групі.
709,stát,сущ.,м.р.,státu,A2,Абстрактные понятия,государство,держава,state; country,,,,Česko je malý stát.,Чехия — маленькое государство.,Чехія — мала держава.,Stát platí zdravotní péči.,Государство оплачивает медицину.,Держава оплачує медицину.
710,typ,сущ.,м.р.,typu,A2,Абстрактные понятия,тип,тип,type,,,,Jaký typ bytu hledáš?,Какой тип квартиры ты ищешь?,Який тип квартири ти шукаєш?,Není to můj typ.,Это не мой тип.,Це не мій тип.
711,výsledek,сущ.,м.р.,výsledku,A2,Абстрактные понятия,результат,результат,result,,,,Jaký byl výsledek testu?,Какой был результат теста?,Який був результат тесту?,Čekám na výsledky.,Я жду результатов.,Я чекаю на результати.
712,změna,сущ.,ж.р.,změny,A2,Абстрактные понятия,изменение,зміна,change,,,,To je velká změna.,Это большое изменение.,Це велика зміна.,Nebojím se změn.,Я не боюсь перемен.,Я не боюся змін.
713,běžet,гл.,несов.,,A2,Базовые глаголы,бежать,бігти,to run,,running,https://loremflickr.com/640/480/running,Běžím na autobus.,Я бегу на автобус.,Я біжу на автобус.,Běžel celou cestu.,Он бежал всю дорогу.,Він біг усю дорогу.
714,děkovat,гл.,несов.,,A2,Базовые глаголы,благодарить,дякувати,to thank,,,,Děkuji vám za pomoc.,Благодарю вас за помощь.,Дякую вам за допомогу.,Chci ti poděkovat.,Я хочу тебя поблагодарить.,Я хочу тобі подякувати.
715,dostávat,гл.,несов.,,A2,Базовые глаголы,получать,отримувати,to receive; to get,,,,Dostávám plat každý měsíc.,Я получаю зарплату каждый месяц.,Я отримую зарплату щомісяця.,Dostáváme hodně e-mailů.,Мы получаем много писем.,Ми отримуємо багато листів.
716,kouřit,гл.,несов.,,A2,Базовые глаголы,курить,курити,to smoke,,smoking,https://loremflickr.com/640/480/smoking,Nekouřím.,Я не курю.,Я не палю.,Tady se nesmí kouřit.,Здесь нельзя курить.,Тут не можна палити.
717,lehnout si,гл.,сов.,,A2,Базовые глаголы,лечь,лягти,to lie down,,lyingdown,https://loremflickr.com/640/480/lyingdown,Lehnu si na hodinu.,Я прилягу на час.,Я приляжу на годину.,Lehl si na postel.,Он лёг на кровать.,Він ліг на ліжко.
718,nastoupit,гл.,сов.,,A2,Базовые глаголы,войти (в транспорт),зайти,to get on; to board,,boarding,https://loremflickr.com/640/480/boarding,Nastup do tramvaje.,Заходи в трамвай.,Заходь у трамвай.,Nastoupil jsem do vlaku.,Я сел в поезд.,Я сів у потяг.
719,navštívit,гл.,сов.,,A2,Базовые глаголы,посетить,відвідати,to visit,,visiting,https://loremflickr.com/640/480/visiting,Navštívil jsem muzeum.,Я посетил музей.,Я відвідав музей.,Navštívíme babičku.,Мы навестим бабушку.,Ми відвідаємо бабусю.
720,nechat,гл.,сов.,,A2,Базовые глаголы,оставить; позволить,залишити; дозволити,to leave; to let,,,,Nech to tady.,Оставь это здесь.,Залиш це тут.,Nechal jsem klíče doma.,Я оставил ключи дома.,Я залишив ключі вдома.
721,nést,гл.,несов.,,A2,Базовые глаголы,нести,нести,to carry,,carrying,https://loremflickr.com/640/480/carrying,Nesu těžkou tašku.,Я несу тяжёлую сумку.,Я несу важку сумку.,Nes to opatrně.,Неси это осторожно.,Неси це обережно.
722,oslavit,гл.,сов.,,A2,Базовые глаголы,отпраздновать,відсвяткувати,to celebrate,,celebrating,https://loremflickr.com/640/480/celebrating,Oslavili jsme narozeniny.,Мы отпраздновали день рождения.,Ми відсвяткували день народження.,Jak oslavíš Nový rok?,Как ты отпразднуешь Новый год?,Як ти святкуватимеш Новий рік?
723,plánovat,гл.,несов.,,A2,Базовые глаголы,планировать,планувати,to plan,,planning,https://loremflickr.com/640/480/planning,Plánujeme dovolenou.,Мы планируем отпуск.,Ми плануємо відпустку.,Co plánuješ na zítra?,Что ты планируешь на завтра?,Що ти плануєш на завтра?
724,položit,гл.,сов.,,A2,Базовые глаголы,положить,покласти,to put; to lay,,,,Polož to na stůl.,Положи это на стол.,Поклади це на стіл.,Položil jsem tašku na zem.,Я положил сумку на пол.,Я поклав сумку на підлогу.
725,potkat,гл.,сов.,,A2,Базовые глаголы,встретить,зустріти,to meet,,meeting,https://loremflickr.com/640/480/meeting,Potkal jsem souseda.,Я встретил соседа.,Я зустрів сусіда.,Potkáme se v centru.,Мы встретимся в центре.,Ми зустрінемося в центрі.
726,použít,гл.,сов.,,A2,Базовые глаголы,использовать,використати,to use,,,,Použil jsem tvůj telefon.,Я воспользовался твоим телефоном.,Я скористався твоїм телефоном.,Můžu použít tvoje pero?,Можно взять твою ручку?,Можна взяти твою ручку?
727,používat,гл.,несов.,,A2,Базовые глаголы,использовать,використовувати,to use,,,,Používám slovník každý den.,Я пользуюсь словарём каждый день.,Я користуюся словником щодня.,Jaký program používáš?,Какой программой ты пользуешься?,Якою програмою ти користуєшся?
728,poznat,гл.,сов.,,A2,Базовые глаголы,узнать; познакомиться,впізнати; познайомитися,to recognise; to get to know,,,,Poznal jsem ho hned.,Я его сразу узнал.,Я його одразу впізнав.,Rád bych poznal nové lidi.,Я хотел бы познакомиться с новыми людьми.,Я хотів би познайомитися з новими людьми.
729,pozvat,гл.,сов.,,A2,Базовые глаголы,пригласить,запросити,to invite,,,,Pozval mě na kávu.,Он пригласил меня на кофе.,Він запросив мене на каву.,Pozvu tě na večeři.,Я приглашу тебя на ужин.,Я запрошу тебе на вечерю.
730,prosit,гл.,несов.,,A2,Базовые глаголы,просить,просити,to ask; to beg,,,,"Prosím tě, pomoz mi.","Прошу тебя, помоги мне.","Прошу тебе, допоможи мені.",Prosím o klid.,Прошу тишины.,Прошу тиші.
731,přidat,гл.,сов.,,A2,Базовые глаголы,добавить,додати,to add,,,,Přidej trochu soli.,Добавь немного соли.,Додай трохи солі.,Přidal jsem tě do skupiny.,Я добавил тебя в группу.,Я додав тебе до групи.
732,přinést,гл.,сов.,,A2,Базовые глаголы,принести,принести,to bring,,,,Přinesl jsem víno.,Я принёс вино.,Я приніс вино.,Přines mi sklenici vody.,Принеси мне стакан воды.,Принеси мені склянку води.
733,připravit,гл.,сов.,,A2,Базовые глаголы,приготовить; подготовить,приготувати,to prepare,,preparing,https://loremflickr.com/640/480/preparing,Připravil jsem večeři.,Я приготовил ужин.,Я приготував вечерю.,Připrav si dokumenty.,Подготовь документы.,Підготуй документи.
734,připravovat se,гл.,несов.,,A2,Базовые глаголы,готовиться,готуватися,to get ready,,,,Připravuji se na zkoušku.,Я готовлюсь к экзамену.,Я готуюся до іспиту.,Připravuje se na pohovor.,Он готовится к собеседованию.,Він готується до співбесіди.
735,pustit,гл.,сов.,,A2,Базовые глаголы,отпустить; включить (музыку),відпустити; увімкнути,to let go; to play (music),,,,Pusť hudbu.,Включи музыку.,Увімкни музику.,Pusť mě dovnitř.,Впусти меня внутрь.,Впусти мене всередину.
736,sledovat,гл.,несов.,,A2,Базовые глаголы,следить; смотреть (передачу),стежити; дивитися,to follow; to watch,,watching,https://loremflickr.com/640/480/watching,Sleduji seriál.,Я смотрю сериал.,Я дивлюся серіал.,"Sleduj cenu, může klesnout.","Следи за ценой, может упасть.","Стеж за ціною, може впасти."
737,smět,гл.,несов.,,A2,Базовые глаголы,иметь право; можно,мати право,may; to be allowed,,,,Smím se zeptat?,Позвольте спросить?,Дозвольте запитати?,Tady se nesmí parkovat.,Здесь нельзя парковаться.,Тут не можна паркуватися.
738,spěchat,гл.,несов.,,A2,Базовые глаголы,спешить,поспішати,to hurry,,hurrying,https://loremflickr.com/640/480/hurrying,Spěchám na vlak.,Я спешу на поезд.,Я поспішаю на потяг.,"Nespěchej, máme čas.","Не спеши, у нас есть время.","Не поспішай, у нас є час."
739,stačit,гл.,несов.,,A2,Базовые глаголы,хватать; быть достаточным,вистачати,to be enough,,,,"To stačí, děkuji.","Этого достаточно, спасибо.","Цього досить, дякую.",Nestačí mi čas.,Мне не хватает времени.,Мені бракує часу.
740,stát se,гл.,сов.,,A2,Базовые глаголы,случиться; стать,статися; стати,to happen; to become,,,,Co se stalo?,Что случилось?,Що сталося?,Stal se z něj dobrý kuchař.,Он стал хорошим поваром.,Він став добрим кухарем.
741,trvat,гл.,несов.,,A2,Базовые глаголы,длиться; настаивать,тривати; наполягати,to last; to insist,,,,Film trvá dvě hodiny.,Фильм длится два часа.,Фільм триває дві години.,Jak dlouho to bude trvat?,Сколько это будет длиться?,Скільки це триватиме?
742,věřit,гл.,несов.,,A2,Базовые глаголы,верить,вірити,to believe,,,,Věřím ti.,Я тебе верю.,Я тобі вірю.,Nevěřím tomu.,Я в это не верю.,Я в це не вірю.
743,vybírat,гл.,несов.,,A2,Базовые глаголы,выбирать,вибирати,to choose,,choosing,https://loremflickr.com/640/480/choosing,Vybírám si nový telefon.,Я выбираю новый телефон.,Я вибираю новий телефон.,Vybírá si mezi dvěma byty.,Он выбирает между двумя квартирами.,Він вибирає між двома квартирами.
744,vybrat,гл.,сов.,,A2,Базовые глаголы,выбрать,вибрати,to choose,,choosing,https://loremflickr.com/640/480/choosing,Vybral jsem si tenhle kurz.,Я выбрал этот курс.,Я вибрав цей курс.,"Vyber si, co chceš.","Выбери, что хочешь.","Вибери, що хочеш."
745,vystoupit,гл.,сов.,,A2,Базовые глаголы,выйти (из транспорта),вийти,to get off (a vehicle),,,,Vystupte na další zastávce.,Выходите на следующей остановке.,Виходьте на наступній зупинці.,Vystoupil jsem z tramvaje.,Я вышел из трамвая.,Я вийшов із трамвая.
746,zastavit,гл.,сов.,,A2,Базовые глаголы,остановить,зупинити,to stop,,"stop,sign","https://loremflickr.com/640/480/stop,sign",Zastav auto.,Останови машину.,Зупини машину.,Autobus zastavil na zastávce.,Автобус остановился на остановке.,Автобус зупинився на зупинці.
747,zdravit,гл.,несов.,,A2,Базовые глаголы,здороваться,вітатися,to greet,,greeting,https://loremflickr.com/640/480/greeting,Zdravím sousedy každý den.,Я здороваюсь с соседями каждый день.,Я вітаюся із сусідами щодня.,"Zdravím, jak se máš?","Привет, как дела?","Вітаю, як справи?"
748,zkusit,гл.,сов.,,A2,Базовые глаголы,попробовать,спробувати,to try,,,,Zkusím to znovu.,Я попробую ещё раз.,Я спробую ще раз.,Zkus to sám.,Попробуй сам.,Спробуй сам.
749,změnit,гл.,сов.,,A2,Базовые глаголы,изменить,змінити,to change,,,,Změnil jsem práci.,Я сменил работу.,Я змінив роботу.,Musím změnit adresu.,Мне нужно изменить адрес.,Мені треба змінити адресу.
750,znamenat,гл.,несов.,,A2,Базовые глаголы,означать,означати,to mean,,,,Co to znamená?,Что это значит?,Що це означає?,Znamená to hodně.,Это значит много.,Це означає багато.
751,ztratit,гл.,сов.,,A2,Базовые глаголы,потерять,загубити,to lose,,,,Ztratil jsem klíče.,Я потерял ключи.,Я загубив ключі.,Neztrať doklady.,Не потеряй документы.,Не загуби документи.
752,zůstat,гл.,сов.,,A2,Базовые глаголы,остаться,залишитися,to stay; to remain,,,,Zůstanu doma.,Я останусь дома.,Я залишуся вдома.,Zůstal jsem tam týden.,Я остался там на неделю.,Я залишився там на тиждень.
753,jistě,нареч.,,,A2,Базовые слова,конечно; наверняка,напевно; звісно,surely; certainly,,,,"Jistě, rád pomůžu.","Конечно, я рад помочь.","Звісно, радо допоможу.",Určitě to jistě zvládneš.,Ты наверняка справишься.,Ти напевно впораєшся.
754,samozřejmě,нареч.,,,A2,Базовые слова,конечно; разумеется,звичайно,of course,,,,"Samozřejmě, že přijdu.","Конечно, я приду.","Звичайно, я прийду.",Samozřejmě máš pravdu.,"Разумеется, ты прав.","Звичайно, ти маєш рацію."
755,blond,прил.,,,A2,Внешность,светловолосый,білявий,blonde,,blonde,https://loremflickr.com/640/480/blonde,Má blond vlasy.,У неё светлые волосы.,У неї біляве волосся.,Je to blond dívka.,Это светловолосая девушка.,Це білява дівчина.
756,brýle,сущ.,мн.ч.,brýlí,A2,Внешность,очки,окуляри,glasses,,glasses,https://loremflickr.com/640/480/glasses,Nosím brýle na čtení.,Я ношу очки для чтения.,Я ношу окуляри для читання.,Kde mám brýle?,Где мои очки?,Де мої окуляри?
757,hubený,прил.,,,A2,Внешность,худой,худий,thin; skinny,,thin,https://loremflickr.com/640/480/thin,Je moc hubený.,Он слишком худой.,Він надто худий.,"Zhubla, je hubená.","Она похудела, она худая.","Вона схудла, вона худа."
758,obličej,сущ.,м.р.,obličeje,A2,Внешность,лицо,обличчя,face,,face,https://loremflickr.com/640/480/face,Má milý obličej.,У неё милое лицо.,У неї миле обличчя.,Umyj si obličej.,Умой лицо.,Умий обличчя.
759,ošklivý,прил.,,,A2,Внешность,некрасивый,потворний,ugly,,,,Ten dům je ošklivý.,Этот дом некрасивый.,Цей будинок потворний.,Je to ošklivé počasí.,Погода отвратительная.,Погода огидна.
760,silný,прил.,,,A2,Внешность,сильный; крепкий,сильний,strong,,strong,https://loremflickr.com/640/480/strong,Má silné ruce.,У него сильные руки.,У нього сильні руки.,Je to silná káva.,Это крепкий кофе.,Це міцна кава.
761,slabý,прил.,,,A2,Внешность,слабый,слабкий,weak,,weak,https://loremflickr.com/640/480/weak,Cítím se slabý.,Я чувствую себя слабым.,Я почуваюся слабким.,Signál je slabý.,Сигнал слабый.,Сигнал слабкий.
762,sympatický,прил.,,,A2,Внешность,симпатичный; приятный,симпатичний,likeable; nice,,,,Je to sympatický člověk.,Это приятный человек.,Це симпатична людина.,Máš sympatického kolegu.,У тебя приятный коллега.,У тебе симпатичний колега.
763,štíhlý,прил.,,,A2,Внешность,стройный,стрункий,slim,,slim,https://loremflickr.com/640/480/slim,Je štíhlá a vysoká.,Она стройная и высокая.,Вона струнка й висока.,Chci být štíhlý.,Я хочу быть стройным.,Я хочу бути струнким.
764,tlustý,прил.,,,A2,Внешность,толстый,товстий,fat,,fat,https://loremflickr.com/640/480/fat,Ten kocour je tlustý.,Этот кот толстый.,Цей кіт товстий.,Kniha je tlustá.,Книга толстая.,Книга товста.
765,úsměv,сущ.,м.р.,úsměvu,A2,Внешность,улыбка,усмішка,smile,,smile,https://loremflickr.com/640/480/smile,Má krásný úsměv.,У неё красивая улыбка.,У неї гарна усмішка.,Přivítal mě s úsměvem.,Он встретил меня с улыбкой.,Він зустрів мене з усмішкою.
766,vypadat,гл.,несов.,,A2,Внешность,выглядеть,виглядати,to look; to seem,,,,Vypadáš dobře.,Ты хорошо выглядишь.,Ти добре виглядаєш.,Jak vypadá tvůj byt?,Как выглядит твоя квартира?,Як виглядає твоя квартира?
767,čí,мест.,,,A2,Вопросительные слова,чей,чий,whose,,,,Čí je to taška?,Чья это сумка?,Чия це сумка?,Čí je ten telefon?,Чей это телефон?,Чий це телефон?
768,chvíle,сущ.,ж.р.,chvíle,A2,Время и дата,момент; минутка,мить; хвилинка,moment; while,,,,Počkej chvíli.,Подожди минутку.,Зачекай хвилинку.,Za chvíli přijdu.,Через минуту я приду.,За хвилину я прийду.
769,denně,нареч.,,,A2,Время и дата,ежедневно,щодня,daily,,,,Chodím tam denně.,Я хожу туда ежедневно.,Я ходжу туди щодня.,Beru léky denně.,Я принимаю лекарства ежедневно.,Я приймаю ліки щодня.
770,dnešní,прил.,,,A2,Время и дата,сегодняшний,сьогоднішній,today's,,,,Dnešní počasí je hezké.,Сегодняшняя погода хорошая.,Сьогоднішня погода гарна.,Četl jsi dnešní noviny?,Ты читал сегодняшнюю газету?,Ти читав сьогоднішню газету?
771,doba,сущ.,ж.р.,doby,A2,Время и дата,период; эпоха,період; доба,period; time,,,,V té době jsem byl v Praze.,В то время я был в Праге.,У той час я був у Празі.,Máme málo času v poslední době.,В последнее время у нас мало времени.,Останнім часом у нас мало часу.
772,dopoledne,сущ.,ср.р.,dopoledne,A2,Время и дата,первая половина дня,перша половина дня,morning (before noon),,morning,https://loremflickr.com/640/480/morning,Dopoledne mám schůzku.,Утром (до обеда) у меня встреча.,До обіду в мене зустріч.,Přijdu zítra dopoledne.,Я приду завтра до обеда.,Я прийду завтра до обіду.
773,letos,нареч.,,,A2,Время и дата,в этом году,цього року,this year,,,,Letos jsem byl v Itálii.,В этом году я был в Италии.,Цього року я був в Італії.,Letos je teplá zima.,В этом году тёплая зима.,Цього року тепла зима.
774,loni,нареч.,,,A2,Время и дата,в прошлом году,торік,last year,,,,Loni jsem začal pracovat.,В прошлом году я начал работать.,Торік я почав працювати.,Loni bylo víc sněhu.,В прошлом году было больше снега.,Торік було більше снігу.
775,obvykle,нареч.,,,A2,Время и дата,обычно,зазвичай,usually,,,,Obvykle vstávám v sedm.,Обычно я встаю в семь.,Зазвичай я встаю о сьомій.,Obvykle chodím pěšky.,Обычно я хожу пешком.,Зазвичай я ходжу пішки.
776,poledne,сущ.,ср.р.,poledne,A2,Время и дата,полдень,полудень,noon; midday,,noon,https://loremflickr.com/640/480/noon,V poledne mám oběd.,В полдень у меня обед.,Опівдні в мене обід.,Přijdu kolem poledne.,Я приду около полудня.,Я прийду близько полудня.
777,pozítří,нареч.,,,A2,Время и дата,послезавтра,післязавтра,the day after tomorrow,,,,Pozítří odjíždím.,Послезавтра я уезжаю.,Післязавтра я від'їжджаю.,Uvidíme se pozítří.,Увидимся послезавтра.,Побачимося післязавтра.
778,předevčírem,нареч.,,,A2,Время и дата,позавчера,позавчора,the day before yesterday,,,,Předevčírem jsem byl nemocný.,Позавчера я болел.,Позавчора я хворів.,Předevčírem pršelo.,Позавчера шёл дождь.,Позавчора йшов дощ.
779,příště,нареч.,,,A2,Время и дата,в следующий раз,наступного разу,next time,,,,Příště přijdu včas.,В следующий раз я приду вовремя.,Наступного разу я прийду вчасно.,Příště to bude lepší.,В следующий раз будет лучше.,Наступного разу буде краще.
780,půlnoc,сущ.,ж.р.,půlnoci,A2,Время и дата,полночь,північ,midnight,,midnight,https://loremflickr.com/640/480/midnight,Metro jezdí do půlnoci.,Метро ходит до полуночи.,Метро їздить до півночі.,Přišel jsem po půlnoci.,Я пришёл после полуночи.,Я прийшов після півночі.
781,sekunda,сущ.,ж.р.,sekundy,A2,Время и дата,секунда,секунда,second (time),,,,Počkej pár sekund.,Подожди пару секунд.,Зачекай кілька секунд.,Trvalo to třicet sekund.,Это заняло тридцать секунд.,Це тривало тридцять секунд.
782,včas,нареч.,,,A2,Время и дата,вовремя,вчасно,on time,,,,Přišel jsem včas.,Я пришёл вовремя.,Я прийшов вчасно.,Vlak přijel včas.,Поезд прибыл вовремя.,Потяг прибув вчасно.
783,znovu,нареч.,,,A2,Время и дата,снова,знову,again,,,,Zkus to znovu.,Попробуй снова.,Спробуй знову.,Znovu jsem to přečetl.,Я перечитал это снова.,Я перечитав це знову.
784,budova,сущ.,ж.р.,budovy,A2,Город и ориентирование,здание,будівля,building,,building,https://loremflickr.com/640/480/building,Ta budova je nová.,Это здание новое.,Ця будівля нова.,Úřad je v té budově.,Учреждение в том здании.,Установа в тій будівлі.
785,chodník,сущ.,м.р.,chodníku,A2,Город и ориентирование,тротуар,тротуар,pavement; sidewalk,,sidewalk,https://loremflickr.com/640/480/sidewalk,Jdi po chodníku.,Иди по тротуару.,Іди тротуаром.,Chodník je kluzký.,Тротуар скользкий.,Тротуар слизький.
786,galerie,сущ.,ж.р.,galerie,A2,Город и ориентирование,галерея,галерея,gallery,,gallery,https://loremflickr.com/640/480/gallery,Byli jsme v galerii.,Мы были в галерее.,Ми були в галереї.,Galerie má novou výstavu.,В галерее новая выставка.,У галереї нова виставка.
787,jih,сущ.,м.р.,jihu,A2,Город и ориентирование,юг,південь,south,,"south,compass","https://loremflickr.com/640/480/south,compass",Bydlím na jihu Čech.,Я живу на юге Чехии.,Я живу на півдні Чехії.,Na jihu je tepleji.,На юге теплее.,На півдні тепліше.
788,křižovatka,сущ.,ж.р.,křižovatky,A2,Город и ориентирование,перекрёсток,перехрестя,crossroads; intersection,,intersection,https://loremflickr.com/640/480/intersection,Na křižovatce zahněte vlevo.,На перекрёстке поверните налево.,На перехресті поверніть ліворуч.,Křižovatka je nebezpečná.,Перекрёсток опасный.,Перехрестя небезпечне.
789,most,сущ.,м.р.,mostu,A2,Город и ориентирование,мост,міст,bridge,,bridge,https://loremflickr.com/640/480/bridge,Karlův most je slavný.,Карлов мост знаменит.,Карлів міст відомий.,Přejdeme přes most.,Перейдём через мост.,Перейдемо через міст.
790,naproti,предл.,,,A2,Город и ориентирование,напротив,навпроти,opposite,,,,Bydlím naproti škole.,Я живу напротив школы.,Я живу навпроти школи.,Naproti nám je obchod.,Напротив нас магазин.,Навпроти нас магазин.
791,přechod,сущ.,м.р.,přechodu,A2,Город и ориентирование,переход,перехід,crossing,,crosswalk,https://loremflickr.com/640/480/crosswalk,Přejdi na přechodu.,Переходи по переходу.,Переходь на переході.,Přechod je u semaforu.,Переход у светофора.,Перехід біля світлофора.
792,radnice,сущ.,ж.р.,radnice,A2,Город и ориентирование,ратуша,ратуша,town hall,,townhall,https://loremflickr.com/640/480/townhall,Radnice je na náměstí.,Ратуша на площади.,Ратуша на площі.,Šel jsem na radnici.,Я пошёл в ратушу.,Я пішов до ратуші.
793,roh,сущ.,м.р.,rohu,A2,Город и ориентирование,угол,ріг,corner,,corner,https://loremflickr.com/640/480/corner,Obchod je na rohu.,Магазин на углу.,Магазин на розі.,Zahni za roh.,Поверни за угол.,Поверни за ріг.
794,semafor,сущ.,м.р.,semaforu,A2,Город и ориентирование,светофор,світлофор,traffic light,,trafficlight,https://loremflickr.com/640/480/trafficlight,Zastav na semaforu.,Остановись на светофоре.,Зупинися на світлофорі.,Semafor nefunguje.,Светофор не работает.,Світлофор не працює.
795,sever,сущ.,м.р.,severu,A2,Город и ориентирование,север,північ,north,,"north,compass","https://loremflickr.com/640/480/north,compass",Bydlím na severu města.,Я живу на севере города.,Я живу на півночі міста.,Na severu je chladno.,На севере холодно.,На півночі холодно.
796,silnice,сущ.,ж.р.,silnice,A2,Город и ориентирование,шоссе; дорога,шосе; дорога,road,,road,https://loremflickr.com/640/480/road,Silnice je uzavřená.,Дорога закрыта.,Дорога перекрита.,Jeď opatrně po silnici.,Езжай осторожно по дороге.,Їдь обережно дорогою.
797,směr,сущ.,м.р.,směru,A2,Город и ориентирование,направление,напрямок,direction,,direction,https://loremflickr.com/640/480/direction,Jedeme špatným směrem.,Мы едем не в ту сторону.,Ми їдемо не в той бік.,Jakým směrem je nádraží?,В какую сторону вокзал?,У якому напрямку вокзал?
798,vchod,сущ.,м.р.,vchodu,A2,Город и ориентирование,вход,вхід,entrance,,entrance,https://loremflickr.com/640/480/entrance,Sejdeme se u vchodu.,Встретимся у входа.,Зустрінемося біля входу.,Vchod je z druhé strany.,Вход с другой стороны.,Вхід з іншого боку.
799,východ,сущ.,м.р.,východu,A2,Город и ориентирование,выход; восток,вихід; схід,exit; east,,exit,https://loremflickr.com/640/480/exit,Kde je východ?,Где выход?,Де вихід?,Slunce vychází na východě.,Солнце восходит на востоке.,Сонце сходить на сході.
800,západ,сущ.,м.р.,západu,A2,Город и ориентирование,запад; закат,захід,west; sunset,,sunset,https://loremflickr.com/640/480/sunset,Bydlím na západě Prahy.,Я живу на западе Праги.,Я живу на заході Праги.,Západ slunce je krásný.,Закат красивый.,Захід сонця гарний.
801,ztratit se,гл.,сов.,,A2,Город и ориентирование,заблудиться,заблукати,to get lost,,,,Ztratil jsem se v centru.,Я заблудился в центре.,Я заблукав у центрі.,"Bojím se, že se ztratím.",Я боюсь заблудиться.,Я боюся заблукати.
802,zvonek,сущ.,м.р.,zvonku,A2,Город и ориентирование,звонок (дверной),дзвінок,doorbell,,doorbell,https://loremflickr.com/640/480/doorbell,Zazvoň na zvonek.,Позвони в звонок.,Подзвони у дзвінок.,Zvonek nefunguje.,Звонок не работает.,Дзвінок не працює.
803,omluvit se,гл.,сов.,,A2,Действия и процедуры,извиниться,вибачитися,to apologise,,,,Omlouvám se za zpoždění.,Извиняюсь за опоздание.,Перепрошую за запізнення.,Musíš se omluvit.,Ты должен извиниться.,Ти маєш вибачитися.
804,cizinec,сущ.,м.р.,cizince,A2,Документы и госучреждения,иностранец,іноземець,foreigner,,foreigner,https://loremflickr.com/640/480/foreigner,"Jsem cizinec, nemluvím dobře česky.","Я иностранец, плохо говорю по-чешски.","Я іноземець, погано говорю чеською.",Pro cizince platí jiná pravidla.,Для иностранцев другие правила.,Для іноземців інші правила.
805,kopie,сущ.,ж.р.,kopie,A2,Документы и госучреждения,копия,копія,copy,,copy,https://loremflickr.com/640/480/copy,Potřebuji kopii dokumentu.,Мне нужна копия документа.,Мені потрібна копія документа.,"Udělejte mi kopii, prosím.","Сделайте мне копию, пожалуйста.","Зробіть мені копію, будь ласка."
806,seznam,сущ.,м.р.,seznamu,A2,Документы и госучреждения,список,список,list,,list,https://loremflickr.com/640/480/list,Napiš seznam nákupu.,Напиши список покупок.,Напиши список покупок.,Jsem na seznamu?,Я в списке?,Я в списку?
807,úřad,сущ.,м.р.,úřadu,A2,Документы и госучреждения,учреждение; ведомство,установа; відомство,office; authority,,"office,government","https://loremflickr.com/640/480/office,government",Musím jít na úřad.,Мне нужно в учреждение.,Мені треба до установи.,Úřad je otevřený v pondělí.,Учреждение открыто в понедельник.,Установа відчинена в понеділок.
808,balkon,сущ.,м.р.,balkonu,A2,Дом и жильё,балкон,балкон,balcony,,balcony,https://loremflickr.com/640/480/balcony,Máme balkon do dvora.,У нас балкон во двор.,У нас балкон у двір.,Sedíme na balkoně.,Мы сидим на балконе.,Ми сидимо на балконі.
809,chodba,сущ.,ж.р.,chodby,A2,Дом и жильё,коридор,коридор,corridor; hallway,,corridor,https://loremflickr.com/640/480/corridor,Na chodbě je tma.,В коридоре темно.,У коридорі темно.,Chodba je dlouhá.,Коридор длинный.,Коридор довгий.
810,garáž,сущ.,ж.р.,garáže,A2,Дом и жильё,гараж,гараж,garage,,garage,https://loremflickr.com/640/480/garage,Auto mám v garáži.,Машина у меня в гараже.,Машина в мене в гаражі.,Garáž je malá.,Гараж маленький.,Гараж малий.
811,kohoutek,сущ.,м.р.,kohoutku,A2,Дом и жильё,кран,кран,tap; faucet,,faucet,https://loremflickr.com/640/480/faucet,Kohoutek teče.,Кран течёт.,Кран тече.,Zavři kohoutek.,Закрой кран.,Закрий кран.
812,ložnice,сущ.,ж.р.,ložnice,A2,Дом и жильё,спальня,спальня,bedroom,,bedroom,https://loremflickr.com/640/480/bedroom,Ložnice je malá.,Спальня маленькая.,Спальня маленька.,V ložnici je nová postel.,В спальне новая кровать.,У спальні нове ліжко.
813,obývací pokoj,сущ.,м.р.,obývacího pokoje,A2,Дом и жильё,гостиная,вітальня,living room,,livingroom,https://loremflickr.com/640/480/livingroom,V obývacím pokoji máme televizi.,В гостиной у нас телевизор.,У вітальні в нас телевізор.,Obývací pokoj je světlý.,Гостиная светлая.,Вітальня світла.
814,podlaha,сущ.,ж.р.,podlahy,A2,Дом и жильё,пол,підлога,floor,,floor,https://loremflickr.com/640/480/floor,Podlaha je studená.,Пол холодный.,Підлога холодна.,"Umyj podlahu, prosím.","Помой пол, пожалуйста.","Помий підлогу, будь ласка."
815,předsíň,сущ.,ж.р.,předsíně,A2,Дом и жильё,прихожая,передпокій,hallway; entrance hall,,hallway,https://loremflickr.com/640/480/hallway,Boty nechte v předsíni.,Обувь оставьте в прихожей.,Взуття залиште в передпокої.,Předsíň je úzká.,Прихожая узкая.,Передпокій вузький.
816,přízemí,сущ.,ср.р.,přízemí,A2,Дом и жильё,первый этаж,перший поверх,ground floor,,groundfloor,https://loremflickr.com/640/480/groundfloor,Bydlím v přízemí.,Я живу на первом этаже.,Я живу на першому поверсі.,Obchod je v přízemí.,Магазин на первом этаже.,Магазин на першому поверсі.
817,sklep,сущ.,м.р.,sklepa,A2,Дом и жильё,подвал,підвал,cellar; basement,,basement,https://loremflickr.com/640/480/basement,Kolo mám ve sklepě.,Велосипед у меня в подвале.,Велосипед у мене в підвалі.,Sklep patří k bytu.,Подвал относится к квартире.,Підвал належить до квартири.
818,strop,сущ.,м.р.,stropu,A2,Дом и жильё,потолок,стеля,ceiling,,ceiling,https://loremflickr.com/640/480/ceiling,Strop je vysoký.,Потолок высокий.,Стеля висока.,Lampa visí u stropu.,Лампа висит у потолка.,Лампа висить біля стелі.
819,střecha,сущ.,ж.р.,střechy,A2,Дом и жильё,крыша,дах,roof,,roof,https://loremflickr.com/640/480/roof,Střecha teče.,Крыша течёт.,Дах тече.,Na střeše je sníh.,На крыше снег.,На даху сніг.
820,terasa,сущ.,ж.р.,terasy,A2,Дом и жильё,терраса,тераса,terrace,,terrace,https://loremflickr.com/640/480/terrace,Sedíme na terase.,Мы сидим на террасе.,Ми сидимо на терасі.,Restaurace má terasu.,У ресторана есть терраса.,Ресторан має терасу.
821,umyvadlo,сущ.,ср.р.,umyvadla,A2,Дом и жильё,раковина,раковина,washbasin; sink,,sink,https://loremflickr.com/640/480/sink,Umyvadlo je ucpané.,Раковина забита.,Раковина забита.,Nad umyvadlem je zrcadlo.,Над раковиной зеркало.,Над раковиною дзеркало.
822,vana,сущ.,ж.р.,vany,A2,Дом и жильё,ванна,ванна,bathtub,,bathtub,https://loremflickr.com/640/480/bathtub,Ve vaně je teplá voda.,В ванне тёплая вода.,У ванні тепла вода.,Koupelna je bez vany.,Ванная без ванны.,Ванна кімната без ванни.
823,zámek,сущ.,м.р.,zámku,A2,Дом и жильё,замок (дверной); замок (дворец),замок,lock; chateau,"Оба значения, как и в русском","lock,castle","https://loremflickr.com/640/480/lock,castle",Klíč se nehodí do zámku.,Ключ не подходит к замку.,Ключ не підходить до замка.,Navštívili jsme starý zámek.,Мы посетили старый замок.,Ми відвідали старий замок.
824,zásuvka,сущ.,ж.р.,zásuvky,A2,Дом и жильё,розетка; выдвижной ящик,розетка; шухляда,socket; drawer,,"socket,drawer","https://loremflickr.com/640/480/socket,drawer",Zapoj to do zásuvky.,Включи это в розетку.,Увімкни це в розетку.,Doklady mám v zásuvce.,Документы у меня в ящике.,Документи в мене в шухляді.
825,zeď,сущ.,ж.р.,zdi,A2,Дом и жильё,стена,стіна,wall,,wall,https://loremflickr.com/640/480/wall,Na zdi visí obraz.,На стене висит картина.,На стіні висить картина.,Zeď je bílá.,Стена белая.,Стіна біла.
826,chuť,сущ.,ж.р.,chuti,A2,Еда,вкус; аппетит,смак; апетит,taste; appetite,,taste,https://loremflickr.com/640/480/taste,Nemám chuť k jídlu.,У меня нет аппетита.,У мене немає апетиту.,Má to divnou chuť.,У этого странный вкус.,Це має дивний смак.
827,cibule,сущ.,ж.р.,cibule,A2,Еда,лук,цибуля,onion,,onion,https://loremflickr.com/640/480/onion,Nakrájej cibuli.,Нарежь лук.,Наріж цибулю.,Cibule je ostrá.,Лук острый.,Цибуля гостра.
828,česnek,сущ.,м.р.,česneku,A2,Еда,чеснок,часник,garlic,,garlic,https://loremflickr.com/640/480/garlic,Do polévky dej česnek.,Положи в суп чеснок.,Поклади в суп часник.,Nemám rád česnek.,Я не люблю чеснок.,Я не люблю часник.
829,houby,сущ.,мн.ч.,hub,A2,Еда,грибы,гриби,mushrooms,,mushrooms,https://loremflickr.com/640/480/mushrooms,V lese rostou houby.,В лесу растут грибы.,У лісі ростуть гриби.,Češi chodí na houby.,Чехи ходят за грибами.,Чехи ходять по гриби.
830,hovězí,сущ.,ср.р.,hovězího,A2,Еда,говядина,яловичина,beef,,beef,https://loremflickr.com/640/480/beef,Dám si hovězí s knedlíkem.,Я возьму говядину с кнедликами.,Я візьму яловичину з кнедликами.,Hovězí je dražší než vepřové.,Говядина дороже свинины.,Яловичина дорожча за свинину.
831,hruška,сущ.,ж.р.,hrušky,A2,Еда,груша,груша,pear,,pear,https://loremflickr.com/640/480/pear,Hrušky jsou sladké.,Груши сладкие.,Груші солодкі.,Kup kilo hrušek.,Купи килограмм груш.,Купи кілограм груш.
832,jahoda,сущ.,ж.р.,jahody,A2,Еда,клубника,полуниця,strawberry,,strawberry,https://loremflickr.com/640/480/strawberry,V červnu jsou jahody.,В июне клубника.,У червні полуниця.,Mám rád jahody se smetanou.,Я люблю клубнику со сливками.,Я люблю полуницю з вершками.
833,koláč,сущ.,м.р.,koláče,A2,Еда,пирог,пиріг,pie; cake,,pie,https://loremflickr.com/640/480/pie,Babička upekla koláč.,Бабушка испекла пирог.,Бабуся спекла пиріг.,Koláč je s tvarohem.,Пирог с творогом.,Пиріг із сиром.
834,med,сущ.,м.р.,medu,A2,Еда,мёд,мед,honey,,honey,https://loremflickr.com/640/480/honey,Dej si čaj s medem.,Выпей чай с мёдом.,Випий чай із медом.,Med je zdravý.,Мёд полезен.,Мед корисний.
835,meloun,сущ.,м.р.,melounu,A2,Еда,арбуз; дыня,кавун; диня,watermelon; melon,,melon,https://loremflickr.com/640/480/melon,V létě jím meloun.,Летом я ем арбуз.,Влітку я їм кавун.,Meloun je sladký.,Арбуз сладкий.,Кавун солодкий.
836,mouka,сущ.,ж.р.,mouky,A2,Еда,мука,борошно,flour,,flour,https://loremflickr.com/640/480/flour,Potřebuji kilo mouky.,Мне нужен килограмм муки.,Мені потрібен кілограм борошна.,Došla nám mouka.,У нас закончилась мука.,У нас закінчилося борошно.
837,mrkev,сущ.,ж.р.,mrkve,A2,Еда,морковь,морква,carrot,,carrot,https://loremflickr.com/640/480/carrot,Mrkev je zdravá.,Морковь полезна.,Морква корисна.,Do polévky dej mrkev.,Положи в суп морковь.,Поклади в суп моркву.
838,ochutnat,гл.,сов.,,A2,Еда,попробовать (на вкус),скуштувати,to taste; to try,,tasting,https://loremflickr.com/640/480/tasting,Ochutnej to.,Попробуй это.,Скуштуй це.,Ochutnal jsem svíčkovou.,Я попробовал свичкову.,Я скуштував свічкову.
839,olej,сущ.,м.р.,oleje,A2,Еда,масло (растительное),олія,oil,,oil,https://loremflickr.com/640/480/oil,Nalij olej na pánev.,Налей масло на сковороду.,Налий олію на сковороду.,Olej je drahý.,Масло дорогое.,Олія дорога.
840,omáčka,сущ.,ж.р.,omáčky,A2,Еда,соус; подлива,соус; підлива,sauce; gravy,,sauce,https://loremflickr.com/640/480/sauce,Ta omáčka je výborná.,Этот соус отличный.,Цей соус чудовий.,Maso je v omáčce.,Мясо в соусе.,М'ясо в соусі.
841,paprika,сущ.,ж.р.,papriky,A2,Еда,перец (болгарский),перець (солодкий),pepper (bell),,bellpepper,https://loremflickr.com/640/480/bellpepper,Do salátu dej papriku.,Положи в салат перец.,Поклади в салат перець.,Papriky jsou červené.,Перцы красные.,Перці червоні.
842,pepř,сущ.,м.р.,pepře,A2,Еда,перец (чёрный),перець (чорний),pepper (black),,pepper,https://loremflickr.com/640/480/pepper,Přidej sůl a pepř.,Добавь соль и перец.,Додай сіль і перець.,Nemám rád pepř.,Я не люблю перец.,Я не люблю перець.
843,recept,сущ.,м.р.,receptu,A2,Еда,рецепт,рецепт,recipe,,recipe,https://loremflickr.com/640/480/recipe,Vařím podle receptu.,Я готовлю по рецепту.,Я готую за рецептом.,Dej mi recept na guláš.,Дай мне рецепт гуляша.,Дай мені рецепт гуляшу.
844,smetana,сущ.,ж.р.,smetany,A2,Еда,сливки; сметана,вершки; сметана,cream; sour cream,,cream,https://loremflickr.com/640/480/cream,"Kávu se smetanou, prosím.","Кофе со сливками, пожалуйста.","Каву з вершками, будь ласка.",Smetana je v lednici.,Сливки в холодильнике.,Вершки в холодильнику.
845,sušenka,сущ.,ж.р.,sušenky,A2,Еда,печенье,печиво,biscuit; cookie,,cookie,https://loremflickr.com/640/480/cookie,Děti jedí sušenky.,Дети едят печенье.,Діти їдять печиво.,Kup balíček sušenek.,Купи пачку печенья.,Купи пачку печива.
846,svačina,сущ.,ж.р.,svačiny,A2,Еда,перекус; полдник,перекус,snack,,snack,https://loremflickr.com/640/480/snack,Vezmi si svačinu do školy.,Возьми перекус в школу.,Візьми перекус до школи.,Máme přestávku na svačinu.,У нас перерыв на перекус.,У нас перерва на перекус.
847,těstoviny,сущ.,мн.ч.,těstovin,A2,Еда,макароны,макарони,pasta,,pasta,https://loremflickr.com/640/480/pasta,K večeři máme těstoviny.,На ужин у нас макароны.,На вечерю в нас макарони.,Těstoviny se vaří deset minut.,Макароны варятся десять минут.,Макарони варяться десять хвилин.
848,vepřové,сущ.,ср.р.,vepřového,A2,Еда,свинина,свинина,pork,,pork,https://loremflickr.com/640/480/pork,Dám si vepřové s knedlíkem.,Я возьму свинину с кнедликами.,Я візьму свинину з кнедликами.,Vepřové maso je levnější.,Свинина дешевле.,Свинина дешевша.
849,kráva,сущ.,ж.р.,krávy,A2,Животные,корова,корова,cow,,cow,https://loremflickr.com/640/480/cow,Na poli je kráva.,В поле корова.,У полі корова.,Kráva dává mléko.,Корова даёт молоко.,Корова дає молоко.
850,medvěd,сущ.,м.р.,medvěda,A2,Животные,медведь,ведмідь,bear,,bear,https://loremflickr.com/640/480/bear,V lese žije medvěd.,В лесу живёт медведь.,У лісі живе ведмідь.,Medvěd spí v zimě.,Медведь спит зимой.,Ведмідь спить узимку.
851,myš,сущ.,ж.р.,myši,A2,Животные,мышь,миша,mouse,,mouse,https://loremflickr.com/640/480/mouse,V kuchyni je myš.,На кухне мышь.,На кухні миша.,Kočka chytila myš.,Кошка поймала мышь.,Кішка спіймала мишу.
852,ovce,сущ.,ж.р.,ovce,A2,Животные,овца,вівця,sheep,,sheep,https://loremflickr.com/640/480/sheep,Ovce se pasou na louce.,Овцы пасутся на лугу.,Вівці пасуться на лузі.,Z ovce je vlna.,От овцы получают шерсть.,З вівці отримують вовну.
853,prase,сущ.,ср.р.,prasete,A2,Животные,свинья,свиня,pig,,pig,https://loremflickr.com/640/480/pig,Na farmě mají prase.,На ферме есть свинья.,На фермі є свиня.,Vepřové maso je z prasete.,Свинина — это мясо свиньи.,Свинина — це м'ясо свині.
854,slepice,сущ.,ж.р.,slepice,A2,Животные,курица,курка,hen,,hen,https://loremflickr.com/640/480/hen,Slepice snáší vejce.,Курица несёт яйца.,Курка несе яйця.,Máme doma slepice.,У нас дома куры.,У нас удома кури.
855,bolest,сущ.,ж.р.,bolesti,A2,Здоровье,боль,біль,pain,,pain,https://loremflickr.com/640/480/pain,Mám velkou bolest.,У меня сильная боль.,У мене сильний біль.,Bolest už přešla.,Боль уже прошла.,Біль уже минув.
856,chřipka,сущ.,ж.р.,chřipky,A2,Здоровье,грипп,грип,flu,,flu,https://loremflickr.com/640/480/flu,Mám chřipku.,У меня грипп.,У мене грип.,Chřipka trvá týden.,Грипп длится неделю.,Грип триває тиждень.
857,cítit se,гл.,несов.,,A2,Здоровье,чувствовать себя,почуватися,to feel,,,,Cítím se dobře.,Я чувствую себя хорошо.,Я почуваюся добре.,Jak se cítíš?,Как ты себя чувствуешь?,Як ти почуваєшся?
858,cvičit,гл.,несов.,,A2,Здоровье,заниматься; тренироваться,вправлятися; тренуватися,to exercise; to train,,exercise,https://loremflickr.com/640/480/exercise,Cvičím každé ráno.,Я тренируюсь каждое утро.,Я тренуюся щоранку.,Musíš víc cvičit.,Тебе нужно больше заниматься.,Тобі треба більше вправлятися.
859,horečka,сущ.,ж.р.,horečky,A2,Здоровье,жар; высокая температура,гарячка,fever,,fever,https://loremflickr.com/640/480/fever,"Mám horečku, zůstanu doma.","У меня жар, останусь дома.","У мене гарячка, залишуся вдома.",Horečka klesla.,Температура спала.,Гарячка спала.
860,kašel,сущ.,м.р.,kašle,A2,Здоровье,кашель,кашель,cough,,cough,https://loremflickr.com/640/480/cough,Mám suchý kašel.,У меня сухой кашель.,У мене сухий кашель.,Sirup je na kašel.,Сироп от кашля.,Сироп від кашлю.
861,nemoc,сущ.,ж.р.,nemoci,A2,Здоровье,болезнь,хвороба,illness; disease,,illness,https://loremflickr.com/640/480/illness,Je to vážná nemoc.,Это серьёзная болезнь.,Це серйозна хвороба.,Po nemoci jsem slabý.,После болезни я слабый.,Після хвороби я слабкий.
862,odpočívat,гл.,несов.,,A2,Здоровье,отдыхать,відпочивати,to rest,,resting,https://loremflickr.com/640/480/resting,Odpočívám o víkendu.,Я отдыхаю на выходных.,Я відпочиваю на вихідних.,Musíš víc odpočívat.,Тебе нужно больше отдыхать.,Тобі треба більше відпочивати.
863,ordinace,сущ.,ж.р.,ordinace,A2,Здоровье,кабинет врача,кабінет лікаря,doctor's surgery,,doctorsoffice,https://loremflickr.com/640/480/doctorsoffice,Ordinace je otevřená do pěti.,Кабинет врача открыт до пяти.,Кабінет лікаря відчинений до п'ятої.,Čekám před ordinací.,Я жду перед кабинетом.,Я чекаю перед кабінетом.
864,prášek,сущ.,м.р.,prášku,A2,Здоровье,таблетка; порошок,таблетка; порошок,pill; powder,,pill,https://loremflickr.com/640/480/pill,Vezmi si prášek na bolest.,Прими таблетку от боли.,Прийми таблетку від болю.,Prášky beru ráno.,Таблетки я принимаю утром.,Таблетки я приймаю вранці.
865,rýma,сущ.,ж.р.,rýmy,A2,Здоровье,насморк,нежить,runny nose,,runnynose,https://loremflickr.com/640/480/runnynose,Mám rýmu.,У меня насморк.,У мене нежить.,Rýma mě trápí týden.,Насморк мучает меня неделю.,Нежить мучить мене тиждень.
866,tableta,сущ.,ж.р.,tablety,A2,Здоровье,таблетка,таблетка,tablet; pill,,pill,https://loremflickr.com/640/480/pill,Vezmi si jednu tabletu denně.,Принимай одну таблетку в день.,Приймай одну таблетку на день.,Tablety jsou v lékárně.,Таблетки в аптеке.,Таблетки в аптеці.
867,zdraví,сущ.,ср.р.,zdraví,A2,Здоровье,здоровье,здоров'я,health,,health,https://loremflickr.com/640/480/health,Zdraví je nejdůležitější.,Здоровье — самое важное.,Здоров'я — найважливіше.,Sport je dobrý pro zdraví.,Спорт полезен для здоровья.,Спорт корисний для здоров'я.
868,zdravotní sestra,сущ.,ж.р.,zdravotní sestry,A2,Здоровье,медсестра,медсестра,nurse,,nurse,https://loremflickr.com/640/480/nurse,Zdravotní sestra mi vzala krev.,Медсестра взяла у меня кровь.,Медсестра взяла в мене кров.,Sestra pracuje v nemocnici.,Медсестра работает в больнице.,Медсестра працює в лікарні.
869,deka,сущ.,ж.р.,deky,A2,Мебель и быт,одеяло,ковдра,blanket,,blanket,https://loremflickr.com/640/480/blanket,"Vezmi si deku, je zima.","Возьми одеяло, холодно.","Візьми ковдру, холодно.",Deka je teplá.,Одеяло тёплое.,Ковдра тепла.
870,fungovat,гл.,несов.,,A2,Мебель и быт,работать (о технике),працювати (про техніку),to work; to function,,,,Internet nefunguje.,Интернет не работает.,Інтернет не працює.,Funguje ti telefon?,У тебя работает телефон?,У тебе працює телефон?
871,hrnec,сущ.,м.р.,hrnce,A2,Мебель и быт,кастрюля,каструля,pot; saucepan,,pot,https://loremflickr.com/640/480/pot,Dej vodu do hrnce.,Налей воду в кастрюлю.,Налий воду в каструлю.,Hrnec je horký.,Кастрюля горячая.,Каструля гаряча.
872,koberec,сущ.,м.р.,koberce,A2,Мебель и быт,ковёр,килим,carpet; rug,,carpet,https://loremflickr.com/640/480/carpet,Na podlaze je koberec.,На полу ковёр.,На підлозі килим.,Koberec je špinavý.,Ковёр грязный.,Килим брудний.
873,koš,сущ.,м.р.,koše,A2,Мебель и быт,корзина; мусорное ведро,кошик; смітник,basket; bin,,basket,https://loremflickr.com/640/480/basket,Hoď to do koše.,Брось это в мусорку.,Кинь це в смітник.,Koš je plný.,Мусорка полная.,Смітник повний.
874,křeslo,сущ.,ср.р.,křesla,A2,Мебель и быт,кресло,крісло,armchair,,armchair,https://loremflickr.com/640/480/armchair,Sedni si do křesla.,Сядь в кресло.,Сядь у крісло.,Křeslo je pohodlné.,Кресло удобное.,Крісло зручне.
875,mikrovlnka,сущ.,ж.р.,mikrovlnky,A2,Мебель и быт,микроволновка,мікрохвильовка,microwave,,microwave,https://loremflickr.com/640/480/microwave,Ohřej to v mikrovlnce.,Разогрей это в микроволновке.,Розігрій це в мікрохвильовці.,Mikrovlnka nefunguje.,Микроволновка не работает.,Мікрохвильовка не працює.
876,nábytek,сущ.,м.р.,nábytku,A2,Мебель и быт,мебель,меблі,furniture,,furniture,https://loremflickr.com/640/480/furniture,Koupili jsme nový nábytek.,Мы купили новую мебель.,Ми купили нові меблі.,Nábytek je z dřeva.,Мебель из дерева.,Меблі з дерева.
877,obraz,сущ.,м.р.,obrazu,A2,Мебель и быт,картина,картина,picture; painting,,painting,https://loremflickr.com/640/480/painting,Na zdi visí obraz.,На стене висит картина.,На стіні висить картина.,Ten obraz je drahý.,Эта картина дорогая.,Ця картина дорога.
878,opravit,гл.,сов.,,A2,Мебель и быт,починить; исправить,полагодити; виправити,to repair; to correct,,repairing,https://loremflickr.com/640/480/repairing,Musím opravit auto.,Мне нужно починить машину.,Мені треба полагодити машину.,Opravil jsem chybu.,Я исправил ошибку.,Я виправив помилку.
879,pánev,сущ.,ж.р.,pánve,A2,Мебель и быт,сковорода,сковорода,frying pan,,fryingpan,https://loremflickr.com/640/480/fryingpan,Dej maso na pánev.,Положи мясо на сковороду.,Поклади м'ясо на сковороду.,Pánev je horká.,Сковорода горячая.,Сковорода гаряча.
880,police,сущ.,ж.р.,police,A2,Мебель и быт,полка,полиця,shelf,,shelf,https://loremflickr.com/640/480/shelf,Knihy jsou na polici.,Книги на полке.,Книги на полиці.,Polička je vysoko.,Полка высоко.,Поличка високо.
881,polštář,сущ.,м.р.,polštáře,A2,Мебель и быт,подушка,подушка,pillow,,pillow,https://loremflickr.com/640/480/pillow,Potřebuji měkký polštář.,Мне нужна мягкая подушка.,Мені потрібна м'яка подушка.,Polštář je na posteli.,Подушка на кровати.,Подушка на ліжку.
882,pračka,сущ.,ж.р.,pračky,A2,Мебель и быт,стиральная машина,пральна машина,washing machine,,washingmachine,https://loremflickr.com/640/480/washingmachine,Pračka nefunguje.,Стиральная машина не работает.,Пральна машина не працює.,Dej to do pračky.,Положи это в стиральную машину.,Поклади це в пральну машину.
883,prát,гл.,несов.,,A2,Мебель и быт,стирать,прати,to do the laundry,,laundry,https://loremflickr.com/640/480/laundry,Peru prádlo o víkendu.,Я стираю бельё по выходным.,Я перу білизну на вихідних.,Musím vyprat tričko.,Мне нужно постирать футболку.,Мені треба випрати футболку.
884,rozbít,гл.,сов.,,A2,Мебель и быт,разбить; сломать,розбити; зламати,to break,,broken,https://loremflickr.com/640/480/broken,Rozbil jsem sklenici.,Я разбил стакан.,Я розбив склянку.,Telefon se rozbil.,Телефон сломался.,Телефон зламався.
885,sporák,сущ.,м.р.,sporáku,A2,Мебель и быт,плита,плита,cooker; stove,,stove,https://loremflickr.com/640/480/stove,Voda se vaří na sporáku.,Вода кипит на плите.,Вода кипить на плиті.,Sporák je elektrický.,Плита электрическая.,Плита електрична.
886,šampon,сущ.,м.р.,šamponu,A2,Мебель и быт,шампунь,шампунь,shampoo,,shampoo,https://loremflickr.com/640/480/shampoo,Došel mi šampon.,У меня закончился шампунь.,У мене закінчився шампунь.,Kup šampon na vlasy.,Купи шампунь для волос.,Купи шампунь для волосся.
887,trouba,сущ.,ж.р.,trouby,A2,Мебель и быт,духовка,духовка,oven,,oven,https://loremflickr.com/640/480/oven,Dej koláč do trouby.,Поставь пирог в духовку.,Постав пиріг у духовку.,Trouba je horká.,Духовка горячая.,Духовка гаряча.
888,uklízet,гл.,несов.,,A2,Мебель и быт,убирать,прибирати,to tidy up; to clean,,cleaning,https://loremflickr.com/640/480/cleaning,Uklízím byt každý týden.,Я убираю квартиру каждую неделю.,Я прибираю квартиру щотижня.,Ukliď si pokoj.,Убери свою комнату.,Прибери свою кімнату.
889,zrcadlo,сущ.,ср.р.,zrcadla,A2,Мебель и быт,зеркало,дзеркало,mirror,,mirror,https://loremflickr.com/640/480/mirror,Dívám se do zrcadla.,Я смотрю в зеркало.,Я дивлюся в дзеркало.,Zrcadlo je v koupelně.,Зеркало в ванной.,Дзеркало у ванній.
890,zubní kartáček,сущ.,м.р.,zubního kartáčku,A2,Мебель и быт,зубная щётка,зубна щітка,toothbrush,,toothbrush,https://loremflickr.com/640/480/toothbrush,Zapomněl jsem zubní kartáček.,Я забыл зубную щётку.,Я забув зубну щітку.,Kup nový zubní kartáček.,Купи новую зубную щётку.,Купи нову зубну щітку.
891,centimetr,сущ.,м.р.,centimetru,A2,Меры и величины,сантиметр,сантиметр,centimetre,,,,Chybí deset centimetrů.,Не хватает десяти сантиметров.,Бракує десяти сантиметрів.,Měří sto osmdesát centimetrů.,Его рост сто восемьдесят сантиметров.,Його зріст сто вісімдесят сантиметрів.
892,gram,сущ.,м.р.,gramu,A2,Меры и величины,грамм,грам,gram,,,,Dej mi dvě stě gramů sýra.,Дай мне двести граммов сыра.,Дай мені двісті грамів сиру.,Váží pět set gramů.,Он весит пятьсот граммов.,Він важить п'ятсот грамів.
893,procento,сущ.,ср.р.,procenta,A2,Меры и величины,процент,відсоток,per cent,,percent,https://loremflickr.com/640/480/percent,Sleva je dvacet procent.,Скидка двадцать процентов.,Знижка двадцять відсотків.,Sto procent lidí souhlasí.,Сто процентов людей согласны.,Сто відсотків людей погоджуються.
894,váha,сущ.,ж.р.,váhy,A2,Меры и величины,вес; весы,вага; терези,weight; scales,,scales,https://loremflickr.com/640/480/scales,Jaká je vaše váha?,Какой у вас вес?,Яка у вас вага?,Váha je v koupelně.,Весы в ванной.,Терези у ванній.
895,výška,сущ.,ж.р.,výšky,A2,Меры и величины,высота; рост,висота; зріст,height,,height,https://loremflickr.com/640/480/height,Jaká je vaše výška?,Какой у вас рост?,Який у вас зріст?,Budova má výšku sto metrů.,Здание высотой сто метров.,Будівля заввишки сто метрів.
896,sám,мест.,,,A2,Местоимения,сам; один,сам,alone; oneself,,,,Bydlím sám.,Я живу один.,Я живу сам.,Udělal to sám.,Он сделал это сам.,Він зробив це сам.
897,stejný,прил.,,,A2,Местоимения,одинаковый; такой же,однаковий,same; identical,,,,Máme stejný telefon.,У нас одинаковые телефоны.,У нас однакові телефони.,Je to stejné jako včera.,"Это то же, что вчера.","Це те саме, що вчора."
898,svůj,мест.,,,A2,Местоимения,свой,свій,one's own,,,,Vezmi si svůj kabát.,Возьми своё пальто.,Візьми своє пальто.,Dělám svou práci.,Я делаю свою работу.,Я роблю свою роботу.
899,takový,мест.,,,A2,Местоимения,такой,такий,such,,,,Takový problém neznám.,Такой проблемы я не знаю.,Такої проблеми я не знаю.,Chci takový telefon.,Я хочу такой телефон.,Я хочу такий телефон.
900,tamten,мест.,,,A2,Местоимения,тот (вон тот),той (он той),that one (over there),,,,Tamten dům je nový.,Вон тот дом новый.,Он той будинок новий.,Vidíš tamtu budovu?,Видишь вон то здание?,Бачиш он ту будівлю?
901,alkohol,сущ.,м.р.,alkoholu,A2,Напитки,алкоголь,алкоголь,alcohol,,alcohol,https://loremflickr.com/640/480/alcohol,Nepiju alkohol.,Я не пью алкоголь.,Я не п'ю алкоголь.,Alkohol je tu drahý.,Алкоголь здесь дорогой.,Алкоголь тут дорогий.
902,nápoj,сущ.,м.р.,nápoje,A2,Напитки,напиток,напій,drink; beverage,,drink,https://loremflickr.com/640/480/drink,Jaký nápoj si dáte?,Какой напиток вы будете?,Який напій ви візьмете?,Nealkoholické nápoje jsou vlevo.,Безалкогольные напитки слева.,Безалкогольні напої ліворуч.
903,aspoň,нареч.,,,A2,Наречия,хотя бы,хоча б,at least,,,,Přijď aspoň na hodinu.,Приходи хотя бы на час.,Приходь хоча б на годину.,Aspoň to zkus.,Хотя бы попробуй.,Хоча б спробуй.
904,docela,нареч.,,,A2,Наречия,довольно; вполне,досить,quite; fairly,,,,Je to docela drahé.,Это довольно дорого.,Це досить дорого.,Mluvíš docela dobře.,Ты говоришь довольно хорошо.,Ти говориш досить добре.
905,dolů,нареч.,,,A2,Наречия,вниз,вниз,down,,,,Pojď dolů.,Спускайся вниз.,Спускайся вниз.,Dej to dolů.,Опусти это вниз.,Опусти це вниз.
906,dovnitř,нареч.,,,A2,Наречия,внутрь,всередину,inside,,,,Pojď dovnitř.,Заходи внутрь.,Заходь усередину.,Dovnitř se nesmí.,Внутрь нельзя.,Всередину не можна.
907,hlavně,нареч.,,,A2,Наречия,главным образом,головним чином,mainly,,,,Hlavně buď v klidu.,"Главное, будь спокоен.","Головне, будь спокійний.",Chodím tam hlavně kvůli práci.,Я хожу туда в основном из-за работы.,Я ходжу туди переважно через роботу.
908,méně,нареч.,,,A2,Наречия,меньше,менше,less,,,,Mám méně času než dřív.,"У меня меньше времени, чем раньше.","У мене менше часу, ніж раніше.",Jez méně cukru.,Ешь меньше сахара.,Їж менше цукру.
909,nahoru,нареч.,,,A2,Наречия,наверх,нагору,up,,,,Pojď nahoru.,Поднимайся наверх.,Піднімайся нагору.,Dej to nahoru na polici.,Положи это наверх на полку.,Поклади це нагору на полицю.
910,nakonec,нареч.,,,A2,Наречия,в конце концов,врешті-решт,in the end; finally,,,,Nakonec jsem tam nešel.,В конце концов я туда не пошёл.,Врешті-решт я туди не пішов.,Nakonec to dopadlo dobře.,В итоге всё вышло хорошо.,Врешті все вийшло добре.
911,například,нареч.,,,A2,Наречия,например,наприклад,for example,,,,Například tenhle byt je hezký.,"Например, эта квартира красивая.","Наприклад, ця квартира гарна.","Mám rád ovoce, například jablka.","Я люблю фрукты, например яблоки.","Я люблю фрукти, наприклад яблука."
912,naštěstí,нареч.,,,A2,Наречия,к счастью,на щастя,luckily,,,,Naštěstí to dopadlo dobře.,"К счастью, всё закончилось хорошо.","На щастя, все закінчилося добре.",Naštěstí nepršelo.,"К счастью, дождя не было.","На щастя, дощу не було."
913,nejdřív,нареч.,,,A2,Наречия,сначала,спочатку,first; at first,,,,Nejdřív se najíme.,Сначала поедим.,Спершу поїмо.,Nejdřív musím zavolat.,Сначала мне нужно позвонить.,Спершу мені треба зателефонувати.
914,někde,нареч.,,,A2,Наречия,где-то,десь,somewhere,,,,Někde jsem to viděl.,Я где-то это видел.,Я десь це бачив.,Musí to být někde tady.,Это должно быть где-то здесь.,Це має бути десь тут.
915,nikde,нареч.,,,A2,Наречия,нигде,ніде,nowhere,,,,Nikde ho nevidím.,Я его нигде не вижу.,Я його ніде не бачу.,Nikde to nemají.,Нигде этого нет.,Ніде цього немає.
916,opravdu,нареч.,,,A2,Наречия,действительно,справді,really,,,,Opravdu se mi to líbí.,Мне это действительно нравится.,Мені це справді подобається.,Opravdu jsi to udělal?,Ты правда это сделал?,Ти справді це зробив?
917,právě,нареч.,,,A2,Наречия,как раз; именно,саме,just; exactly,,,,Právě jsem přišel.,Я только что пришёл.,Я щойно прийшов.,To je právě ten problém.,Именно в этом проблема.,Саме в цьому проблема.
918,přesně,нареч.,,,A2,Наречия,точно,точно,exactly; precisely,,,,Přijď přesně v pět.,Приходи ровно в пять.,Приходь рівно о п'ятій.,Nevím to přesně.,Я не знаю точно.,Я не знаю точно.
919,příliš,нареч.,,,A2,Наречия,слишком,занадто,too; too much,,,,Je to příliš drahé.,Это слишком дорого.,Це надто дорого.,Mluvíš příliš rychle.,Ты говоришь слишком быстро.,Ти говориш надто швидко.
920,raději,нареч.,,,A2,Наречия,лучше; охотнее,краще,rather; preferably,,,,Raději půjdu pěšky.,Я лучше пойду пешком.,Я краще піду пішки.,Dám si raději čaj.,Я лучше выпью чай.,Я краще вип'ю чай.
921,skoro,нареч.,,,A2,Наречия,почти,майже,almost,,,,Jsem skoro hotový.,Я почти закончил.,Я майже закінчив.,Je skoro osm.,Почти восемь.,Майже восьма.
922,snad,нареч.,,,A2,Наречия,наверное; надеюсь,мабуть; сподіваюся,maybe; hopefully,,,,Snad to vyjde.,"Надеюсь, получится.","Сподіваюся, вийде.",Snad přijde včas.,"Надеюсь, он придёт вовремя.","Сподіваюся, він прийде вчасно."
923,spolu,нареч.,,,A2,Наречия,вместе,разом,together,,,,Půjdeme tam spolu.,Мы пойдём туда вместе.,Ми підемо туди разом.,Bydlíme spolu.,Мы живём вместе.,Ми живемо разом.
924,určitě,нареч.,,,A2,Наречия,точно; определённо,напевно,definitely; certainly,,,,Určitě přijdu.,Я точно приду.,Я точно прийду.,To určitě není pravda.,Это точно неправда.,Це точно неправда.
925,ven,нареч.,,,A2,Наречия,наружу; на улицу,надвір,out; outside,,,,Půjdeme ven.,Пойдём на улицу.,Підемо надвір.,Kočka chce ven.,Кошка хочет на улицу.,Кішка хоче надвір.
926,více,нареч.,,,A2,Наречия,больше,більше,more,,,,Chci vědět více.,Я хочу знать больше.,Я хочу знати більше.,Více informací najdete tady.,Больше информации найдёте здесь.,Більше інформації знайдете тут.
927,všude,нареч.,,,A2,Наречия,везде,всюди,everywhere,,,,Všude je plno lidí.,Везде полно людей.,Скрізь повно людей.,Hledal jsem to všude.,Я искал это везде.,Я шукав це скрізь.
928,zase,нареч.,,,A2,Наречия,опять,знову,again,,,,Zase prší.,Опять идёт дождь.,Знову дощ.,Zase jsi přišel pozdě.,Ты опять пришёл поздно.,Ти знову прийшов пізно.
929,cvičení,сущ.,ср.р.,cvičení,A2,Образование,упражнение,вправа,exercise,,"exercise,workbook","https://loremflickr.com/640/480/exercise,workbook",Udělej cvičení číslo pět.,Сделай упражнение номер пять.,Зроби вправу номер п'ять.,Cvičení bylo těžké.,Упражнение было трудное.,Вправа була важка.
930,kurz,сущ.,м.р.,kurzu,A2,Образование,курс,курс,course,,"course,class","https://loremflickr.com/640/480/course,class",Chodím na kurz češtiny.,Я хожу на курс чешского.,Я ходжу на курс чеської.,Kurz stojí pět tisíc.,Курс стоит пять тысяч.,Курс коштує п'ять тисяч.
931,naučit se,гл.,сов.,,A2,Образование,выучить; научиться,вивчити; навчитися,to learn,,,,Naučil jsem se nová slova.,Я выучил новые слова.,Я вивчив нові слова.,Chci se naučit vařit.,Я хочу научиться готовить.,Я хочу навчитися готувати.
932,pamatovat si,гл.,несов.,,A2,Образование,помнить,пам'ятати,to remember,,,,Nepamatuji si to slovo.,Я не помню это слово.,Я не пам'ятаю цього слова.,Pamatuješ si na mě?,Ты меня помнишь?,Ти мене пам'ятаєш?
933,střední škola,сущ.,ж.р.,střední školy,A2,Образование,средняя школа; колледж,середня школа,secondary school,,highschool,https://loremflickr.com/640/480/highschool,Chodím na střední školu.,Я хожу в среднюю школу.,Я ходжу до середньої школи.,Střední školu jsem dokončil loni.,Среднюю школу я окончил в прошлом году.,Середню школу я закінчив торік.
934,školka,сущ.,ж.р.,školky,A2,Образование,детский сад,дитячий садок,kindergarten,,kindergarten,https://loremflickr.com/640/480/kindergarten,Dcera chodí do školky.,Дочь ходит в садик.,Дочка ходить у садок.,Školka je vedle domu.,Садик рядом с домом.,Садок поруч із будинком.
935,tabule,сущ.,ж.р.,tabule,A2,Образование,доска,дошка,board; blackboard,,blackboard,https://loremflickr.com/640/480/blackboard,Učitel píše na tabuli.,Учитель пишет на доске.,Учитель пише на дошці.,Přečti to z tabule.,Прочитай это с доски.,Прочитай це з дошки.
936,vysoká škola,сущ.,ж.р.,vysoké školy,A2,Образование,вуз,виш,university,,university,https://loremflickr.com/640/480/university,Studuji na vysoké škole.,Я учусь в вузе.,Я навчаюся у виші.,Vysoká škola trvá pět let.,Вуз длится пять лет.,Виш триває п'ять років.
937,základní škola,сущ.,ж.р.,základní školy,A2,Образование,начальная и средняя школа,початкова школа,primary school,9 классов в Чехии,primaryschool,https://loremflickr.com/640/480/primaryschool,Syn chodí na základní školu.,Сын ходит в начальную школу.,Син ходить до початкової школи.,Základní škola má devět tříd.,В начальной школе девять классов.,У початковій школі дев'ять класів.
938,zkouška,сущ.,ж.р.,zkoušky,A2,Образование,экзамен,іспит,exam,,exam,https://loremflickr.com/640/480/exam,Zítra mám zkoušku.,Завтра у меня экзамен.,Завтра в мене іспит.,Udělal jsem zkoušku.,Я сдал экзамен.,Я склав іспит.
939,známka,сущ.,ж.р.,známky,A2,Образование,оценка; марка,оцінка; марка,mark; grade; stamp,,"grade,stamp","https://loremflickr.com/640/480/grade,stamp",Dostal jsem dobrou známku.,Я получил хорошую оценку.,Я отримав гарну оцінку.,Známky jsou důležité.,Оценки важны.,Оцінки важливі.
940,žák,сущ.,м.р.,žáka,A2,Образование,ученик,учень,pupil,,pupil,https://loremflickr.com/640/480/pupil,Ten žák je chytrý.,Этот ученик умный.,Цей учень розумний.,Ve třídě je dvacet žáků.,В классе двадцать учеников.,У класі двадцятеро учнів.
941,křičet,гл.,несов.,,A2,Общение и речь,кричать,кричати,to shout; to scream,,shouting,https://loremflickr.com/640/480/shouting,Nekřič na mě.,Не кричи на меня.,Не кричи на мене.,Děti křičely na hřišti.,Дети кричали на площадке.,Діти кричали на майданчику.
942,poděkovat,гл.,сов.,,A2,Общение и речь,поблагодарить,подякувати,to thank,,,,Chci ti poděkovat.,Я хочу тебя поблагодарить.,Я хочу тобі подякувати.,Poděkoval jsem za pomoc.,Я поблагодарил за помощь.,Я подякував за допомогу.
943,poradit,гл.,сов.,,A2,Общение и речь,посоветовать,порадити,to advise,,,,"Poraď mi, prosím.","Посоветуй мне, пожалуйста.","Порадь мені, будь ласка.",Poradil mi dobrého lékaře.,Он посоветовал мне хорошего врача.,Він порадив мені гарного лікаря.
944,povídat,гл.,несов.,,A2,Общение и речь,рассказывать; болтать,розповідати,to chat; to tell,,chatting,https://loremflickr.com/640/480/chatting,Rád si povídám s kolegy.,Я люблю болтать с коллегами.,Я люблю розмовляти з колегами.,Povídej mi o tom.,Расскажи мне об этом.,Розкажи мені про це.
945,pozdravit,гл.,сов.,,A2,Общение и речь,поздороваться,привітатися,to greet,,greeting,https://loremflickr.com/640/480/greeting,Pozdrav sousedy.,Поздоровайся с соседями.,Привітайся із сусідами.,Pozdravil mě na ulici.,Он поздоровался со мной на улице.,Він привітався зі мною на вулиці.
946,překlad,сущ.,м.р.,překladu,A2,Общение и речь,перевод,переклад,translation,,translation,https://loremflickr.com/640/480/translation,Potřebuji překlad dokumentu.,Мне нужен перевод документа.,Мені потрібен переклад документа.,Překlad není přesný.,Перевод неточный.,Переклад неточний.
947,přeložit,гл.,сов.,,A2,Общение и речь,перевести,перекласти,to translate,,,,"Přelož mi to, prosím.","Переведи мне это, пожалуйста.","Переклади мені це, будь ласка.",Přeložil jsem celý text.,Я перевёл весь текст.,Я переклав увесь текст.
948,rada,сущ.,ж.р.,rady,A2,Общение и речь,совет,порада,advice,,advice,https://loremflickr.com/640/480/advice,Dej mi radu.,Дай мне совет.,Дай мені пораду.,Poslechl jsem tvoji radu.,Я послушал твой совет.,Я послухав твою пораду.
949,rozhovor,сущ.,м.р.,rozhovoru,A2,Общение и речь,разговор; интервью,розмова; інтерв'ю,conversation; interview,,conversation,https://loremflickr.com/640/480/conversation,Měl jsem rozhovor se šéfem.,У меня был разговор с начальником.,У мене була розмова з начальником.,Rozhovor trval hodinu.,Разговор длился час.,Розмова тривала годину.
950,souhlasit,гл.,несов.,,A2,Общение и речь,соглашаться,погоджуватися,to agree,,,,Souhlasím s tebou.,Я с тобой согласен.,Я з тобою згоден.,Nesouhlasím s tím.,Я с этим не согласен.,Я з цим не згоден.
951,vyprávět,гл.,несов.,,A2,Общение и речь,рассказывать,розповідати,to tell; to narrate,,storytelling,https://loremflickr.com/640/480/storytelling,Vyprávěj mi o Praze.,Расскажи мне о Праге.,Розкажи мені про Прагу.,Vyprávěl nám o dovolené.,Он рассказал нам об отпуске.,Він розповів нам про відпустку.
952,vysvětlit,гл.,сов.,,A2,Общение и речь,объяснить,пояснити,to explain,,explaining,https://loremflickr.com/640/480/explaining,Vysvětli mi to znovu.,Объясни мне это снова.,Поясни мені це знову.,Učitel vysvětlil gramatiku.,Учитель объяснил грамматику.,Учитель пояснив граматику.
953,kapsa,сущ.,ж.р.,kapsy,A2,Одежда,карман,кишеня,pocket,,pocket,https://loremflickr.com/640/480/pocket,Klíče mám v kapse.,Ключи у меня в кармане.,Ключі в мене в кишені.,Kapsa je děravá.,Карман дырявый.,Кишеня дірява.
954,klobouk,сущ.,м.р.,klobouku,A2,Одежда,шляпа,капелюх,hat,,hat,https://loremflickr.com/640/480/hat,V létě nosím klobouk.,Летом я ношу шляпу.,Влітку я ношу капелюх.,Klobouk je slaměný.,Шляпа соломенная.,Капелюх солом'яний.
955,kravata,сущ.,ж.р.,kravaty,A2,Одежда,галстук,краватка,tie,,necktie,https://loremflickr.com/640/480/necktie,Do práce nosím kravatu.,На работу я ношу галстук.,На роботу я ношу краватку.,Kravata je modrá.,Галстук синий.,Краватка синя.
956,mikina,сущ.,ж.р.,mikiny,A2,Одежда,толстовка,худі; толстовка,hoodie; sweatshirt,,hoodie,https://loremflickr.com/640/480/hoodie,Mám na sobě mikinu.,На мне толстовка.,На мені худі.,Mikina je teplá.,Толстовка тёплая.,Худі тепле.
957,obléct se,гл.,сов.,,A2,Одежда,одеться,одягнутися,to get dressed,,dressing,https://loremflickr.com/640/480/dressing,"Obleč se, jdeme ven.","Одевайся, идём на улицу.","Одягайся, йдемо надвір.",Rychle jsem se oblékl.,Я быстро оделся.,Я швидко одягнувся.
958,opasek,сущ.,м.р.,opasku,A2,Одежда,ремень,пасок,belt,,belt,https://loremflickr.com/640/480/belt,Potřebuji nový opasek.,Мне нужен новый ремень.,Мені потрібен новий пасок.,Kalhoty drží opasek.,Брюки держит ремень.,Штани тримає пасок.
959,plavky,сущ.,мн.ч.,plavek,A2,Одежда,купальник; плавки,купальник; плавки,swimsuit; swimming trunks,,swimsuit,https://loremflickr.com/640/480/swimsuit,Vezmi si plavky na bazén.,Возьми купальник в бассейн.,Візьми купальник у басейн.,Zapomněl jsem plavky.,Я забыл плавки.,Я забув плавки.
960,rukavice,сущ.,мн.ч.,rukavic,A2,Одежда,перчатки,рукавички,gloves,,gloves,https://loremflickr.com/640/480/gloves,V zimě nosím rukavice.,Зимой я ношу перчатки.,Взимку я ношу рукавички.,Ztratil jsem rukavici.,Я потерял перчатку.,Я загубив рукавичку.
961,spodní prádlo,сущ.,ср.р.,spodního prádla,A2,Одежда,нижнее бельё,нижня білизна,underwear,,underwear,https://loremflickr.com/640/480/underwear,Kup si nové spodní prádlo.,Купи себе новое нижнее бельё.,Купи собі нову нижню білизну.,Spodní prádlo je v šuplíku.,Нижнее бельё в ящике.,Нижня білизна в шухляді.
962,šála,сущ.,ж.р.,šály,A2,Одежда,шарф,шарф,scarf,,scarf,https://loremflickr.com/640/480/scarf,"Vezmi si šálu, fouká.","Возьми шарф, дует.","Візьми шарф, віє.",Šála je vlněná.,Шарф шерстяной.,Шарф вовняний.
963,bouřka,сущ.,ж.р.,bouřky,A2,Погода,гроза,гроза,thunderstorm,,thunderstorm,https://loremflickr.com/640/480/thunderstorm,Večer bude bouřka.,Вечером будет гроза.,Увечері буде гроза.,Bojím se bouřky.,Я боюсь грозы.,Я боюся грози.
964,chladno,нареч.,,,A2,Погода,прохладно,прохолодно,chilly; cool,,,,Venku je chladno.,На улице прохладно.,Надворі прохолодно.,Ráno bývá chladno.,По утрам бывает прохладно.,Уранці буває прохолодно.
965,led,сущ.,м.р.,ledu,A2,Погода,лёд,лід,ice,,ice,https://loremflickr.com/640/480/ice,Na chodníku je led.,На тротуаре лёд.,На тротуарі лід.,Dej si led do nápoje.,Положи лёд в напиток.,Поклади лід у напій.
966,mlha,сущ.,ж.р.,mlhy,A2,Погода,туман,туман,fog; mist,,fog,https://loremflickr.com/640/480/fog,Ráno byla hustá mlha.,Утром был густой туман.,Уранці був густий туман.,V mlze se špatně řídí.,В тумане трудно вести машину.,У тумані важко кермувати.
967,mrak,сущ.,м.р.,mraku,A2,Погода,облако; туча,хмара,cloud,,cloud,https://loremflickr.com/640/480/cloud,Na nebi je mrak.,На небе облако.,На небі хмара.,Mraky zakryly slunce.,Тучи закрыли солнце.,Хмари закрили сонце.
968,mráz,сущ.,м.р.,mrazu,A2,Погода,мороз,мороз,frost,,frost,https://loremflickr.com/640/480/frost,Venku je mráz.,На улице мороз.,Надворі мороз.,Mráz je minus deset.,Мороз минус десять.,Мороз мінус десять.
969,sněžit,гл.,несов.,,A2,Погода,идти (о снеге),сніжити,to snow,,snowing,https://loremflickr.com/640/480/snowing,Venku sněží.,На улице идёт снег.,Надворі йде сніг.,Celý den sněžilo.,Весь день шёл снег.,Весь день ішов сніг.
970,stupeň,сущ.,м.р.,stupně,A2,Погода,градус; степень,градус; ступінь,degree; level,,"thermometer,degree","https://loremflickr.com/640/480/thermometer,degree",Je deset stupňů.,Десять градусов.,Десять градусів.,Teplota klesla o pět stupňů.,Температура упала на пять градусов.,Температура впала на п'ять градусів.
971,zataženo,нареч.,,,A2,Погода,пасмурно,похмуро,overcast; cloudy,,overcast,https://loremflickr.com/640/480/overcast,Dnes je zataženo.,Сегодня пасмурно.,Сьогодні похмуро.,Bude zataženo a chladno.,Будет пасмурно и прохладно.,Буде похмуро й прохолодно.
972,hotovost,сущ.,ж.р.,hotovosti,A2,Покупки и деньги,наличные,готівка,cash,,cash,https://loremflickr.com/640/480/cash,Platím v hotovosti.,Я плачу наличными.,Я плачу готівкою.,Nemám u sebe hotovost.,У меня нет с собой наличных.,У мене немає при собі готівки.
973,košík,сущ.,м.р.,košíku,A2,Покупки и деньги,корзина (в магазине),кошик,shopping basket,,shoppingbasket,https://loremflickr.com/640/480/shoppingbasket,Vezmi si košík.,Возьми корзину.,Візьми кошик.,Košík je plný.,Корзина полная.,Кошик повний.
974,pekárna,сущ.,ж.р.,pekárny,A2,Покупки и деньги,пекарня,пекарня,bakery,,bakery,https://loremflickr.com/640/480/bakery,Chleba kupuji v pekárně.,Хлеб я покупаю в пекарне.,Хліб я купую в пекарні.,Pekárna otevírá v šest.,Пекарня открывается в шесть.,Пекарня відчиняється о шостій.
975,plat,сущ.,м.р.,platu,A2,Покупки и деньги,зарплата,зарплата,salary; wage,,salary,https://loremflickr.com/640/480/salary,Dostávám plat každý měsíc.,Я получаю зарплату каждый месяц.,Я отримую зарплату щомісяця.,Plat je nízký.,Зарплата низкая.,Зарплата низька.
976,prodat,гл.,сов.,,A2,Покупки и деньги,продать,продати,to sell,,selling,https://loremflickr.com/640/480/selling,Prodal jsem auto.,Я продал машину.,Я продав машину.,Prodávají tam levné ovoce.,Там продают дешёвые фрукты.,Там продають дешеві фрукти.
977,půjčit,гл.,сов.,,A2,Покупки и деньги,одолжить; дать взаймы,позичити,to lend; to borrow,,,,Půjč mi sto korun.,Одолжи мне сто крон.,Позич мені сто крон.,Půjčil jsem si knihu.,Я взял книгу почитать.,Я позичив книгу.
978,sleva,сущ.,ж.р.,slevy,A2,Покупки и деньги,скидка,знижка,discount,,discount,https://loremflickr.com/640/480/discount,Mají tam velkou slevu.,Там большая скидка.,Там велика знижка.,Studenti mají slevu.,У студентов есть скидка.,Студенти мають знижку.
979,trh,сущ.,м.р.,trhu,A2,Покупки и деньги,рынок,ринок,market,,market,https://loremflickr.com/640/480/market,Ovoce kupuji na trhu.,Фрукты я покупаю на рынке.,Фрукти я купую на ринку.,Trh je v sobotu.,Рынок в субботу.,Ринок у суботу.
980,účet,сущ.,м.р.,účtu,A2,Покупки и деньги,счёт,рахунок,bill; account,,"bill,invoice","https://loremflickr.com/640/480/bill,invoice",Zaplatím účet.,Я оплачу счёт.,Я оплачу рахунок.,Mám účet v bance.,У меня счёт в банке.,У мене рахунок у банку.
981,účtenka,сущ.,ж.р.,účtenky,A2,Покупки и деньги,чек,чек,receipt,,receipt,https://loremflickr.com/640/480/receipt,Chcete účtenku?,Вам нужен чек?,Вам потрібен чек?,Účtenku si nechte.,Чек оставьте себе.,Чек залиште собі.
982,velikost,сущ.,ж.р.,velikosti,A2,Покупки и деньги,размер,розмір,size,,size,https://loremflickr.com/640/480/size,Jakou máte velikost?,Какой у вас размер?,Який у вас розмір?,Máte to ve větší velikosti?,У вас есть размер побольше?,У вас є більший розмір?
983,vrátit,гл.,сов.,,A2,Покупки и деньги,вернуть,повернути,to return; to give back,,,,Vrať mi ty peníze.,Верни мне те деньги.,Поверни мені ті гроші.,Chci vrátit tohle tričko.,Я хочу вернуть эту футболку.,Я хочу повернути цю футболку.
984,zákazník,сущ.,м.р.,zákazníka,A2,Покупки и деньги,клиент; покупатель,клієнт; покупець,customer,,customer,https://loremflickr.com/640/480/customer,Zákazník má vždycky pravdu.,Клиент всегда прав.,Клієнт завжди має рацію.,Máme hodně zákazníků.,У нас много клиентов.,У нас багато клієнтів.
985,zboží,сущ.,ср.р.,zboží,A2,Покупки и деньги,товар,товар,goods,,goods,https://loremflickr.com/640/480/goods,Zboží je vyprodané.,Товар распродан.,Товар розпроданий.,Kvalita zboží je dobrá.,Качество товара хорошее.,Якість товару добра.
986,zdarma,нареч.,,,A2,Покупки и деньги,бесплатно,безкоштовно,free of charge,,free,https://loremflickr.com/640/480/free,Vstup je zdarma.,Вход бесплатный.,Вхід безкоштовний.,Dostal jsem to zdarma.,Я получил это бесплатно.,Я отримав це безкоштовно.
987,Bohužel nemluvím dobře česky,фраза,,,A2,Полезные фразы,"К сожалению, я плохо говорю по-чешски","На жаль, я погано говорю чеською",,,,,Bohužel nemluvím dobře česky.,"К сожалению, я плохо говорю по-чешски.","На жаль, я погано говорю чеською.","Bohužel nemluvím dobře česky, můžete pomalu?","К сожалению, я плохо говорю по-чешски, можете медленнее?","На жаль, я погано говорю чеською, можете повільніше?"
988,Jak se řekne...?,фраза,,,A2,Полезные фразы,Как сказать...?,Як сказати...?,,,,,Jak se řekne „stůl“ česky?,Как сказать «стол» по-чешски?,Як сказати «стіл» чеською?,Jak se to řekne správně?,Как это сказать правильно?,Як це сказати правильно?
989,Jsem tady poprvé,фраза,,,A2,Полезные фразы,Я здесь впервые,Я тут уперше,,,,,Jsem tady poprvé.,Я здесь впервые.,Я тут уперше.,"Jsem tady poprvé, neznám to.","Я здесь впервые, не знаю тут ничего.","Я тут уперше, нічого не знаю."
990,Kde je nejbližší zastávka?,фраза,,,A2,Полезные фразы,Где ближайшая остановка?,Де найближча зупинка?,,,,,Kde je nejbližší zastávka?,Где ближайшая остановка?,Де найближча зупинка?,Kde je nejbližší zastávka tramvaje?,Где ближайшая трамвайная остановка?,Де найближча трамвайна зупинка?
991,Máte volný stůl?,фраза,,,A2,Полезные фразы,У вас есть свободный столик?,У вас є вільний столик?,,,,,Máte volný stůl?,У вас есть свободный столик?,У вас є вільний столик?,Máte volný stůl pro dva?,У вас есть столик на двоих?,У вас є столик на двох?
992,Můžu se zeptat?,фраза,,,A2,Полезные фразы,Можно спросить?,Можна запитати?,,,,,Můžu se zeptat?,Можно спросить?,Можна запитати?,Můžu se zeptat na cestu?,Можно спросить дорогу?,Можна запитати дорогу?
993,Nevadí,фраза,,,A2,Полезные фразы,Ничего страшного,Нічого страшного,,,,,"Nevadí, to se stane.","Ничего, бывает.","Нічого, буває.","Nevadí, počkám.","Ничего, я подожду.","Нічого, я почекаю."
994,pomoct si,фраза,,,A2,Полезные фразы,справиться самому,дати собі раду,,,,,Musím si pomoct sám.,Я должен справиться сам.,Я мушу впоратися сам.,Nemůžu si pomoct.,Я ничего не могу поделать.,Я нічого не можу вдіяти.
995,To je jedno,фраза,,,A2,Полезные фразы,Всё равно,Байдуже,,,,,"To je jedno, vyber ty.","Всё равно, выбирай ты.","Байдуже, обирай ти.",Je mi to jedno.,Мне всё равно.,Мені байдуже.
996,oslava,сущ.,ж.р.,oslavy,A2,Праздники,праздник; торжество,святкування,celebration; party,,celebration,https://loremflickr.com/640/480/celebration,Máme oslavu narozenin.,У нас праздник — день рождения.,У нас святкування дня народження.,Oslava byla skvělá.,Праздник был отличный.,Святкування було чудове.
997,přání,сущ.,ср.р.,přání,A2,Праздники,пожелание; открытка,побажання; листівка,wish; greeting card,,greetingcard,https://loremflickr.com/640/480/greetingcard,Poslal jsem ti přání.,Я отправил тебе открытку.,Я надіслав тобі листівку.,Mám jedno přání.,У меня одно желание.,У мене одне бажання.
998,Silvestr,сущ.,м.р.,Silvestra,A2,Праздники,Новый год (31 декабря),Новий рік (31 грудня),New Year's Eve,,newyearseve,https://loremflickr.com/640/480/newyearseve,Na Silvestra jdeme k přátelům.,На Новый год мы идём к друзьям.,На Новий рік ми йдемо до друзів.,Silvestr slavíme doma.,Новый год мы празднуем дома.,Новий рік ми святкуємо вдома.
999,svátek,сущ.,м.р.,svátku,A2,Праздники,праздник; именины,свято; іменини,holiday; name day,,holiday,https://loremflickr.com/640/480/holiday,Zítra je státní svátek.,Завтра государственный праздник.,Завтра державне свято.,Máš dnes svátek?,У тебя сегодня именины?,У тебе сьогодні іменини?
1000,Velikonoce,сущ.,мн.ч.,Velikonoc,A2,Праздники,Пасха,Великдень,Easter,,easter,https://loremflickr.com/640/480/easter,Na Velikonoce jedeme na vesnici.,На Пасху мы едем в деревню.,На Великдень ми їдемо в село.,Velikonoce jsou na jaře.,Пасха весной.,Великдень навесні.
1001,kolem,предл.,,,A2,Предлоги,около; вокруг,біля; навколо,around; about,,,,Sejdeme se kolem osmé.,Встретимся около восьми.,Зустрінемося близько восьмої.,Chodíme kolem parku.,Мы ходим вокруг парка.,Ми ходимо навколо парку.
1002,mezi,предл.,,,A2,Предлоги,между,між,between,,,,Sedím mezi nimi.,Я сижу между ними.,Я сиджу між ними.,Přijdu mezi pátou a šestou.,Я приду между пятью и шестью.,Я прийду між п'ятою і шостою.
1003,místo,предл.,,,A2,Предлоги,вместо,замість,instead of,,,,Dej si čaj místo kávy.,Выпей чай вместо кофе.,Випий чай замість кави.,Půjdu tam místo tebe.,Я пойду туда вместо тебя.,Я піду туди замість тебе.
1004,nad,предл.,,,A2,Предлоги,над,над,above,,,,Lampa visí nad stolem.,Лампа висит над столом.,Лампа висить над столом.,Byt je nad obchodem.,Квартира над магазином.,Квартира над магазином.
1005,pod,предл.,,,A2,Предлоги,под,під,under,,,,Klíč je pod rohožkou.,Ключ под ковриком.,Ключ під килимком.,Kočka spí pod stolem.,Кошка спит под столом.,Кішка спить під столом.
1006,podle,предл.,,,A2,Предлоги,согласно; по,згідно з,according to,,,,Podle mě to není pravda.,"По-моему, это неправда.","На мою думку, це неправда.",Vařím podle receptu.,Я готовлю по рецепту.,Я готую за рецептом.
1007,proti,предл.,,,A2,Предлоги,против,проти,against,,,,Nic nemám proti tomu.,Я ничего не имею против.,Я нічого не маю проти.,Hrajeme proti nim.,Мы играем против них.,Ми граємо проти них.
1008,přes,предл.,,,A2,Предлоги,через,через,across; over,,,,Přejdi přes ulici.,Перейди через улицу.,Перейди через вулицю.,Přes léto jsem pracoval.,Всё лето я работал.,Усе літо я працював.
1009,dobré odpoledne,фраза,,,A2,Приветствия и вежливость,добрый день (после обеда),доброго дня (по обіді),,,,,"Dobré odpoledne, jak se máte?","Добрый день, как поживаете?","Доброго дня, як ся маєте?","Dobré odpoledne, mohu vám pomoct?","Добрый день, могу вам помочь?","Доброго дня, чи можу вам допомогти?"
1010,gratuluji,гл.,несов.,,A2,Приветствия и вежливость,поздравляю,вітаю,congratulations,,congratulations,https://loremflickr.com/640/480/congratulations,Gratuluji k narozeninám!,Поздравляю с днём рождения!,Вітаю з днем народження!,Gratuluji k nové práci.,Поздравляю с новой работой.,Вітаю з новою роботою.
1011,hodně štěstí,фраза,,,A2,Приветствия и вежливость,удачи,щасти,,,,,Hodně štěstí u zkoušky!,Удачи на экзамене!,Щасти на іспиті!,Hodně štěstí v novém roce.,Удачи в новом году.,Щасти в новому році.
1012,měj se hezky,фраза,,,A2,Приветствия и вежливость,всего хорошего,бувай здоровий,,,,,"Měj se hezky, ahoj.","Всего хорошего, пока.","Бувай здоровий, па.",Měj se hezky o víkendu.,Хороших выходных.,Гарних вихідних.
1013,omlouvám se,гл.,несов.,,A2,Приветствия и вежливость,прошу прощения,перепрошую,I apologise,,,,Omlouvám se za zpoždění.,Прошу прощения за опоздание.,Перепрошую за запізнення.,"Omlouvám se, byla to chyba.","Прошу прощения, это была ошибка.","Перепрошую, це була помилка."
1014,s dovolením,фраза,,,A2,Приветствия и вежливость,разрешите; позвольте,дозвольте,,,,,"S dovolením, musím projít.","Разрешите, мне нужно пройти.","Дозвольте, мені треба пройти.","S dovolením, je tu volno?","Позвольте, здесь свободно?","Дозвольте, тут вільно?"
1015,bohatý,прил.,,,A2,Прилагательные,богатый,багатий,rich,,rich,https://loremflickr.com/640/480/rich,Je to bohatá země.,Это богатая страна.,Це багата країна.,Nejsem bohatý.,Я не богат.,Я не багатий.
1016,chudý,прил.,,,A2,Прилагательные,бедный,бідний,poor,,poor,https://loremflickr.com/640/480/poor,Byl to chudý student.,Это был бедный студент.,Це був бідний студент.,Chudé rodiny mají podporu.,Бедные семьи получают поддержку.,Бідні родини отримують підтримку.
1017,cizí,прил.,,,A2,Прилагательные,чужой; иностранный,чужий; іноземний,foreign; someone else's,,,,Je to cizí jazyk.,Это иностранный язык.,Це іноземна мова.,Nesahej na cizí věci.,Не трогай чужие вещи.,Не чіпай чужі речі.
1018,čerstvý,прил.,,,A2,Прилагательные,свежий,свіжий,fresh,Ложный друг: НЕ «чёрствый»,fresh,https://loremflickr.com/640/480/fresh,Chleba je čerstvý.,Хлеб свежий.,Хліб свіжий.,Kup čerstvou zeleninu.,Купи свежие овощи.,Купи свіжі овочі.
1019,divný,прил.,,,A2,Прилагательные,странный,дивний,strange; odd,,,,To je divné.,Это странно.,Це дивно.,Má divný pocit.,У него странное чувство.,У нього дивне відчуття.
1020,důležitý,прил.,,,A2,Прилагательные,важный,важливий,important,,,,To je důležitá informace.,Это важная информация.,Це важлива інформація.,Zdraví je nejdůležitější.,Здоровье важнее всего.,Здоров'я найважливіше.
1021,hlavní,прил.,,,A2,Прилагательные,главный,головний,main,,,,Hlavní nádraží je v centru.,Главный вокзал в центре.,Головний вокзал у центрі.,To je hlavní problém.,Это главная проблема.,Це головна проблема.
1022,horký,прил.,,,A2,Прилагательные,горячий,гарячий,hot,,hot,https://loremflickr.com/640/480/hot,Čaj je moc horký.,Чай слишком горячий.,Чай надто гарячий.,Dej si horkou polévku.,Съешь горячий суп.,З'їж гарячий суп.
1023,hotový,прил.,,,A2,Прилагательные,готовый,готовий,ready; finished,,,,Oběd je hotový.,Обед готов.,Обід готовий.,Jsem hotový s prací.,Я закончил работу.,Я закінчив роботу.
1024,hrozný,прил.,,,A2,Прилагательные,ужасный,жахливий,terrible; awful,,,,To je hrozné počasí.,Это ужасная погода.,Це жахлива погода.,Byl to hrozný den.,Это был ужасный день.,Це був жахливий день.
1025,jasný,прил.,,,A2,Прилагательные,ясный; понятный,ясний; зрозумілий,clear; bright,,,,Je to jasné?,Это понятно?,Це зрозуміло?,Nebe je jasné.,Небо ясное.,Небо ясне.
1026,jednoduchý,прил.,,,A2,Прилагательные,простой,простий,simple,,,,Je to jednoduchá otázka.,Это простой вопрос.,Це просте питання.,Recept je jednoduchý.,Рецепт простой.,Рецепт простий.
1027,kyselý,прил.,,,A2,Прилагательные,кислый,кислий,sour,,"sour,lemon","https://loremflickr.com/640/480/sour,lemon",Citron je kyselý.,Лимон кислый.,Лимон кислий.,Mléko je kyselé.,Молоко скисло.,Молоко скисло.
1028,měkký,прил.,,,A2,Прилагательные,мягкий,м'який,soft,,soft,https://loremflickr.com/640/480/soft,Postel je měkká.,Кровать мягкая.,Ліжко м'яке.,Chleba je ještě měkký.,Хлеб ещё мягкий.,Хліб ще м'який.
1029,moderní,прил.,,,A2,Прилагательные,современный,сучасний,modern,,modern,https://loremflickr.com/640/480/modern,Máme moderní byt.,У нас современная квартира.,У нас сучасна квартира.,Je to moderní technologie.,Это современная технология.,Це сучасна технологія.
1030,mokrý,прил.,,,A2,Прилагательные,мокрый,мокрий,wet,,wet,https://loremflickr.com/640/480/wet,Mám mokré boty.,У меня мокрая обувь.,У мене мокре взуття.,Ulice je mokrá po dešti.,Улица мокрая после дождя.,Вулиця мокра після дощу.
1031,možný,прил.,,,A2,Прилагательные,возможный,можливий,possible,,,,Je to možné?,Это возможно?,Це можливо?,Není možné to stihnout.,Невозможно успеть.,Неможливо встигнути.
1032,normální,прил.,,,A2,Прилагательные,нормальный,нормальний,normal,,,,To je normální.,Это нормально.,Це нормально.,Mám normální teplotu.,У меня нормальная температура.,У мене нормальна температура.
1033,nudný,прил.,,,A2,Прилагательные,скучный,нудний,boring,,bored,https://loremflickr.com/640/480/bored,Ten film je nudný.,Этот фильм скучный.,Цей фільм нудний.,Byla to nudná přednáška.,Это была скучная лекция.,Це була нудна лекція.
1034,oblíbený,прил.,,,A2,Прилагательные,любимый; популярный,улюблений,favourite; popular,,,,To je moje oblíbená kavárna.,Это моё любимое кафе.,Це моя улюблена кав'ярня.,Je to oblíbený zpěvák.,Это популярный певец.,Це популярний співак.
1035,obsazený,прил.,,,A2,Прилагательные,занятый,зайнятий,occupied; taken,,,,Toaleta je obsazená.,Туалет занят.,Туалет зайнятий.,Všechny stoly jsou obsazené.,Все столики заняты.,Усі столики зайняті.
1036,plný,прил.,,,A2,Прилагательные,полный,повний,full,,full,https://loremflickr.com/640/480/full,Autobus je plný.,Автобус полный.,Автобус повний.,Sklenice je plná vody.,Стакан полон воды.,Склянка повна води.
1037,prázdný,прил.,,,A2,Прилагательные,пустой,порожній,empty,,empty,https://loremflickr.com/640/480/empty,Lednice je prázdná.,Холодильник пустой.,Холодильник порожній.,Byt byl prázdný.,Квартира была пустой.,Квартира була порожня.
1038,připravený,прил.,,,A2,Прилагательные,подготовленный,підготовлений,prepared; ready,,,,Jsem připravený.,Я готов.,Я готовий.,Máš připravené dokumenty?,У тебя готовы документы?,У тебе готові документи?
1039,příjemný,прил.,,,A2,Прилагательные,приятный,приємний,pleasant,,,,Byl to příjemný večer.,Это был приятный вечер.,Це був приємний вечір.,Je to příjemný člověk.,Это приятный человек.,Це приємна людина.
1040,různý,прил.,,,A2,Прилагательные,разный,різний,different; various,,,,Mám různé plány.,У меня разные планы.,У мене різні плани.,Prodávají různé zboží.,Продают разные товары.,Продають різні товари.
1041,sladký,прил.,,,A2,Прилагательные,сладкий,солодкий,sweet,,sweet,https://loremflickr.com/640/480/sweet,Dort je moc sladký.,Торт слишком сладкий.,Торт надто солодкий.,Nemám rád sladké nápoje.,Я не люблю сладкие напитки.,Я не люблю солодкі напої.
1042,slaný,прил.,,,A2,Прилагательные,солёный,солоний,salty,,salty,https://loremflickr.com/640/480/salty,Polévka je slaná.,Суп солёный.,Суп солоний.,Dej si něco slaného.,Съешь что-нибудь солёное.,З'їж щось солоне.
1043,snadný,прил.,,,A2,Прилагательные,лёгкий; простой,легкий; простий,easy,,,,Je to snadné.,Это легко.,Це легко.,Není to snadná práce.,Это нелёгкая работа.,Це нелегка робота.
1044,správný,прил.,,,A2,Прилагательные,правильный,правильний,correct; right,,,,To je správná odpověď.,Это правильный ответ.,Це правильна відповідь.,Jdeš správným směrem.,Ты идёшь в правильном направлении.,Ти йдеш у правильному напрямку.
1045,suchý,прил.,,,A2,Прилагательные,сухой,сухий,dry,,dry,https://loremflickr.com/640/480/dry,Prádlo je suché.,Бельё сухое.,Білизна суха.,Byl to suchý rok.,Это был засушливый год.,Це був посушливий рік.
1046,široký,прил.,,,A2,Прилагательные,широкий,широкий,wide,,wide,https://loremflickr.com/640/480/wide,Ta ulice je široká.,Эта улица широкая.,Ця вулиця широка.,Postel je dost široká.,Кровать достаточно широкая.,Ліжко досить широке.
1047,špinavý,прил.,,,A2,Прилагательные,грязный,брудний,dirty,,dirty,https://loremflickr.com/640/480/dirty,Boty jsou špinavé.,Обувь грязная.,Взуття брудне.,Máš špinavé ruce.,У тебя грязные руки.,У тебе брудні руки.
1048,tvrdý,прил.,,,A2,Прилагательные,твёрдый,твердий,hard,,hard,https://loremflickr.com/640/480/hard,Chleba je tvrdý.,Хлеб чёрствый.,Хліб черствий.,Postel je moc tvrdá.,Кровать слишком жёсткая.,Ліжко надто тверде.
1049,úzký,прил.,,,A2,Прилагательные,узкий,вузький,narrow,,narrow,https://loremflickr.com/640/480/narrow,Ulice je úzká.,Улица узкая.,Вулиця вузька.,Chodba je úzká.,Коридор узкий.,Коридор вузький.
1050,úžasný,прил.,,,A2,Прилагательные,потрясающий,дивовижний,amazing,,,,To je úžasné!,Это потрясающе!,Це дивовижно!,Byl to úžasný výlet.,Это была потрясающая поездка.,Це була дивовижна поїздка.
1051,známý,прил.,,,A2,Прилагательные,известный; знакомый,відомий; знайомий,known; familiar,,,,Je to známý herec.,Это известный актёр.,Це відомий актор.,Potkal jsem známého.,Я встретил знакомого.,Я зустрів знайомого.
1052,hvězda,сущ.,ж.р.,hvězdy,A2,Природа,звезда,зірка,star,,star,https://loremflickr.com/640/480/star,Na nebi svítí hvězdy.,На небе светят звёзды.,На небі світять зорі.,Je to filmová hvězda.,Это кинозвезда.,Це кінозірка.
1053,jezero,сущ.,ср.р.,jezera,A2,Природа,озеро,озеро,lake,,lake,https://loremflickr.com/640/480/lake,Koupali jsme se v jezeře.,Мы купались в озере.,Ми купалися в озері.,Jezero je hluboké.,Озеро глубокое.,Озеро глибоке.
1054,kámen,сущ.,м.р.,kamene,A2,Природа,камень,камінь,stone,,stone,https://loremflickr.com/640/480/stone,Na cestě leží kámen.,На дороге лежит камень.,На дорозі лежить камінь.,Dům je z kamene.,Дом из камня.,Будинок з каменю.
1055,list,сущ.,м.р.,listu,A2,Природа,лист,листок,leaf; sheet,,leaf,https://loremflickr.com/640/480/leaf,Na stromě je zelený list.,На дереве зелёный лист.,На дереві зелений листок.,Na podzim padá listí.,Осенью падают листья.,Восени опадає листя.
1056,oheň,сущ.,м.р.,ohně,A2,Природа,огонь,вогонь,fire,,fire,https://loremflickr.com/640/480/fire,Rozdělali jsme oheň.,Мы развели огонь.,Ми розпалили вогонь.,Pozor na oheň!,Осторожно с огнём!,Обережно з вогнем!
1057,písek,сущ.,м.р.,písku,A2,Природа,песок,пісок,sand,,sand,https://loremflickr.com/640/480/sand,Děti si hrají v písku.,Дети играют в песке.,Діти граються в піску.,Pláž má bílý písek.,На пляже белый песок.,На пляжі білий пісок.
1058,pole,сущ.,ср.р.,pole,A2,Природа,поле,поле,field,,field,https://loremflickr.com/640/480/field,Za vesnicí jsou pole.,За деревней поля.,За селом поля.,Na poli roste pšenice.,В поле растёт пшеница.,У полі росте пшениця.
1059,příroda,сущ.,ж.р.,přírody,A2,Природа,природа,природа,nature,,nature,https://loremflickr.com/640/480/nature,Miluji přírodu.,Я люблю природу.,Я люблю природу.,Jedeme do přírody.,Мы едем на природу.,Ми їдемо на природу.
1060,tráva,сущ.,ж.р.,trávy,A2,Природа,трава,трава,grass,,grass,https://loremflickr.com/640/480/grass,Tráva je zelená.,Трава зелёная.,Трава зелена.,Nesedej si na trávu.,Не садись на траву.,Не сідай на траву.
1061,vzduch,сущ.,м.р.,vzduchu,A2,Природа,воздух,повітря,air,,"air,sky","https://loremflickr.com/640/480/air,sky",V lese je čerstvý vzduch.,В лесу свежий воздух.,У лісі свіже повітря.,Potřebuji čerstvý vzduch.,Мне нужен свежий воздух.,Мені потрібне свіже повітря.
1062,herec,сущ.,м.р.,herce,A2,Профессии,актёр,актор,actor,,actor,https://loremflickr.com/640/480/actor,Ten herec je slavný.,Этот актёр знаменит.,Цей актор відомий.,Znám toho herce z filmu.,Я знаю этого актёра по фильму.,Я знаю цього актора з фільму.
1063,inženýr,сущ.,м.р.,inženýra,A2,Профессии,инженер,інженер,engineer,,engineer,https://loremflickr.com/640/480/engineer,Pracuje jako inženýr.,Он работает инженером.,Він працює інженером.,Hledáme inženýra.,Мы ищем инженера.,Ми шукаємо інженера.
1064,kadeřník,сущ.,м.р.,kadeřníka,A2,Профессии,парикмахер,перукар,hairdresser,,hairdresser,https://loremflickr.com/640/480/hairdresser,Jdu ke kadeřníkovi.,Я иду к парикмахеру.,Я йду до перукаря.,Kadeřník má dnes zavřeno.,У парикмахера сегодня закрыто.,У перукаря сьогодні зачинено.
1065,manažer,сущ.,м.р.,manažera,A2,Профессии,менеджер,менеджер,manager,,manager,https://loremflickr.com/640/480/manager,Můj manažer je Čech.,Мой менеджер чех.,Мій менеджер чех.,Mluvil jsem s manažerem.,Я говорил с менеджером.,Я говорив із менеджером.
1066,policista,сущ.,м.р.,policisty,A2,Профессии,полицейский,поліцейський,police officer,,policeofficer,https://loremflickr.com/640/480/policeofficer,Policista mi pomohl.,Полицейский мне помог.,Поліцейський мені допоміг.,Zeptej se policisty.,Спроси у полицейского.,Запитай у поліцейського.
1067,povolání,сущ.,ср.р.,povolání,A2,Профессии,профессия,професія,profession; occupation,,profession,https://loremflickr.com/640/480/profession,Jaké je vaše povolání?,Какая у вас профессия?,Яка у вас професія?,Změnil jsem povolání.,Я сменил профессию.,Я змінив професію.
1068,programátor,сущ.,м.р.,programátora,A2,Профессии,программист,програміст,programmer,,programmer,https://loremflickr.com/640/480/programmer,Pracuji jako programátor.,Я работаю программистом.,Я працюю програмістом.,Hledáme programátora.,Мы ищем программиста.,Ми шукаємо програміста.
1069,ředitel,сущ.,м.р.,ředitele,A2,Профессии,директор,директор,director; principal,,director,https://loremflickr.com/640/480/director,Ředitel školy je milý.,Директор школы приветливый.,Директор школи привітний.,Mluvil jsem s ředitelem.,Я говорил с директором.,Я говорив із директором.
1070,uklízečka,сущ.,ж.р.,uklízečky,A2,Профессии,уборщица,прибиральниця,cleaning lady,,cleaninglady,https://loremflickr.com/640/480/cleaninglady,Uklízečka uklízí kancelář.,Уборщица убирает офис.,Прибиральниця прибирає офіс.,Hledáme uklízečku.,Мы ищем уборщицу.,Ми шукаємо прибиральницю.
1071,zpěvák,сущ.,м.р.,zpěváka,A2,Профессии,певец,співак,singer,,singer,https://loremflickr.com/640/480/singer,Je to známý zpěvák.,Это известный певец.,Це відомий співак.,Poslouchám toho zpěváka.,Я слушаю этого певца.,Я слухаю цього співака.
1072,zubař,сущ.,м.р.,zubaře,A2,Профессии,стоматолог,стоматолог,dentist,,dentist,https://loremflickr.com/640/480/dentist,Musím k zubaři.,Мне нужно к стоматологу.,Мені треба до стоматолога.,Zubař mi opravil zub.,Стоматолог вылечил мне зуб.,Стоматолог полікував мені зуб.
1073,hranice,сущ.,ж.р.,hranice,A2,Путешествия,граница,кордон,border,,border,https://loremflickr.com/640/480/border,Přejeli jsme hranice.,Мы пересекли границу.,Ми перетнули кордон.,Na hranicích byla kontrola.,На границе был контроль.,На кордоні був контроль.
1074,památka,сущ.,ж.р.,památky,A2,Путешествия,достопримечательность,пам'ятка,monument; sight,,monument,https://loremflickr.com/640/480/monument,Praha má hodně památek.,В Праге много достопримечательностей.,У Празі багато пам'яток.,Ta památka je z 14. století.,Эта достопримечательность 14 века.,Ця пам'ятка XIV століття.
1075,pláž,сущ.,ж.р.,pláže,A2,Путешествия,пляж,пляж,beach,,beach,https://loremflickr.com/640/480/beach,Na pláži je hodně lidí.,На пляже много людей.,На пляжі багато людей.,Pláž je čistá.,Пляж чистый.,Пляж чистий.
1076,rezervace,сущ.,ж.р.,rezervace,A2,Путешествия,бронь,бронювання,reservation; booking,,reservation,https://loremflickr.com/640/480/reservation,Mám rezervaci na osmou.,У меня бронь на восемь.,У мене бронь на восьму.,Rezervace je na jméno Novák.,Бронь на имя Новак.,Бронь на ім'я Новак.
1077,rezervovat,гл.,несов.,,A2,Путешествия,бронировать,бронювати,to book; to reserve,,booking,https://loremflickr.com/640/480/booking,Rezervoval jsem stůl.,Я забронировал столик.,Я забронював столик.,Rezervuji hotel online.,Я бронирую отель онлайн.,Я бронюю готель онлайн.
1078,turista,сущ.,м.р.,turisty,A2,Путешествия,турист,турист,tourist,,tourist,https://loremflickr.com/640/480/tourist,V Praze je hodně turistů.,В Праге много туристов.,У Празі багато туристів.,Turista se ptal na cestu.,Турист спрашивал дорогу.,Турист питав дорогу.
1079,vízum,сущ.,ср.р.,víza,A2,Путешествия,виза,віза,visa,,visa,https://loremflickr.com/640/480/visa,Potřebuji vízum.,Мне нужна виза.,Мені потрібна віза.,Vízum platí rok.,Виза действует год.,Віза дійсна рік.
1080,projekt,сущ.,м.р.,projektu,A2,Работа,проект,проєкт,project,,project,https://loremflickr.com/640/480/project,Pracuji na novém projektu.,Я работаю над новым проектом.,Я працюю над новим проєктом.,Projekt musíme dokončit.,Проект нужно закончить.,Проєкт треба завершити.
1081,schůzka,сущ.,ж.р.,schůzky,A2,Работа,встреча,зустріч,meeting; appointment,,meeting,https://loremflickr.com/640/480/meeting,Mám schůzku ve tři.,У меня встреча в три.,У мене зустріч о третій.,Schůzka se ruší.,Встреча отменяется.,Зустріч скасовується.
1082,termín,сущ.,м.р.,termínu,A2,Работа,срок; назначенная встреча,термін; призначена зустріч,deadline; appointment,Часто = запись на приём,"deadline,calendar","https://loremflickr.com/640/480/deadline,calendar",Mám termín u lékaře.,У меня запись к врачу.,У мене запис до лікаря.,Termín je do pátku.,Срок до пятницы.,Термін до п'ятниці.
1083,zaměstnání,сущ.,ср.р.,zaměstnání,A2,Работа,работа; трудоустройство,робота; працевлаштування,employment; job,,job,https://loremflickr.com/640/480/job,Hledám nové zaměstnání.,Я ищу новую работу.,Я шукаю нову роботу.,Mám stálé zaměstnání.,У меня постоянная работа.,У мене постійна робота.
1084,chlebíček,сущ.,м.р.,chlebíčku,A2,Ресторан,бутерброд (чешская закуска),канапка,open sandwich,,sandwich,https://loremflickr.com/640/480/sandwich,Na oslavě byly chlebíčky.,На празднике были бутерброды.,На святі були канапки.,"Chlebíček se šunkou, prosím.","Бутерброд с ветчиной, пожалуйста.","Канапку з шинкою, будь ласка."
1085,dezert,сущ.,м.р.,dezertu,A2,Ресторан,десерт,десерт,dessert,,dessert,https://loremflickr.com/640/480/dessert,Dám si dezert.,Я возьму десерт.,Я візьму десерт.,Jaký máte dezert?,Какой у вас десерт?,Який у вас десерт?
1086,hlavní jídlo,сущ.,ср.р.,hlavního jídla,A2,Ресторан,основное блюдо,основна страва,main course,,maincourse,https://loremflickr.com/640/480/maincourse,Jako hlavní jídlo si dám rybu.,На основное блюдо я возьму рыбу.,На основну страву візьму рибу.,Hlavní jídlo přinesou hned.,Основное блюдо принесут сейчас.,Основну страву принесуть зараз.
1087,klobása,сущ.,ж.р.,klobásy,A2,Ресторан,колбаска (жареная),ковбаска,sausage (grilled),,grilledsausage,https://loremflickr.com/640/480/grilledsausage,Dám si klobásu s hořčicí.,Я возьму колбаску с горчицей.,Я візьму ковбаску з гірчицею.,Klobása je pálivá.,Колбаска острая.,Ковбаска гостра.
1088,objednávka,сущ.,ж.р.,objednávky,A2,Ресторан,заказ,замовлення,order,,order,https://loremflickr.com/640/480/order,Vaše objednávka je hotová.,Ваш заказ готов.,Ваше замовлення готове.,Zrušil jsem objednávku.,Я отменил заказ.,Я скасував замовлення.
1089,palačinka,сущ.,ж.р.,palačinky,A2,Ресторан,блинчик,млинець,pancake,,pancake,https://loremflickr.com/640/480/pancake,Děti chtějí palačinky.,Дети хотят блинчики.,Діти хочуть млинці.,Palačinka s marmeládou.,Блинчик с джемом.,Млинець із джемом.
1090,pálivý,прил.,,,A2,Ресторан,острый (о еде),гострий (про їжу),spicy; hot,,spicy,https://loremflickr.com/640/480/spicy,Ta omáčka je pálivá.,Этот соус острый.,Цей соус гострий.,Nemám rád pálivé jídlo.,Я не люблю острую еду.,Я не люблю гостру їжу.
1091,pečený,прил.,,,A2,Ресторан,запечённый,запечений,baked; roasted,,roasted,https://loremflickr.com/640/480/roasted,Dám si pečené kuře.,Я возьму запечённую курицу.,Я візьму запечену курку.,Pečené brambory jsou dobré.,Запечённая картошка вкусная.,Запечена картопля смачна.
1092,porce,сущ.,ж.р.,porce,A2,Ресторан,порция,порція,portion; serving,,portion,https://loremflickr.com/640/480/portion,Porce je velká.,Порция большая.,Порція велика.,Dám si menší porci.,Я возьму порцию поменьше.,Я візьму меншу порцію.
1093,příloha,сущ.,ж.р.,přílohy,A2,Ресторан,гарнир; приложение,гарнір; додаток,side dish; attachment,,sidedish,https://loremflickr.com/640/480/sidedish,Jakou chcete přílohu?,Какой гарнир вы хотите?,Який гарнір ви хочете?,Jako přílohu si dám rýži.,На гарнир я возьму рис.,На гарнір візьму рис.
1094,smažený,прил.,,,A2,Ресторан,жареный (во фритюре),смажений,fried,,fried,https://loremflickr.com/640/480/fried,Dám si smažený sýr.,Я возьму жареный сыр.,Я візьму смажений сир.,Smažené jídlo není zdravé.,Жареная еда не полезна.,Смажена їжа не корисна.
1095,svíčková,сущ.,ж.р.,svíčkové,A2,Ресторан,свичкова (говядина в соусе),свічкова,beef sirloin in cream sauce,Национальное чешское блюдо,svickova,https://loremflickr.com/640/480/svickova,Svíčková je česká klasika.,Свичкова — чешская классика.,Свічкова — чеська класика.,Dám si svíčkovou s knedlíkem.,Я возьму свичкову с кнедликами.,Я візьму свічкову з кнедликами.
1096,ubrousek,сущ.,м.р.,ubrousku,A2,Ресторан,салфетка,серветка,napkin,,napkin,https://loremflickr.com/640/480/napkin,"Podejte mi ubrousek, prosím.","Подайте мне салфетку, пожалуйста.","Подайте мені серветку, будь ласка.",Ubrousky jsou na stole.,Салфетки на столе.,Серветки на столі.
1097,vařený,прил.,,,A2,Ресторан,варёный,варений,boiled,,boiled,https://loremflickr.com/640/480/boiled,Dám si vařené brambory.,Я возьму варёную картошку.,Я візьму варену картоплю.,Vařené vejce k snídani.,Варёное яйцо на завтрак.,Варене яйце на сніданок.
1098,vegetariánský,прил.,,,A2,Ресторан,вегетарианский,вегетаріанський,vegetarian,,vegetarian,https://loremflickr.com/640/480/vegetarian,"Jsem vegetarián, mám vegetariánské jídlo?","Я вегетарианец, есть вегетарианское блюдо?","Я вегетаріанець, чи є вегетаріанська страва?",Máte vegetariánské menu?,У вас есть вегетарианское меню?,У вас є вегетаріанське меню?
1099,bratranec,сущ.,м.р.,bratrance,A2,Семья и люди,двоюродный брат,двоюрідний брат,cousin (male),,cousin,https://loremflickr.com/640/480/cousin,Můj bratranec žije v Brně.,Мой двоюродный брат живёт в Брно.,Мій двоюрідний брат живе в Брні.,Jedu k bratranci.,Я еду к двоюродному брату.,Я їду до двоюрідного брата.
1100,dospělý,прил.,,,A2,Семья и люди,взрослый,дорослий,adult,,adult,https://loremflickr.com/640/480/adult,Jsem dospělý člověk.,Я взрослый человек.,Я доросла людина.,Vstupné pro dospělé je sto korun.,Вход для взрослых сто крон.,Вхід для дорослих сто крон.
1101,důchodce,сущ.,м.р.,důchodce,A2,Семья и люди,пенсионер,пенсіонер,pensioner; retiree,,pensioner,https://loremflickr.com/640/480/pensioner,Můj otec je důchodce.,Мой отец пенсионер.,Мій батько пенсіонер.,Důchodci mají slevu.,У пенсионеров скидка.,Пенсіонери мають знижку.
1102,miminko,сущ.,ср.р.,miminka,A2,Семья и люди,младенец,немовля,baby,,baby,https://loremflickr.com/640/480/baby,Máme doma miminko.,У нас дома малыш.,У нас удома немовля.,Miminko spí.,Малыш спит.,Немовля спить.
1103,partner,сущ.,м.р.,partnera,A2,Семья и люди,партнёр,партнер,partner,,partner,https://loremflickr.com/640/480/partner,Bydlím s partnerem.,Я живу с партнёром.,Я живу з партнером.,Přišel s partnerkou.,Он пришёл с партнёршей.,Він прийшов із партнеркою.
1104,sestřenice,сущ.,ж.р.,sestřenice,A2,Семья и люди,двоюродная сестра,двоюрідна сестра,cousin (female),,cousin,https://loremflickr.com/640/480/cousin,Moje sestřenice studuje.,Моя двоюродная сестра учится.,Моя двоюрідна сестра навчається.,Volala mi sestřenice.,Мне звонила двоюродная сестра.,Мені телефонувала двоюрідна сестра.
1105,svatba,сущ.,ж.р.,svatby,A2,Семья и люди,свадьба,весілля,wedding,,wedding,https://loremflickr.com/640/480/wedding,Máme svatbu v červnu.,У нас свадьба в июне.,У нас весілля в червні.,Byl jsem na svatbě.,Я был на свадьбе.,Я був на весіллі.
1106,svobodný,прил.,,,A2,Семья и люди,холостой; свободный,неодружений; вільний,single; free,,,,Jsem svobodný.,Я холост.,Я неодружений.,Je svobodná a bez dětí.,Она не замужем и без детей.,Вона незаміжня і без дітей.
1107,vdaná,прил.,,,A2,Семья и люди,замужем,заміжня,married (woman),,bride,https://loremflickr.com/640/480/bride,Je vdaná už pět let.,Она замужем уже пять лет.,Вона заміжня вже п'ять років.,Moje sestra je vdaná.,Моя сестра замужем.,Моя сестра заміжня.
1108,vnučka,сущ.,ж.р.,vnučky,A2,Семья и люди,внучка,внучка,granddaughter,,granddaughter,https://loremflickr.com/640/480/granddaughter,Babička má tři vnučky.,У бабушки три внучки.,У бабусі три внучки.,Vnučka chodí do školy.,Внучка ходит в школу.,Внучка ходить до школи.
1109,vnuk,сущ.,м.р.,vnuka,A2,Семья и люди,внук,внук,grandson,,grandson,https://loremflickr.com/640/480/grandson,Dědeček má vnuka.,У дедушки есть внук.,У дідуся є внук.,Vnuk mu pomáhá.,Внук ему помогает.,Внук йому допомагає.
1110,ženatý,прил.,,,A2,Семья и люди,женатый,одружений,married (man),,groom,https://loremflickr.com/640/480/groom,Můj bratr je ženatý.,Мой брат женат.,Мій брат одружений.,Je ženatý a má děti.,"Он женат, и у него дети.","Він одружений, і в нього діти."
1111,aby,союз,,,A2,Союзы,чтобы,щоб,so that; in order to,,,,"Učím se, abych našel práci.","Я учусь, чтобы найти работу.","Я вчуся, щоб знайти роботу.","Řekni mu, aby přišel.","Скажи ему, чтобы пришёл.","Скажи йому, щоб прийшов."
1112,ani,союз,,,A2,Союзы,ни,ані,neither; nor,,,,Nemám ani korunu.,У меня нет ни кроны.,У мене немає ні крони.,"Ani nevím, co říct.","Я даже не знаю, что сказать.","Я навіть не знаю, що сказати."
1113,i,союз,,,A2,Союзы,и; даже,і; навіть,and; even,,,,I my tam půjdeme.,И мы туда пойдём.,І ми туди підемо.,Přišel i on.,Пришёл даже он.,Прийшов навіть він.
1114,jestli,союз,,,A2,Союзы,ли; если,чи; якщо,whether; if,,,,"Nevím, jestli přijde.","Я не знаю, придёт ли он.","Я не знаю, чи прийде він.","Zeptej se, jestli je otevřeno.","Спроси, открыто ли.","Запитай, чи відчинено."
1115,než,союз,,,A2,Союзы,прежде чем; чем,перш ніж; ніж,than; before,,,,"Přijď dřív, než začne film.",Приходи до начала фильма.,"Приходь, перш ніж почнеться фільм.",Je to lepší než dřív.,"Это лучше, чем раньше.","Це краще, ніж раніше."
1116,proto,союз,,,A2,Союзы,поэтому,тому,therefore,,,,"Prší, proto zůstanu doma.","Идёт дождь, поэтому я останусь дома.","Іде дощ, тому я залишуся вдома.","Nemám čas, proto nepřijdu.","У меня нет времени, поэтому не приду.","Я не маю часу, тому не прийду."
1117,takže,союз,,,A2,Союзы,так что,тож,so; therefore,,,,"Je pozdě, takže jdu domů.","Поздно, так что я иду домой.","Пізно, тож я йду додому.","Nefunguje to, takže to opravím.","Это не работает, так что я починю.","Це не працює, тож я полагоджу."
1118,basketbal,сущ.,м.р.,basketbalu,A2,Спорт и досуг,баскетбол,баскетбол,basketball,,basketball,https://loremflickr.com/640/480/basketball,Hraju basketbal.,Я играю в баскетбол.,Я граю в баскетбол.,Basketbal je rychlý sport.,Баскетбол — быстрый спорт.,Баскетбол — швидкий спорт.
1119,bavit se,гл.,несов.,,A2,Спорт и досуг,развлекаться; беседовать,розважатися; спілкуватися,to have fun; to chat,,fun,https://loremflickr.com/640/480/fun,Bavím se s kolegy.,Я беседую с коллегами.,Я спілкуюся з колегами.,Bavil jsem se skvěle.,Я отлично провёл время.,Я чудово провів час.
1120,bruslit,гл.,несов.,,A2,Спорт и досуг,кататься на коньках,кататися на ковзанах,to skate,,iceskating,https://loremflickr.com/640/480/iceskating,V zimě chodíme bruslit.,Зимой мы ходим кататься на коньках.,Взимку ми ходимо кататися на ковзанах.,Umíš bruslit?,Ты умеешь кататься на коньках?,Ти вмієш кататися на ковзанах?
1121,festival,сущ.,м.р.,festivalu,A2,Спорт и досуг,фестиваль,фестиваль,festival,,festival,https://loremflickr.com/640/480/festival,Jdeme na hudební festival.,Мы идём на музыкальный фестиваль.,Ми йдемо на музичний фестиваль.,Festival trvá tři dny.,Фестиваль длится три дня.,Фестиваль триває три дні.
1122,fotit,гл.,несов.,,A2,Спорт и досуг,фотографировать,фотографувати,to take photos,,photographing,https://loremflickr.com/640/480/photographing,Rád fotím.,Я люблю фотографировать.,Я люблю фотографувати.,Vyfotil jsem to mobilem.,Я сфотографировал это на телефон.,Я сфотографував це телефоном.
1123,koníček,сущ.,м.р.,koníčku,A2,Спорт и досуг,хобби,хобі,hobby,,hobby,https://loremflickr.com/640/480/hobby,Můj koníček je vaření.,Моё хобби — готовка.,Моє хобі — куховарство.,Máš nějaké koníčky?,У тебя есть хобби?,У тебе є хобі?
1124,kreslit,гл.,несов.,,A2,Спорт и досуг,рисовать,малювати,to draw,,drawing,https://loremflickr.com/640/480/drawing,Dcera ráda kreslí.,Дочь любит рисовать.,Дочка любить малювати.,Nakreslil jsem mapu.,Я нарисовал карту.,Я намалював мапу.
1125,lyže,сущ.,мн.ч.,lyží,A2,Спорт и досуг,лыжи,лижі,skis,,skis,https://loremflickr.com/640/480/skis,Koupil jsem si nové lyže.,Я купил новые лыжи.,Я купив нові лижі.,Lyže mám ve sklepě.,Лыжи у меня в подвале.,Лижі в мене в підвалі.
1126,lyžovat,гл.,несов.,,A2,Спорт и досуг,кататься на лыжах,кататися на лижах,to ski,,skiing,https://loremflickr.com/640/480/skiing,V zimě jezdím lyžovat.,Зимой я езжу кататься на лыжах.,Взимку я їжджу кататися на лижах.,Umíš lyžovat?,Ты умеешь кататься на лыжах?,Ти вмієш кататися на лижах?
1127,míč,сущ.,м.р.,míče,A2,Спорт и досуг,мяч,м'яч,ball,,ball,https://loremflickr.com/640/480/ball,Hoď mi míč.,Брось мне мяч.,Кинь мені м'яч.,Míč je pod stolem.,Мяч под столом.,М'яч під столом.
1128,sbírat,гл.,несов.,,A2,Спорт и досуг,собирать; коллекционировать,збирати,to collect; to pick,,collecting,https://loremflickr.com/640/480/collecting,Sbírám staré mince.,Я коллекционирую старые монеты.,Я колекціоную старі монети.,Sbíráme houby v lese.,Мы собираем грибы в лесу.,Ми збираємо гриби в лісі.
1129,trénink,сущ.,м.р.,tréninku,A2,Спорт и досуг,тренировка,тренування,training,,training,https://loremflickr.com/640/480/training,Mám trénink v šest.,У меня тренировка в шесть.,У мене тренування о шостій.,Trénink byl náročný.,Тренировка была тяжёлой.,Тренування було важким.
1130,tým,сущ.,м.р.,týmu,A2,Спорт и досуг,команда,команда,team,,team,https://loremflickr.com/640/480/team,Hraju v týmu.,Я играю в команде.,Я граю в команді.,Náš tým vyhrál.,Наша команда выиграла.,Наша команда виграла.
1131,vstupenka,сущ.,ж.р.,vstupenky,A2,Спорт и досуг,входной билет,вхідний квиток,entrance ticket,,"ticket,entrance","https://loremflickr.com/640/480/ticket,entrance",Koupil jsem vstupenky do divadla.,Я купил билеты в театр.,Я купив квитки в театр.,Vstupenka stojí tři sta.,Билет стоит триста.,Квиток коштує триста.
1132,zábava,сущ.,ж.р.,zábavy,A2,Спорт и досуг,развлечение,розвага,entertainment; fun,,entertainment,https://loremflickr.com/640/480/entertainment,Máme spoustu zábavy.,У нас много развлечений.,У нас багато розваг.,Byla to dobrá zábava.,Это было весело.,Це було весело.
1133,zápas,сущ.,м.р.,zápasu,A2,Спорт и досуг,матч; борьба,матч; боротьба,match; contest,,"match,sport","https://loremflickr.com/640/480/match,sport",Díváme se na zápas.,Мы смотрим матч.,Ми дивимося матч.,Zápas začíná v osm.,Матч начинается в восемь.,Матч починається о восьмій.
1134,cizí jazyk,сущ.,м.р.,cizího jazyka,A2,Страны и языки,иностранный язык,іноземна мова,foreign language,,"language,learning","https://loremflickr.com/640/480/language,learning",Učím se cizí jazyk.,Я учу иностранный язык.,Я вчу іноземну мову.,Znalost cizího jazyka je výhoda.,Знание иностранного языка — преимущество.,Знання іноземної мови — перевага.
1135,němčina,сущ.,ж.р.,němčiny,A2,Страны и языки,немецкий язык,німецька мова,German (language),,german,https://loremflickr.com/640/480/german,Učím se němčinu.,Я учу немецкий.,Я вчу німецьку.,Němčina je těžká.,Немецкий трудный.,Німецька важка.
1136,břicho,сущ.,ср.р.,břicha,A2,Тело,живот,живіт,belly; stomach,,belly,https://loremflickr.com/640/480/belly,Bolí mě břicho.,У меня болит живот.,У мене болить живіт.,Po jídle mě bolí břicho.,После еды у меня болит живот.,Після їжі в мене болить живіт.
1137,koleno,сущ.,ср.р.,kolena,A2,Тело,колено,коліно,knee,,knee,https://loremflickr.com/640/480/knee,Bolí mě koleno.,У меня болит колено.,У мене болить коліно.,Spadl a rozbil si koleno.,Он упал и разбил колено.,Він упав і розбив коліно.
1138,prst,сущ.,м.р.,prstu,A2,Тело,палец,палець,finger; toe,,finger,https://loremflickr.com/640/480/finger,Řízl jsem se do prstu.,Я порезал палец.,Я порізав палець.,Mám na prstu prsten.,У меня на пальце кольцо.,У мене на пальці каблучка.
1139,rameno,сущ.,ср.р.,ramene,A2,Тело,плечо,плече,shoulder,,shoulder,https://loremflickr.com/640/480/shoulder,Bolí mě rameno.,У меня болит плечо.,У мене болить плече.,Nesu tašku na rameni.,Я несу сумку на плече.,Я несу сумку на плечі.
1140,záda,сущ.,мн.ч.,zad,A2,Тело,спина,спина,back,,back,https://loremflickr.com/640/480/back,Bolí mě záda.,У меня болит спина.,У мене болить спина.,Mám problémy se zády.,У меня проблемы со спиной.,У мене проблеми зі спиною.
1141,aplikace,сущ.,ж.р.,aplikace,A2,Технологии и медиа,приложение,застосунок,app; application,,smartphoneapp,https://loremflickr.com/640/480/smartphoneapp,Stáhni si tu aplikaci.,Скачай это приложение.,Завантаж цей застосунок.,Aplikace je zdarma.,Приложение бесплатное.,Застосунок безкоштовний.
1142,baterie,сущ.,ж.р.,baterie,A2,Технологии и медиа,батарея; аккумулятор,батарея,battery,,battery,https://loremflickr.com/640/480/battery,Došla mi baterie.,У меня села батарея.,У мене сіла батарея.,Baterie vydrží den.,Батареи хватает на день.,Батареї вистачає на день.
1143,článek,сущ.,м.р.,článku,A2,Технологии и медиа,статья,стаття,article,,article,https://loremflickr.com/640/480/article,Četl jsem zajímavý článek.,Я читал интересную статью.,Я читав цікаву статтю.,Napsal článek do novin.,Он написал статью в газету.,Він написав статтю в газету.
1144,heslo,сущ.,ср.р.,hesla,A2,Технологии и медиа,пароль,пароль,password,,password,https://loremflickr.com/640/480/password,Zapomněl jsem heslo.,Я забыл пароль.,Я забув пароль.,Heslo musí být silné.,Пароль должен быть сложным.,Пароль має бути складним.
1145,klávesnice,сущ.,ж.р.,klávesnice,A2,Технологии и медиа,клавиатура,клавіатура,keyboard,,keyboard,https://loremflickr.com/640/480/keyboard,Klávesnice nefunguje.,Клавиатура не работает.,Клавіатура не працює.,Píšu na české klávesnici.,Я печатаю на чешской клавиатуре.,Я друкую на чеській клавіатурі.
1146,kliknout,гл.,сов.,,A2,Технологии и медиа,кликнуть,клікнути,to click,,clicking,https://loremflickr.com/640/480/clicking,Klikni na tlačítko.,Нажми на кнопку.,Клікни на кнопку.,Kliknul jsem na odkaz.,Я кликнул на ссылку.,Я клікнув на посилання.
1147,nabíječka,сущ.,ж.р.,nabíječky,A2,Технологии и медиа,зарядка,зарядний пристрій,charger,,charger,https://loremflickr.com/640/480/charger,Půjč mi nabíječku.,Одолжи мне зарядку.,Позич мені зарядний пристрій.,Nabíječka je v tašce.,Зарядка в сумке.,Зарядка в сумці.
1148,obrazovka,сущ.,ж.р.,obrazovky,A2,Технологии и медиа,экран,екран,screen,,screen,https://loremflickr.com/640/480/screen,Obrazovka je rozbitá.,Экран разбит.,Екран розбитий.,Dívám se do obrazovky celý den.,Я смотрю в экран весь день.,Я дивлюся в екран весь день.
1149,reklama,сущ.,ж.р.,reklamy,A2,Технологии и медиа,реклама,реклама,advertisement,,advertisement,https://loremflickr.com/640/480/advertisement,V televizi je hodně reklam.,По телевизору много рекламы.,По телевізору багато реклами.,Reklama mě otravuje.,Реклама меня раздражает.,Реклама мене дратує.
1150,smazat,гл.,сов.,,A2,Технологии и медиа,удалить,видалити,to delete,,,,Smazal jsem ten soubor.,Я удалил этот файл.,Я видалив цей файл.,Smaž tu zprávu.,Удали это сообщение.,Видали це повідомлення.
1151,stáhnout,гл.,сов.,,A2,Технологии и медиа,скачать,завантажити,to download,,download,https://loremflickr.com/640/480/download,Stáhl jsem si aplikaci.,Я скачал приложение.,Я завантажив застосунок.,Stáhni si to do telefonu.,Скачай это на телефон.,Завантаж це на телефон.
1152,tiskárna,сущ.,ж.р.,tiskárny,A2,Технологии и медиа,принтер,принтер,printer,,printer,https://loremflickr.com/640/480/printer,Tiskárna nefunguje.,Принтер не работает.,Принтер не працює.,Kde je tady tiskárna?,Где здесь принтер?,Де тут принтер?
1153,tisknout,гл.,несов.,,A2,Технологии и медиа,печатать,друкувати,to print,,printing,https://loremflickr.com/640/480/printing,Musím vytisknout dokument.,Мне нужно распечатать документ.,Мені треба роздрукувати документ.,Tiskneme na papír A4.,Мы печатаем на бумаге А4.,Ми друкуємо на папері А4.
1154,uložit,гл.,сов.,,A2,Технологии и медиа,сохранить,зберегти,to save,,,,Ulož ten soubor.,Сохрани этот файл.,Збережи цей файл.,Zapomněl jsem to uložit.,Я забыл это сохранить.,Я забув це зберегти.
1155,benzín,сущ.,м.р.,benzínu,A2,Транспорт,бензин,бензин,petrol; gas,,petrol,https://loremflickr.com/640/480/petrol,Musím natankovat benzín.,Мне нужно заправиться бензином.,Мені треба заправитися бензином.,Benzín zdražil.,Бензин подорожал.,Бензин подорожчав.
1156,doprava,сущ.,ж.р.,dopravy,A2,Транспорт,транспорт; движение,транспорт; рух,transport; traffic,,traffic,https://loremflickr.com/640/480/traffic,V Praze je dobrá doprava.,В Праге хороший транспорт.,У Празі гарний транспорт.,Ráno je hustá doprava.,Утром плотное движение.,Уранці щільний рух.
1157,jízdní řád,сущ.,м.р.,jízdního řádu,A2,Транспорт,расписание,розклад руху,timetable,,timetable,https://loremflickr.com/640/480/timetable,Podívej se do jízdního řádu.,Посмотри в расписание.,Подивись у розклад.,Jízdní řád se změnil.,Расписание изменилось.,Розклад змінився.
1158,koloběžka,сущ.,ж.р.,koloběžky,A2,Транспорт,самокат,самокат,scooter,,scooter,https://loremflickr.com/640/480/scooter,Jezdím na koloběžce.,Я езжу на самокате.,Я їжджу на самокаті.,Koloběžka je rychlejší než chůze.,Самокат быстрее ходьбы.,Самокат швидший за ходьбу.
1159,loď,сущ.,ж.р.,lodi,A2,Транспорт,корабль; лодка,корабель; човен,ship; boat,,ship,https://loremflickr.com/640/480/ship,Jeli jsme lodí po Vltavě.,Мы плыли на лодке по Влтаве.,Ми пливли човном по Влтаві.,Loď odplouvá v poledne.,Корабль отплывает в полдень.,Корабель відпливає опівдні.
1160,motorka,сущ.,ж.р.,motorky,A2,Транспорт,мотоцикл,мотоцикл,motorbike,,motorbike,https://loremflickr.com/640/480/motorbike,Jezdí na motorce.,Он ездит на мотоцикле.,Він їздить на мотоциклі.,Motorka je v garáži.,Мотоцикл в гараже.,Мотоцикл у гаражі.
1161,odjezd,сущ.,м.р.,odjezdu,A2,Транспорт,отправление; отъезд,відправлення,departure,,departure,https://loremflickr.com/640/480/departure,Kdy je odjezd vlaku?,Когда отправление поезда?,Коли відправлення потяга?,Odjezd je v osm třicet.,Отправление в восемь тридцать.,Відправлення о восьмій тридцять.
1162,parkovat,гл.,несов.,,A2,Транспорт,парковаться,паркуватися,to park,,parking,https://loremflickr.com/640/480/parking,Kde můžu parkovat?,Где можно парковаться?,Де можна паркуватися?,Tady se nesmí parkovat.,Здесь нельзя парковаться.,Тут не можна паркуватися.
1163,parkoviště,сущ.,ср.р.,parkoviště,A2,Транспорт,парковка,парковка,car park; parking lot,,parkinglot,https://loremflickr.com/640/480/parkinglot,Parkoviště je plné.,Парковка заполнена.,Парковка заповнена.,Auto nechám na parkovišti.,Машину оставлю на парковке.,Машину залишу на парковці.
1164,přestoupit,гл.,сов.,,A2,Транспорт,пересесть,пересісти,to change (transport),,,,Musíš přestoupit na Můstku.,Тебе нужно пересесть на Мустеке.,Тобі треба пересісти на Мустеку.,Přestoupil jsem na metro.,Я пересел на метро.,Я пересів на метро.
1165,příjezd,сущ.,м.р.,příjezdu,A2,Транспорт,прибытие; приезд,прибуття,arrival,,arrival,https://loremflickr.com/640/480/arrival,Kdy je příjezd do Brna?,Когда прибытие в Брно?,Коли прибуття до Брна?,Po příjezdu mi zavolej.,После приезда позвони мне.,Після приїзду зателефонуй мені.
1166,řidič,сущ.,м.р.,řidiče,A2,Транспорт,водитель,водій,driver,,driver,https://loremflickr.com/640/480/driver,Řidič autobusu byl milý.,Водитель автобуса был приветливый.,Водій автобуса був привітний.,Hledáme řidiče.,Мы ищем водителя.,Ми шукаємо водія.
1167,řídit,гл.,несов.,,A2,Транспорт,водить; управлять,керувати,to drive; to manage,,driving,https://loremflickr.com/640/480/driving,Řídím auto každý den.,Я вожу машину каждый день.,Я кермую машиною щодня.,Neumím řídit.,Я не умею водить.,Я не вмію кермувати.
1168,Nefunguje mi karta,фраза,,,A2,Фразы: банк,У меня не работает карта,У мене не працює картка,,,,,Nefunguje mi karta.,У меня не работает карта.,У мене не працює картка.,Nefunguje mi karta v bankomatu.,У меня не работает карта в банкомате.,У мене не працює картка в банкоматі.
1169,Jak dlouho to bude trvat?,фраза,,,A2,Фразы: госучреждения,Сколько это займёт времени?,Скільки це триватиме?,,,,,Jak dlouho to bude trvat?,Сколько это займёт времени?,Скільки це триватиме?,Jak dlouho bude trvat vyřízení?,Сколько времени займёт оформление?,Скільки часу триватиме оформлення?
1170,Můžete mi to prosím vysvětlit?,фраза,,,A2,Фразы: госучреждения,Можете мне это объяснить?,Можете мені це пояснити?,,,,,Můžete mi to prosím vysvětlit?,"Можете мне это объяснить, пожалуйста?","Можете мені це пояснити, будь ласка?",Můžete mi to vysvětlit pomaleji?,Можете объяснить мне это медленнее?,Можете пояснити мені це повільніше?
1171,Jsem tu dva roky,фраза,,,A2,Фразы: знакомство,Я здесь два года,Я тут два роки,,,,,Jsem tu dva roky.,Я здесь два года.,Я тут два роки.,Jsem tu dva roky a učím se česky.,Я здесь два года и учу чешский.,Я тут два роки і вчу чеську.
1172,Máte děti?,фраза,,,A2,Фразы: знакомство,У вас есть дети?,У вас є діти?,,,,,Máte děti?,У вас есть дети?,У вас є діти?,"Máte děti? Ano, dvě.","У вас есть дети? Да, двое.","У вас є діти? Так, двоє."
1173,"Těší mě, že vás poznávám",фраза,,,A2,Фразы: знакомство,Рад с вами познакомиться,Радий з вами познайомитися,,,,,"Těší mě, že vás poznávám.",Рад с вами познакомиться.,Радий з вами познайомитися.,"Těší mě, že vás poznávám, jsem Anna.","Рада с вами познакомиться, я Анна.","Рада з вами познайомитися, я Анна."
1174,Je to v akci?,фраза,,,A2,Фразы: магазин,Это по акции?,Це за акцією?,,,,,Je to v akci?,Это по акции?,Це за акцією?,Je to v akci do neděle?,Это по акции до воскресенья?,Це за акцією до неділі?
1175,Jenom se dívám,фраза,,,A2,Фразы: магазин,Я просто смотрю,Я просто дивлюся,,,,,"Děkuji, jenom se dívám.","Спасибо, я просто смотрю.","Дякую, я просто дивлюся.","Jenom se dívám, zatím nic.","Просто смотрю, пока ничего.","Просто дивлюся, поки нічого."
1176,Kde jsou zkušební kabinky?,фраза,,,A2,Фразы: магазин,Где примерочные?,Де примірочні?,,,,,Kde jsou zkušební kabinky?,Где примерочные?,Де примірочні?,"Promiňte, kde jsou kabinky?","Извините, где примерочные?","Вибачте, де примірочні?"
1177,Mám účtenku,фраза,,,A2,Фразы: магазин,У меня есть чек,У мене є чек,,,,,"Mám účtenku, chci to vrátit.","У меня есть чек, я хочу это вернуть.","У мене є чек, я хочу це повернути.",Mám účtenku z minulého týdne.,У меня чек с прошлой недели.,У мене чек із минулого тижня.
1178,Máte to i v jiné velikosti?,фраза,,,A2,Фразы: магазин,У вас есть другой размер?,У вас є інший розмір?,,,,,Máte to i v jiné velikosti?,У вас есть другой размер?,У вас є інший розмір?,Máte to o číslo větší?,У вас есть на размер больше?,У вас є на розмір більше?
1179,Můžu si to zkusit?,фраза,,,A2,Фразы: магазин,Можно померить?,Можна поміряти?,,,,,Můžu si to zkusit?,Можно померить?,Можна поміряти?,Můžu si zkusit tuhle bundu?,Можно померить эту куртку?,Можна поміряти цю куртку?
1180,Je mi to jedno,фраза,,,A2,Фразы: общение,Мне всё равно,Мені байдуже,,,,,Je mi to jedno.,Мне всё равно.,Мені байдуже.,"Je mi to jedno, vyber ty.","Мне всё равно, выбирай ты.","Мені байдуже, обирай ти."
1181,Máte pravdu,фраза,,,A2,Фразы: общение,Вы правы,Ви маєте рацію,,,,,Máte pravdu.,Вы правы.,Ви маєте рацію.,"Máte pravdu, byla to chyba.","Вы правы, это была ошибка.","Ви маєте рацію, це була помилка."
1182,Můžu se na něco zeptat?,фраза,,,A2,Фразы: общение,Можно кое-что спросить?,Можна дещо запитати?,,,,,Můžu se na něco zeptat?,Можно кое-что спросить?,Можна дещо запитати?,Můžu se na něco zeptat ohledně práce?,Можно спросить кое-что о работе?,Можна дещо запитати щодо роботи?
1183,"Myslím si, že...",фраза,,,A2,Фразы: общение,"Я думаю, что...","Я думаю, що...",,,,,"Myslím si, že to není správné.","Я думаю, что это неправильно.","Я думаю, що це неправильно.","Myslím si, že máš pravdu.","Я думаю, что ты прав.","Я думаю, що ти маєш рацію."
1184,Nesouhlasím,фраза,,,A2,Фразы: общение,Я не согласен,Я не згоден,,,,,"Nesouhlasím, promiňte.","Я не согласен, извините.","Я не згоден, вибачте.",Nesouhlasím s tímto řešením.,Я не согласен с этим решением.,Я не згоден із цим рішенням.
1185,Rád bych...,фраза,,,A2,Фразы: общение,Я хотел бы...,Я хотів би...,,,,,Rád bych se zeptal.,Я хотел бы спросить.,Я хотів би запитати.,Rád bych si to rezervoval.,Я хотел бы это забронировать.,Я хотів би це забронювати.
1186,Souhlasím s vámi,фраза,,,A2,Фразы: общение,Я с вами согласен,Я з вами згоден,,,,,Souhlasím s vámi.,Я с вами согласен.,Я з вами згоден.,Souhlasím s vámi úplně.,Я полностью с вами согласен.,Я цілком з вами згоден.
1187,To je škoda,фраза,,,A2,Фразы: общение,Жаль,Шкода,,,,,To je škoda.,Жаль.,Шкода.,"To je škoda, chtěl jsem přijít.","Жаль, я хотел прийти.","Шкода, я хотів прийти."
1188,Uvidíme,фраза,,,A2,Фразы: общение,Посмотрим,Побачимо,,,,,"Uvidíme, co bude.","Посмотрим, что будет.","Побачимо, що буде.",Uvidíme zítra.,Посмотрим завтра.,Побачимо завтра.
1189,Můžete mi pomoct s tímhle?,фраза,,,A2,Фразы: проблемы,Можете помочь мне с этим?,Можете допомогти мені з цим?,,,,,Můžete mi pomoct s tímhle?,Можете помочь мне с этим?,Можете допомогти мені з цим?,Můžete mi pomoct s tím formulářem?,Можете помочь мне с этой анкетой?,Можете допомогти мені з цією анкетою?
1190,Nemám u sebe hotovost,фраза,,,A2,Фразы: проблемы,У меня нет с собой наличных,У мене немає при собі готівки,,,,,Nemám u sebe hotovost.,У меня нет с собой наличных.,У мене немає при собі готівки.,"Nemám hotovost, jde to kartou?","У меня нет наличных, можно картой?","У мене немає готівки, можна карткою?"
1191,"Nevím, co mám dělat",фраза,,,A2,Фразы: проблемы,"Я не знаю, что делать","Я не знаю, що робити",,,,,"Nevím, co mám dělat.","Я не знаю, что делать.","Я не знаю, що робити.","Nevím, co mám dělat, poraďte mi.","Я не знаю, что делать, посоветуйте.","Я не знаю, що робити, порадьте."
1192,Zapomněl jsem to doma,фраза,,,A2,Фразы: проблемы,Я забыл это дома,Я забув це вдома,,,,,Zapomněl jsem to doma.,Я забыл это дома.,Я забув це вдома.,Zapomněl jsem doklady doma.,Я забыл документы дома.,Я забув документи вдома.
1193,Zavolejte policii,фраза,,,A2,Фразы: проблемы,Вызовите полицию,Викличте поліцію,,,,,Zavolejte policii!,Вызовите полицию!,Викличте поліцію!,"Zavolejte policii, prosím.","Вызовите полицию, пожалуйста.","Викличте поліцію, будь ласка."
1194,Dnes nemůžu přijít do práce,фраза,,,A2,Фразы: работа,Сегодня я не могу прийти на работу,Сьогодні я не можу прийти на роботу,,,,,Dnes nemůžu přijít do práce.,Сегодня я не могу прийти на работу.,Сьогодні я не можу прийти на роботу.,"Dnes nemůžu přijít, jsem nemocný.","Сегодня не могу прийти, я болен.","Сьогодні не можу прийти, я хворий."
1195,Hledám práci,фраза,,,A2,Фразы: работа,Я ищу работу,Я шукаю роботу,,,,,Hledám práci.,Я ищу работу.,Я шукаю роботу.,Hledám práci v Praze.,Я ищу работу в Праге.,Я шукаю роботу в Празі.
1196,"Bez masa, prosím",фраза,,,A2,Фразы: ресторан,"Без мяса, пожалуйста","Без м'яса, будь ласка",,,,,"Bez masa, prosím.","Без мяса, пожалуйста.","Без м'яса, будь ласка.","Bez masa a bez sýra, prosím.","Без мяса и без сыра, пожалуйста.","Без м'яса і без сиру, будь ласка."
1197,Bylo to výborné,фраза,,,A2,Фразы: ресторан,Было очень вкусно,Було дуже смачно,,,,,"Bylo to výborné, děkuji.","Было очень вкусно, спасибо.","Було дуже смачно, дякую.",Bylo to výborné jako vždycky.,"Было отлично, как всегда.","Було чудово, як завжди."
1198,Mám alergii na...,фраза,,,A2,Фразы: ресторан,У меня аллергия на...,У мене алергія на...,,,,,Mám alergii na ořechy.,У меня аллергия на орехи.,У мене алергія на горіхи.,Mám alergii na mléko.,У меня аллергия на молоко.,У мене алергія на молоко.
1199,Máte volný stůl pro dva?,фраза,,,A2,Фразы: ресторан,У вас есть столик на двоих?,У вас є столик на двох?,,,,,Máte volný stůl pro dva?,У вас есть столик на двоих?,У вас є столик на двох?,Máte volný stůl pro čtyři?,У вас есть столик на четверых?,У вас є столик на чотирьох?
1200,"Zvlášť, prosím",фраза,,,A2,Фразы: ресторан,"Раздельно, пожалуйста","Окремо, будь ласка",,Про оплату счёта,,,"Zvlášť, prosím.","Раздельно, пожалуйста.","Окремо, будь ласка.",Budeme platit zvlášť.,Мы будем платить раздельно.,Ми платитимемо окремо.
1201,"Haló, kdo volá?",фраза,,,A2,Фразы: телефон,"Алло, кто говорит?","Алло, хто телефонує?",,,,,"Haló, kdo volá?","Алло, кто говорит?","Алло, хто телефонує?","Haló, tady Novák.","Алло, это Новак.","Алло, це Новак."
1202,Můžete zavolat později?,фраза,,,A2,Фразы: телефон,Можете перезвонить позже?,Можете передзвонити пізніше?,,,,,Můžete zavolat později?,Можете перезвонить позже?,Можете передзвонити пізніше?,Můžete zavolat za hodinu?,Можете перезвонить через час?,Можете передзвонити за годину?
1203,Napište mi zprávu,фраза,,,A2,Фразы: телефон,Напишите мне сообщение,Напишіть мені повідомлення,,,,,Napište mi zprávu.,Напишите мне сообщение.,Напишіть мені повідомлення.,"Napište mi zprávu, ozvu se.","Напишите мне, я отвечу.","Напишіть мені, я відповім."
1204,Špatně vás slyším,фраза,,,A2,Фразы: телефон,Я вас плохо слышу,Я вас погано чую,,,,,Špatně vás slyším.,Я вас плохо слышу.,Я вас погано чую.,"Špatně vás slyším, zavolám znovu.","Плохо вас слышу, перезвоню.","Погано вас чую, передзвоню."
1205,Tady je...,фраза,,,A2,Фразы: телефон,Это... (представление по телефону),Це... (представлення телефоном),,,,,Tady je Viktor.,Это Виктор.,Це Віктор.,"Dobrý den, tady je Anna Nováková.","Здравствуйте, это Анна Новакова.","Добрий день, це Анна Новакова."
1206,Zavolám vám zpátky,фраза,,,A2,Фразы: телефон,Я вам перезвоню,Я вам передзвоню,,,,,Zavolám vám zpátky.,Я вам перезвоню.,Я вам передзвоню.,Zavolám vám zpátky za chvíli.,Я перезвоню вам через минуту.,Я передзвоню вам за хвилину.
1207,Jak se dostanu na nádraží?,фраза,,,A2,Фразы: транспорт,Как добраться до вокзала?,Як дістатися до вокзалу?,,,,,Jak se dostanu na nádraží?,Как добраться до вокзала?,Як дістатися до вокзалу?,Jak se dostanu na letiště?,Как добраться до аэропорта?,Як дістатися до аеропорту?
1208,Je to daleko odsud?,фраза,,,A2,Фразы: транспорт,Это далеко отсюда?,Це далеко звідси?,,,,,Je to daleko odsud?,Это далеко отсюда?,Це далеко звідси?,Je to daleko odsud pěšky?,Это далеко отсюда пешком?,Це далеко звідси пішки?
1209,Jede tenhle autobus do centra?,фраза,,,A2,Фразы: транспорт,Этот автобус едет в центр?,Цей автобус їде в центр?,,,,,Jede tenhle autobus do centra?,Этот автобус едет в центр?,Цей автобус їде в центр?,Jede tahle tramvaj na nádraží?,Этот трамвай едет на вокзал?,Цей трамвай їде на вокзал?
1210,Kde musím přestoupit?,фраза,,,A2,Фразы: транспорт,Где мне нужно пересесть?,Де мені треба пересісти?,,,,,Kde musím přestoupit?,Где мне нужно пересесть?,Де мені треба пересісти?,Kde musím přestoupit na metro?,Где пересесть на метро?,Де пересісти на метро?
1211,Kdy jede další vlak?,фраза,,,A2,Фразы: транспорт,Когда следующий поезд?,Коли наступний потяг?,,,,,Kdy jede další vlak?,Когда следующий поезд?,Коли наступний потяг?,Kdy jede další autobus do Brna?,Когда следующий автобус в Брно?,Коли наступний автобус до Брна?
1212,Vystupujete?,фраза,,,A2,Фразы: транспорт,Вы выходите?,Ви виходите?,,,,,Vystupujete?,Вы выходите?,Ви виходите?,"Promiňte, vystupujete tady?","Извините, вы здесь выходите?","Вибачте, ви тут виходите?"
1213,Zabloudil jsem,фраза,,,A2,Фразы: транспорт,Я заблудился,Я заблукав,,,,,Zabloudil jsem.,Я заблудился.,Я заблукав.,"Zabloudil jsem, můžete mi pomoct?","Я заблудился, можете помочь?","Я заблукав, можете допомогти?"
1214,Bolí mě v krku,фраза,,,A2,Фразы: у врача,У меня болит горло,У мене болить горло,,,,,Bolí mě v krku.,У меня болит горло.,У мене болить горло.,Bolí mě v krku už tři dny.,Горло болит уже три дня.,Горло болить уже три дні.
1215,Je mi špatně,фраза,,,A2,Фразы: у врача,Мне плохо,Мені погано,,,,,Je mi špatně.,Мне плохо.,Мені погано.,Je mi špatně od žaludku.,Меня тошнит.,Мене нудить.
1216,Mám horečku,фраза,,,A2,Фразы: у врача,У меня температура,У мене температура,,,,,Mám horečku.,У меня температура.,У мене температура.,Mám horečku a bolí mě hlava.,У меня температура и болит голова.,У мене температура і болить голова.
1217,Potřebuji k lékaři,фраза,,,A2,Фразы: у врача,Мне нужно к врачу,Мені потрібно до лікаря,,,,,Potřebuji k lékaři.,Мне нужно к врачу.,Мені потрібно до лікаря.,Potřebuji k lékaři co nejdřív.,Мне нужно к врачу как можно скорее.,Мені потрібно до лікаря якнайшвидше.
1218,Zavolejte záchranku,фраза,,,A2,Фразы: у врача,Вызовите скорую,Викличте швидку,,,,,Zavolejte záchranku!,Вызовите скорую!,Викличте швидку!,"Zavolejte záchranku, je to vážné.","Вызовите скорую, это серьёзно.","Викличте швидку, це серйозно."
1219,Jak se to vyslovuje?,фраза,,,A2,Фразы: язык,Как это произносится?,Як це вимовляється?,,,,,Jak se to vyslovuje?,Как это произносится?,Як це вимовляється?,Jak se vyslovuje „ř“?,Как произносится «ř»?,Як вимовляється «ř»?
1220,"Promiňte, neslyšel jsem",фраза,,,A2,Фразы: язык,"Извините, я не расслышал","Вибачте, я не розчув",,,,,"Promiňte, neslyšel jsem.","Извините, я не расслышал.","Вибачте, я не розчув.","Promiňte, neslyšel jsem to jméno.","Извините, я не расслышал имя.","Вибачте, я не розчув ім'я."
1221,"Rozumím, ale mluvím špatně",фраза,,,A2,Фразы: язык,"Я понимаю, но плохо говорю","Я розумію, але погано говорю",,,,,"Rozumím, ale mluvím špatně.","Я понимаю, но плохо говорю.","Я розумію, але погано говорю.","Rozumím všemu, ale mluvím pomalu.","Я всё понимаю, но говорю медленно.","Я все розумію, але говорю повільно."
1222,hloupý,прил.,,,A2,Характер,глупый,дурний,stupid; silly,,,,To byla hloupá otázka.,Это был глупый вопрос.,Це було дурне питання.,"Neber to, je to hloupé.","Не бери, это глупо.","Не бери, це дурня."
1223,klidný,прил.,,,A2,Характер,спокойный,спокійний,calm; quiet,,calm,https://loremflickr.com/640/480/calm,Buď klidný.,Будь спокоен.,Будь спокійний.,Je to klidná čtvrť.,Это спокойный район.,Це спокійний район.
1224,líný,прил.,,,A2,Характер,ленивый,лінивий,lazy,,lazy,https://loremflickr.com/640/480/lazy,Nebuď líný.,Не ленись.,Не лінуйся.,Je líný uklízet.,Ему лень убирать.,Йому ліньки прибирати.
1225,nervózní,прил.,,,A2,Характер,нервный,нервовий,nervous,,nervous,https://loremflickr.com/640/480/nervous,Jsem nervózní ze zkoušky.,Я нервничаю из-за экзамена.,Я нервую через іспит.,Nebuď nervózní.,Не нервничай.,Не нервуй.
1226,pracovitý,прил.,,,A2,Характер,трудолюбивый,працьовитий,hard-working,,hardworking,https://loremflickr.com/640/480/hardworking,Je to pracovitý člověk.,Это трудолюбивый человек.,Це працьовита людина.,Máme pracovitý tým.,У нас трудолюбивая команда.,У нас працьовита команда.
1227,přátelský,прил.,,,A2,Характер,дружелюбный,дружній,friendly,,friendly,https://loremflickr.com/640/480/friendly,Sousedé jsou přátelští.,Соседи дружелюбные.,Сусіди дружні.,Je to přátelské město.,Это дружелюбный город.,Це дружнє місто.
1228,tichý,прил.,,,A2,Характер,тихий,тихий,quiet,,quiet,https://loremflickr.com/640/480/quiet,Je to tichá ulice.,Это тихая улица.,Це тиха вулиця.,"Buď tichý, dítě spí.","Тише, ребёнок спит.","Тихіше, дитина спить."
1229,zlý,прил.,,,A2,Характер,злой,злий,evil; bad,,,,Nebuď zlý.,Не будь злым.,Не будь злим.,Ten pes není zlý.,Эта собака не злая.,Цей собака не злий.
1230,fialový,прил.,,,A2,Цвета,фиолетовый,фіолетовий,purple,,purple,https://loremflickr.com/640/480/purple,Koupila fialové šaty.,Она купила фиолетовое платье.,Вона купила фіолетову сукню.,Fialová je moje oblíbená barva.,Фиолетовый — мой любимый цвет.,Фіолетовий — мій улюблений колір.
1231,oranžový,прил.,,,A2,Цвета,оранжевый,помаранчевий,orange (colour),,"orange,colour","https://loremflickr.com/640/480/orange,colour",Mám oranžové tričko.,У меня оранжевая футболка.,У мене помаранчева футболка.,Pomeranč je oranžový.,Апельсин оранжевый.,Апельсин помаранчевий.
1232,růžový,прил.,,,A2,Цвета,розовый,рожевий,pink,,pink,https://loremflickr.com/640/480/pink,Dcera má růžový batoh.,У дочери розовый рюкзак.,У дочки рожевий рюкзак.,Růžová se mi nelíbí.,Розовый мне не нравится.,Рожевий мені не подобається.
1233,čtvrt,числ.,,,A2,Числа,четверть,чверть,quarter,,quarter,https://loremflickr.com/640/480/quarter,Je čtvrt na osm.,Четверть восьмого.,Чверть на восьму.,Dej mi čtvrt kila sýra.,Дай мне четверть кило сыра.,Дай мені чверть кіла сиру.
1234,milion,числ.,,,A2,Числа,миллион,мільйон,million,,,,Byt stojí tři miliony.,Квартира стоит три миллиона.,Квартира коштує три мільйони.,V Praze žije milion lidí.,В Праге живёт миллион человек.,У Празі живе мільйон людей.
1235,několik,числ.,,,A2,Числа,несколько,кілька,several; a few,,,,Zůstanu tu několik dní.,Я останусь здесь несколько дней.,Я залишуся тут кілька днів.,Mám několik otázek.,У меня несколько вопросов.,У мене кілька питань.
1236,oba,числ.,,,A2,Числа,оба,обидва,both,,,,Oba bratři žijí v Praze.,Оба брата живут в Праге.,Обидва брати живуть у Празі.,Vezmi oba kufry.,Возьми оба чемодана.,Візьми обидві валізи.
1237,pár,сущ.,м.р.,páru,A2,Числа,пара; несколько,пара; кілька,pair; a couple,,pair,https://loremflickr.com/640/480/pair,Kup pár rohlíků.,Купи пару рогаликов.,Купи пару ріжків.,Za pár dní se vrátím.,Через пару дней я вернусь.,За кілька днів я повернуся.
1238,polovina,сущ.,ж.р.,poloviny,A2,Числа,половина,половина,half,,half,https://loremflickr.com/640/480/half,Snědl jsem polovinu.,Я съел половину.,Я з'їв половину.,Polovina lidí souhlasí.,Половина людей согласна.,Половина людей погоджується.
1239,bát se,гл.,несов.,,A2,Эмоции,бояться,боятися,to be afraid,,fear,https://loremflickr.com/640/480/fear,Bojím se psů.,Я боюсь собак.,Я боюся собак.,"Neboj se, zvládneš to.","Не бойся, ты справишься.","Не бійся, ти впораєшся."
1240,cítit,гл.,несов.,,A2,Эмоции,чувствовать,відчувати,to feel; to smell,,,,Cítím vůni kávy.,Я чувствую запах кофе.,Я відчуваю запах кави.,"Cítím, že něco není v pořádku.","Я чувствую, что что-то не так.","Я відчуваю, що щось не так."
1241,doufat,гл.,несов.,,A2,Эмоции,надеяться,сподіватися,to hope,,hope,https://loremflickr.com/640/480/hope,"Doufám, že přijdeš.","Надеюсь, ты придёшь.","Сподіваюся, ти прийдеш.","Doufám, že to vyjde.","Надеюсь, получится.","Сподіваюся, вийде."
1242,klid,сущ.,м.р.,klidu,A2,Эмоции,спокойствие; покой,спокій,calm; peace,,"calm,peace","https://loremflickr.com/640/480/calm,peace",Potřebuji klid.,Мне нужен покой.,Мені потрібен спокій.,"Buď v klidu, mám čas.","Будь спокоен, у меня есть время.","Будь спокійний, я маю час."
1243,milovat,гл.,несов.,,A2,Эмоции,любить,кохати,to love,,love,https://loremflickr.com/640/480/love,Miluju tě.,Я тебя люблю.,Я тебе кохаю.,Miluje svoji práci.,Он любит свою работу.,Він любить свою роботу.
1244,nálada,сущ.,ж.р.,nálady,A2,Эмоции,настроение,настрій,mood,,mood,https://loremflickr.com/640/480/mood,Mám dobrou náladu.,У меня хорошее настроение.,У мене гарний настрій.,Nemám dnes náladu.,У меня сегодня нет настроения.,У мене сьогодні немає настрою.
1245,plakat,гл.,несов.,,A2,Эмоции,плакать,плакати,to cry,,crying,https://loremflickr.com/640/480/crying,Dítě pláče.,Ребёнок плачет.,Дитина плаче.,"Neplač, bude to dobré.","Не плачь, всё будет хорошо.","Не плач, усе буде добре."
1246,radost,сущ.,ж.р.,radosti,A2,Эмоции,радость,радість,joy,,joy,https://loremflickr.com/640/480/joy,Mám z toho radost.,Я этому рад.,Я з цього радію.,Byla to velká radost.,Это была большая радость.,Це була велика радість.
1247,smát se,гл.,несов.,,A2,Эмоции,смеяться,сміятися,to laugh,,laughing,https://loremflickr.com/640/480/laughing,Smějeme se celý večer.,Мы смеёмся весь вечер.,Ми сміємося весь вечір.,Nesměj se mi.,Не смейся надо мной.,Не смійся з мене.
1248,spokojený,прил.,,,A2,Эмоции,довольный,задоволений,satisfied; content,,satisfied,https://loremflickr.com/640/480/satisfied,Jsem spokojený s prací.,Я доволен работой.,Я задоволений роботою.,Zákazník je spokojený.,Клиент доволен.,Клієнт задоволений.
1249,strach,сущ.,м.р.,strachu,A2,Эмоции,страх,страх,fear,,fear,https://loremflickr.com/640/480/fear,Mám z toho strach.,Я этого боюсь.,Я цього боюся.,Strach je normální.,Страх — это нормально.,Страх — це нормально.
1250,štěstí,сущ.,ср.р.,štěstí,A2,Эмоции,счастье; удача,щастя,happiness; luck,,happiness,https://loremflickr.com/640/480/happiness,Máš štěstí.,Тебе повезло.,Тобі пощастило.,Přeju ti hodně štěstí.,Желаю тебе счастья.,Бажаю тобі щастя.
1251,těšit se,гл.,несов.,,A2,Эмоции,радоваться заранее; ждать с нетерпением,тішитися; чекати з нетерпінням,to look forward to,,,,Těším se na víkend.,Я жду выходных.,Я чекаю на вихідні.,"Těším se, až tě uvidím.",Жду не дождусь встречи с тобой.,Не дочекаюся зустрічі з тобою.
1252,usmívat se,гл.,несов.,,A2,Эмоции,улыбаться,усміхатися,to smile,,smiling,https://loremflickr.com/640/480/smiling,Usmívá se na mě.,Он мне улыбается.,Він мені усміхається.,"Usmívej se, fotíme.","Улыбайся, мы фотографируем.","Усміхайся, ми фотографуємо."
1253,zlobit se,гл.,несов.,,A2,Эмоции,сердиться,сердитися,to be angry,,angry,https://loremflickr.com/640/480/angry,Nezlob se na mě.,Не сердись на меня.,Не гнівайся на мене.,Zlobí se kvůli tomu.,Он сердится из-за этого.,Він сердиться через це.
1254,cíl,сущ.,м.р.,cíle,B1,Абстрактные понятия,цель,мета,goal; target,,"target,goal","https://loremflickr.com/640/480/target,goal",Mám jasný cíl.,У меня чёткая цель.,У мене чітка мета.,Dosáhl svého cíle.,Он достиг своей цели.,Він досяг своєї мети.
1255,druh,сущ.,м.р.,druhu,B1,Абстрактные понятия,вид; род,вид; рід,kind; species,,,,Je to jiný druh problému.,Это другой вид проблемы.,Це інший вид проблеми.,V lese žije mnoho druhů ptáků.,В лесу живёт много видов птиц.,У лісі живе багато видів птахів.
1256,důvod,сущ.,м.р.,důvodu,B1,Абстрактные понятия,причина; основание,причина; підстава,reason,,,,Nemám důvod lhát.,У меня нет причины врать.,У мене немає причини брехати.,Z jakého důvodu jste přišel?,По какой причине вы пришли?,З якої причини ви прийшли?
1257,energie,сущ.,ж.р.,energie,B1,Абстрактные понятия,энергия,енергія,energy,,energy,https://loremflickr.com/640/480/energy,Nemám dnes energii.,У меня сегодня нет энергии.,У мене сьогодні немає енергії.,Energie je drahá.,Энергия дорогая.,Енергія дорога.
1258,hodnota,сущ.,ж.р.,hodnoty,B1,Абстрактные понятия,ценность; величина,цінність,value,,,,Má to velkou hodnotu.,Это имеет большую ценность.,Це має велику цінність.,Rodina je pro mě hodnota.,Семья для меня ценность.,Родина для мене цінність.
1259,kvalita,сущ.,ж.р.,kvality,B1,Абстрактные понятия,качество,якість,quality,,,,Kvalita je důležitá.,Качество важно.,Якість важлива.,Zboží je dobré kvality.,Товар хорошего качества.,Товар доброї якості.
1260,mír,сущ.,м.р.,míru,B1,Абстрактные понятия,мир (не война),мир,peace,,peace,https://loremflickr.com/640/480/peace,Všichni chtějí mír.,Все хотят мира.,Усі хочуть миру.,Žijeme v míru.,Мы живём в мире.,Ми живемо в мирі.
1261,množství,сущ.,ср.р.,množství,B1,Абстрактные понятия,количество,кількість,amount; quantity,,,,Máme velké množství práce.,У нас большое количество работы.,У нас велика кількість роботи.,Snížili množství cukru.,Они снизили количество сахара.,Вони знизили кількість цукру.
1262,myšlenka,сущ.,ж.р.,myšlenky,B1,Абстрактные понятия,мысль,думка,thought; idea,,,,Mám jednu myšlenku.,У меня есть одна мысль.,У мене є одна думка.,Ta myšlenka se mi líbí.,Эта мысль мне нравится.,Ця думка мені подобається.
1263,náboženství,сущ.,ср.р.,náboženství,B1,Абстрактные понятия,религия,релігія,religion,,religion,https://loremflickr.com/640/480/religion,Nezajímám se o náboženství.,Я не интересуюсь религией.,Я не цікавлюся релігією.,Každý má svoje náboženství.,У каждого своя религия.,У кожного своя релігія.
1264,následek,сущ.,м.р.,následku,B1,Абстрактные понятия,последствие,наслідок,consequence,,,,To má vážné následky.,Это имеет серьёзные последствия.,Це має серйозні наслідки.,Nese následky svého činu.,Он несёт последствия своего поступка.,Він несе наслідки свого вчинку.
1265,nevýhoda,сущ.,ж.р.,nevýhody,B1,Абстрактные понятия,недостаток,недолік,disadvantage,,,,Má to jednu nevýhodu.,У этого есть один недостаток.,У цього є один недолік.,Výhody převažují nevýhody.,Преимущества перевешивают недостатки.,Переваги переважають недоліки.
1266,odpovědnost,сущ.,ж.р.,odpovědnosti,B1,Абстрактные понятия,ответственность,відповідальність,responsibility,,,,Mám za to odpovědnost.,Я несу за это ответственность.,Я несу за це відповідальність.,Je to velká odpovědnost.,Это большая ответственность.,Це велика відповідальність.
1267,podmínka,сущ.,ж.р.,podmínky,B1,Абстрактные понятия,условие,умова,condition,,,,Jaké jsou podmínky smlouvy?,Каковы условия договора?,Які умови договору?,Splňuji všechny podmínky.,Я выполняю все условия.,Я виконую всі умови.
1268,politika,сущ.,ж.р.,politiky,B1,Абстрактные понятия,политика,політика,politics,,politics,https://loremflickr.com/640/480/politics,Nezajímám se o politiku.,Я не интересуюсь политикой.,Я не цікавлюся політикою.,Politika je složitá.,Политика сложная.,Політика складна.
1269,povinnost,сущ.,ж.р.,povinnosti,B1,Абстрактные понятия,обязанность,обов'язок,duty; obligation,,,,Je to moje povinnost.,Это моя обязанность.,Це мій обов'язок.,Mám povinnost to nahlásit.,Я обязан об этом сообщить.,Я зобов'язаний про це повідомити.
1270,prostor,сущ.,м.р.,prostoru,B1,Абстрактные понятия,пространство,простір,space; room,,,,V bytě je málo prostoru.,В квартире мало места.,У квартирі мало простору.,Potřebuji víc prostoru.,Мне нужно больше пространства.,Мені потрібно більше простору.
1271,příčina,сущ.,ж.р.,příčiny,B1,Абстрактные понятия,причина,причина,cause,,,,Jaká je příčina problému?,В чём причина проблемы?,Яка причина проблеми?,Hledáme příčinu.,Мы ищем причину.,Ми шукаємо причину.
1272,příležitost,сущ.,ж.р.,příležitosti,B1,Абстрактные понятия,возможность; случай,нагода,opportunity,,,,Je to dobrá příležitost.,Это хорошая возможность.,Це гарна нагода.,Nevyužil jsem příležitost.,Я не воспользовался возможностью.,Я не скористався нагодою.
1273,případ,сущ.,м.р.,případu,B1,Абстрактные понятия,случай,випадок,case; instance,,,,V tom případě souhlasím.,В таком случае я согласен.,У такому разі я згоден.,Je to zvláštní případ.,Это особый случай.,Це особливий випадок.
1274,riziko,сущ.,ср.р.,rizika,B1,Абстрактные понятия,риск,ризик,risk,,risk,https://loremflickr.com/640/480/risk,Je to velké riziko.,Это большой риск.,Це великий ризик.,Nechci riskovat.,Я не хочу рисковать.,Я не хочу ризикувати.
1275,rozdíl,сущ.,м.р.,rozdílu,B1,Абстрактные понятия,разница,різниця,difference,,,,Jaký je v tom rozdíl?,Какая разница?,Яка різниця?,Rozdíl je velký.,Разница большая.,Різниця велика.
1276,řešení,сущ.,ср.р.,řešení,B1,Абстрактные понятия,решение,рішення,solution,,,,Našel jsem řešení.,Я нашёл решение.,Я знайшов рішення.,Není jiné řešení.,Другого решения нет.,Іншого рішення немає.
1277,smysl,сущ.,м.р.,smyslu,B1,Абстрактные понятия,смысл,сенс,sense; meaning,,,,Nemá to smysl.,В этом нет смысла.,У цьому немає сенсу.,Jaký to má smysl?,Какой в этом смысл?,Який у цьому сенс?
1278,spravedlnost,сущ.,ж.р.,spravedlnosti,B1,Абстрактные понятия,справедливость,справедливість,justice,,justice,https://loremflickr.com/640/480/justice,Věřím ve spravedlnost.,Я верю в справедливость.,Я вірю в справедливість.,Není to spravedlnost.,Это не справедливость.,Це не справедливість.
1279,svoboda,сущ.,ж.р.,svobody,B1,Абстрактные понятия,свобода,свобода,freedom,,freedom,https://loremflickr.com/640/480/freedom,Svoboda je důležitá.,Свобода важна.,Свобода важлива.,Máme svobodu volby.,У нас есть свобода выбора.,У нас є свобода вибору.
1280,systém,сущ.,м.р.,systému,B1,Абстрактные понятия,система,система,system,,,,Systém nefunguje.,Система не работает.,Система не працює.,Zdravotní systém je dobrý.,Система здравоохранения хорошая.,Система охорони здоров'я добра.
1281,technika,сущ.,ж.р.,techniky,B1,Абстрактные понятия,техника,техніка,technology,,technology,https://loremflickr.com/640/480/technology,Rozumím technice.,Я разбираюсь в технике.,Я розуміюся на техніці.,Moderní technika je drahá.,Современная техника дорогая.,Сучасна техніка дорога.
1282,tradice,сущ.,ж.р.,tradice,B1,Абстрактные понятия,традиция,традиція,tradition,,tradition,https://loremflickr.com/640/480/tradition,Je to stará tradice.,Это старая традиция.,Це стара традиція.,Dodržujeme rodinné tradice.,Мы соблюдаем семейные традиции.,Ми дотримуємося родинних традицій.
1283,událost,сущ.,ж.р.,události,B1,Абстрактные понятия,событие,подія,event,,event,https://loremflickr.com/640/480/event,Byla to důležitá událost.,Это было важное событие.,Це була важлива подія.,Sleduji události ve světě.,Я слежу за событиями в мире.,Я стежу за подіями у світі.
1284,umění,сущ.,ср.р.,umění,B1,Абстрактные понятия,искусство,мистецтво,art,,art,https://loremflickr.com/640/480/art,Zajímám se o umění.,Я интересуюсь искусством.,Я цікавлюся мистецтвом.,Je to moderní umění.,Это современное искусство.,Це сучасне мистецтво.
1285,úroveň,сущ.,ж.р.,úrovně,B1,Абстрактные понятия,уровень,рівень,level,,,,Mám úroveň B1.,У меня уровень B1.,У мене рівень B1.,Zlepšil jsem úroveň češtiny.,Я улучшил уровень чешского.,Я покращив рівень чеської.
1286,úspěch,сущ.,м.р.,úspěchu,B1,Абстрактные понятия,успех,успіх,success,,success,https://loremflickr.com/640/480/success,Přeji ti hodně úspěchů.,Желаю тебе успехов.,Бажаю тобі успіхів.,Byl to velký úspěch.,Это был большой успех.,Це був великий успіх.
1287,válka,сущ.,ж.р.,války,B1,Абстрактные понятия,война,війна,war,,war,https://loremflickr.com/640/480/war,Utekli před válkou.,Они бежали от войны.,Вони втекли від війни.,Válka změnila jejich život.,Война изменила их жизнь.,Війна змінила їхнє життя.
1288,věda,сущ.,ж.р.,vědy,B1,Абстрактные понятия,наука,наука,science,,science,https://loremflickr.com/640/480/science,Zajímám se o vědu.,Я интересуюсь наукой.,Я цікавлюся наукою.,Věda jde dopředu.,Наука движется вперёд.,Наука рухається вперед.
1289,vláda,сущ.,ж.р.,vlády,B1,Абстрактные понятия,правительство,уряд,government,,government,https://loremflickr.com/640/480/government,Vláda schválila zákon.,Правительство одобрило закон.,Уряд ухвалив закон.,Nová vláda začala pracovat.,Новое правительство начало работать.,Новий уряд почав працювати.
1290,vliv,сущ.,м.р.,vlivu,B1,Абстрактные понятия,влияние,вплив,influence,,,,Má na mě dobrý vliv.,Он на меня хорошо влияет.,Він на мене добре впливає.,Vliv počasí je velký.,Влияние погоды велико.,Вплив погоди великий.
1291,volby,сущ.,мн.ч.,voleb,B1,Абстрактные понятия,выборы,вибори,elections,,"elections,voting","https://loremflickr.com/640/480/elections,voting",Volby jsou příští rok.,Выборы в следующем году.,Вибори наступного року.,Šel jsem k volbám.,Я пошёл на выборы.,Я пішов на вибори.
1292,výhoda,сущ.,ж.р.,výhody,B1,Абстрактные понятия,преимущество,перевага,advantage,,,,Má to velkou výhodu.,У этого большое преимущество.,Це має велику перевагу.,Znalost jazyka je výhoda.,Знание языка — преимущество.,Знання мови — перевага.
1293,vývoj,сущ.,м.р.,vývoje,B1,Абстрактные понятия,развитие,розвиток,development,,,,Sleduji vývoj situace.,Я слежу за развитием ситуации.,Я стежу за розвитком ситуації.,Vývoj je rychlý.,Развитие быстрое.,Розвиток швидкий.
1294,význam,сущ.,м.р.,významu,B1,Абстрактные понятия,значение,значення,meaning; significance,,,,Nechápu význam toho slova.,Я не понимаю значение этого слова.,Я не розумію значення цього слова.,Má to velký význam.,Это имеет большое значение.,Це має велике значення.
1295,vztah,сущ.,м.р.,vztahu,B1,Абстрактные понятия,отношение; связь,стосунок; зв'язок,relationship,,relationship,https://loremflickr.com/640/480/relationship,Máme dobrý vztah.,У нас хорошие отношения.,У нас гарні стосунки.,Je to ve vztahu k práci.,Это касается работы.,Це стосується роботи.
1296,zdroj,сущ.,м.р.,zdroje,B1,Абстрактные понятия,источник,джерело,source,,,,Je to spolehlivý zdroj.,Это надёжный источник.,Це надійне джерело.,Nemám jiný zdroj příjmu.,У меня нет другого источника дохода.,У мене немає іншого джерела доходу.
1297,způsob,сущ.,м.р.,způsobu,B1,Абстрактные понятия,способ,спосіб,way; method,,,,Je to nejlepší způsob.,Это лучший способ.,Це найкращий спосіб.,Jakým způsobem to uděláme?,Каким способом мы это сделаем?,У який спосіб ми це зробимо?
1298,zvyk,сущ.,м.р.,zvyku,B1,Абстрактные понятия,привычка; обычай,звичка; звичай,habit; custom,,,,Je to můj zvyk.,Это моя привычка.,Це моя звичка.,Je to místní zvyk.,Это местный обычай.,Це місцевий звичай.
1299,chybět,гл.,несов.,,B1,Базовые глаголы,не хватать; отсутствовать,бракувати,to be missing; to lack,,,,Chybí mi rodina.,Я скучаю по семье.,Мені бракує родини.,Chybí tu jeden dokument.,Здесь не хватает одного документа.,Тут бракує одного документа.
1300,dohodnout se,гл.,сов.,,B1,Базовые глаголы,договориться,домовитися,to agree; to arrange,,,,Dohodli jsme se na ceně.,Мы договорились о цене.,Ми домовилися про ціну.,Musíme se dohodnout.,Нам нужно договориться.,Нам треба домовитися.
1301,dokázat,гл.,сов.,,B1,Базовые глаголы,суметь; доказать,зуміти; довести,to manage; to prove,,,,Dokázal jsem to sám.,Я смог сделать это сам.,Я зміг зробити це сам.,Dokážeš to!,У тебя получится!,У тебе вийде!
1302,dorazit,гл.,сов.,,B1,Базовые глаголы,добраться; прибыть,дістатися; прибути,to arrive,,,,Dorazil jsem včas.,Я добрался вовремя.,Я дістався вчасно.,Kdy dorazíš?,Когда ты доберёшься?,Коли ти дістанешся?
1303,dovolit,гл.,сов.,,B1,Базовые глаголы,разрешить,дозволити,to allow,,,,Dovolte mi to vysvětlit.,Позвольте мне объяснить.,Дозвольте мені пояснити.,Rodiče mi to nedovolili.,Родители мне это не разрешили.,Батьки мені це не дозволили.
1304,hodit,гл.,сов.,,B1,Базовые глаголы,бросить,кинути,to throw,,throwing,https://loremflickr.com/640/480/throwing,Hoď to do koše.,Брось это в мусорку.,Кинь це в смітник.,Hodil mi klíče.,Он бросил мне ключи.,Він кинув мені ключі.
1305,kontrolovat,гл.,несов.,,B1,Базовые глаголы,проверять,перевіряти,to check,,checking,https://loremflickr.com/640/480/checking,Kontroluji si e-maily.,Я проверяю почту.,Я перевіряю пошту.,Revizor kontroluje jízdenky.,Контролёр проверяет билеты.,Контролер перевіряє квитки.
1306,nabídnout,гл.,сов.,,B1,Базовые глаголы,"предложить (услугу, вещь)",запропонувати,to offer,,,,Nabídli mi práci.,Мне предложили работу.,Мені запропонували роботу.,Nabídnu ti kávu.,Я предложу тебе кофе.,Я запропоную тобі каву.
1307,najmout,гл.,сов.,,B1,Базовые глаголы,нанять; снять (жильё),найняти,to hire; to rent,,,,Najal jsem si byt.,Я снял квартиру.,Я орендував квартиру.,Firma najala nové lidi.,Фирма наняла новых людей.,Фірма найняла нових людей.
1308,navrhnout,гл.,сов.,,B1,Базовые глаголы,предложить,запропонувати,to suggest; to propose,,,,Navrhuji jiné řešení.,Я предлагаю другое решение.,Я пропоную інше рішення.,Navrhl schůzku na pátek.,Он предложил встречу в пятницу.,Він запропонував зустріч у п'ятницю.
1309,obsahovat,гл.,несов.,,B1,Базовые глаголы,содержать,містити,to contain,,,,Nápoj obsahuje cukr.,Напиток содержит сахар.,Напій містить цукор.,Co ten dokument obsahuje?,Что содержит этот документ?,Що містить цей документ?
1310,očekávat,гл.,несов.,,B1,Базовые глаголы,ожидать,очікувати,to expect,,,,Očekávám odpověď.,Я ожидаю ответа.,Я очікую на відповідь.,Očekáváme hosty.,Мы ожидаем гостей.,Ми очікуємо гостей.
1311,odmítnout,гл.,сов.,,B1,Базовые глаголы,отказать; отказаться,відмовити,to refuse; to reject,,,,Odmítl jsem tu nabídku.,Я отказался от этого предложения.,Я відмовився від цієї пропозиції.,Nemůžu to odmítnout.,Я не могу отказаться.,Я не можу відмовитися.
1312,ohlásit,гл.,сов.,,B1,Базовые глаголы,заявить; сообщить официально,заявити,to report officially,,,,Musím to ohlásit na úřadě.,Мне нужно заявить об этом в учреждении.,Мені треба заявити про це в установі.,Ohlásil jsem změnu adresy.,Я заявил о смене адреса.,Я заявив про зміну адреси.
1313,opustit,гл.,сов.,,B1,Базовые глаголы,покинуть,покинути,to leave; to abandon,,,,Opustil rodné město.,Он покинул родной город.,Він покинув рідне місто.,Neopustím tě.,Я тебя не покину.,Я тебе не покину.
1314,otočit se,гл.,сов.,,B1,Базовые глаголы,повернуться,обернутися,to turn around,,,,Otočil se a odešel.,Он повернулся и ушёл.,Він обернувся й пішов.,Otoč se doleva.,Повернись налево.,Повернись ліворуч.
1315,oznámit,гл.,сов.,,B1,Базовые глаголы,сообщить; объявить,повідомити,to announce,,,,Oznámil nám dobrou zprávu.,Он сообщил нам хорошую новость.,Він повідомив нам гарну новину.,Musím to oznámit šéfovi.,Мне нужно сообщить это начальнику.,Мені треба повідомити це начальнику.
1316,oženit se,гл.,сов.,,B1,Базовые глаголы,жениться,одружитися,to get married (man),,"wedding,groom","https://loremflickr.com/640/480/wedding,groom",Oženil se loni.,Он женился в прошлом году.,Він одружився торік.,Chce se oženit.,Он хочет жениться.,Він хоче одружитися.
1317,patřit,гл.,несов.,,B1,Базовые глаголы,принадлежать,належати,to belong,,,,Ta kniha patří mně.,Эта книга принадлежит мне.,Ця книга належить мені.,Patří to sem.,Это относится сюда.,Це належить сюди.
1318,podařit se,гл.,сов.,,B1,Базовые глаголы,удаться,вдатися,to succeed; to manage,,,,Podařilo se mi to.,Мне это удалось.,Мені це вдалося.,Nepodařilo se nám přijít.,Нам не удалось прийти.,Нам не вдалося прийти.
1319,pokračovat,гл.,несов.,,B1,Базовые глаголы,продолжать,продовжувати,to continue,,,,Pokračujeme zítra.,Мы продолжим завтра.,Ми продовжимо завтра.,"Pokračuj, prosím.","Продолжай, пожалуйста.","Продовжуй, будь ласка."
1320,popsat,гл.,сов.,,B1,Базовые глаголы,описать,описати,to describe,,,,Popiš mi ten byt.,Опиши мне эту квартиру.,Опиши мені цю квартиру.,Popsal jsem situaci policii.,Я описал ситуацию полиции.,Я описав ситуацію поліції.
1321,postavit,гл.,сов.,,B1,Базовые глаголы,построить; поставить,побудувати; поставити,to build; to put,,,,Postavili nový dům.,Построили новый дом.,Побудували новий будинок.,Postav to na stůl.,Поставь это на стол.,Постав це на стіл.
1322,požádat,гл.,сов.,,B1,Базовые глаголы,попросить,попросити,to ask; to request,,,,Požádal jsem o pomoc.,Я попросил о помощи.,Я попросив про допомогу.,Požádal o ruku.,Он сделал предложение.,Він освідчився.
1323,překvapit,гл.,сов.,,B1,Базовые глаголы,удивить,здивувати,to surprise,,surprise,https://loremflickr.com/640/480/surprise,Překvapil jsi mě.,Ты меня удивил.,Ти мене здивував.,Chci ji překvapit.,Я хочу её удивить.,Я хочу її здивувати.
1324,přemýšlet,гл.,несов.,,B1,Базовые глаголы,размышлять,розмірковувати,to think; to ponder,,thinking,https://loremflickr.com/640/480/thinking,Přemýšlím o tom.,Я об этом думаю.,Я про це думаю.,Přemýšlel jsem celou noc.,Я размышлял всю ночь.,Я розмірковував усю ніч.
1325,přijmout,гл.,сов.,,B1,Базовые глаголы,принять,прийняти,to accept,,,,Přijal jsem tu nabídku.,Я принял это предложение.,Я прийняв цю пропозицію.,Přijali mě do práce.,Меня приняли на работу.,Мене прийняли на роботу.
1326,rozdělit,гл.,сов.,,B1,Базовые глаголы,разделить,розділити,to divide; to split,,,,Rozdělíme si to napůl.,Разделим это пополам.,Розділимо це навпіл.,Rozdělil práci mezi nás.,Он разделил работу между нами.,Він розділив роботу між нами.
1327,rozhodnout se,гл.,сов.,,B1,Базовые глаголы,решить; принять решение,вирішити,to decide,,decision,https://loremflickr.com/640/480/decision,Rozhodl jsem se zůstat.,Я решил остаться.,Я вирішив залишитися.,Musíš se rozhodnout.,Ты должен решить.,Ти маєш вирішити.
1328,řešit,гл.,несов.,,B1,Базовые глаголы,решать (проблему),вирішувати,to solve; to deal with,,,,Řeším jeden problém.,Я решаю одну проблему.,Я вирішую одну проблему.,Neřeš to teď.,Не решай это сейчас.,Не вирішуй це зараз.
1329,schovat,гл.,сов.,,B1,Базовые глаголы,спрятать,заховати,to hide,,hiding,https://loremflickr.com/640/480/hiding,Schoval jsem klíče.,Я спрятал ключи.,Я заховав ключі.,Kam jsi to schoval?,Куда ты это спрятал?,Куди ти це заховав?
1330,setkat se,гл.,сов.,,B1,Базовые глаголы,встретиться,зустрітися,to meet,,meeting,https://loremflickr.com/640/480/meeting,Setkal jsem se s ním včera.,Я встретился с ним вчера.,Я зустрівся з ним учора.,Setkáme se v pondělí.,Мы встретимся в понедельник.,Ми зустрінемося в понеділок.
1331,sloužit,гл.,несов.,,B1,Базовые глаголы,служить,служити,to serve,,,,Sloužil v armádě.,Он служил в армии.,Він служив в армії.,K čemu to slouží?,Для чего это служит?,Для чого це слугує?
1332,snažit se,гл.,несов.,,B1,Базовые глаголы,стараться,намагатися,to try; to make an effort,,,,Snažím se mluvit česky.,Я стараюсь говорить по-чешски.,Я намагаюся говорити чеською.,Snaž se víc.,Старайся больше.,Намагайся більше.
1333,snížit,гл.,сов.,,B1,Базовые глаголы,снизить,знизити,to reduce; to lower,,,,Snížili ceny.,Снизили цены.,Знизили ціни.,Musím snížit výdaje.,Мне нужно снизить расходы.,Мені треба знизити витрати.
1334,spadnout,гл.,сов.,,B1,Базовые глаголы,упасть,впасти,to fall,,falling,https://loremflickr.com/640/480/falling,Spadl jsem na ledu.,Я упал на льду.,Я впав на льоду.,Sklenice spadla ze stolu.,Стакан упал со стола.,Склянка впала зі столу.
1335,spojit,гл.,сов.,,B1,Базовые глаголы,соединить,з'єднати,to connect; to join,,,,Spoj ty dva kabely.,Соедини эти два кабеля.,З'єднай ці два кабелі.,Spojil jsem se s úřadem.,Я связался с учреждением.,Я зв'язався з установою.
1336,srovnat,гл.,сов.,,B1,Базовые глаголы,сравнить,порівняти,to compare,,,,Srovnej ty dvě nabídky.,Сравни эти два предложения.,Порівняй ці дві пропозиції.,Nedá se to srovnat.,Это несравнимо.,Це незрівнянно.
1337,stavět,гл.,несов.,,B1,Базовые глаголы,строить,будувати,to build,,construction,https://loremflickr.com/640/480/construction,Staví tu nový dům.,Здесь строят новый дом.,Тут будують новий будинок.,Stavíme si dům.,Мы строим себе дом.,Ми будуємо собі будинок.
1338,stihnout,гл.,сов.,,B1,Базовые глаголы,успеть,встигнути,to make it in time,,,,Stihl jsem vlak.,Я успел на поезд.,Я встиг на потяг.,Nestihnu to do pěti.,Я не успею до пяти.,Я не встигну до п'ятої.
1339,táhnout,гл.,несов.,,B1,Базовые глаголы,тянуть,тягнути,to pull,,pulling,https://loremflickr.com/640/480/pulling,Netahej mě za ruku.,Не тяни меня за руку.,Не тягни мене за руку.,Táhne to sem od okna.,Отсюда дует от окна.,Звідси тягне від вікна.
1340,tlačit,гл.,несов.,,B1,Базовые глаголы,толкать; давить,штовхати; тиснути,to push; to press,,pushing,https://loremflickr.com/640/480/pushing,Netlač na mě.,Не дави на меня.,Не тисни на мене.,"Tlač dveře, ne táhni.","Толкай дверь, не тяни.","Штовхай двері, не тягни."
1341,tvrdit,гл.,несов.,,B1,Базовые глаголы,утверждать,стверджувати,to claim; to assert,,,,"Tvrdí, že to nevěděl.","Он утверждает, что не знал.","Він стверджує, що не знав.",Nemůžu to tvrdit jistě.,Я не могу утверждать это точно.,Я не можу стверджувати це напевно.
1342,umožnit,гл.,сов.,,B1,Базовые глаголы,позволить; сделать возможным,уможливити,to enable; to make possible,,,,To mi umožnilo pracovat.,Это позволило мне работать.,Це дало мені змогу працювати.,Vízum mi umožňuje zůstat.,Виза позволяет мне остаться.,Віза дає мені змогу залишитися.
1343,utratit,гл.,сов.,,B1,Базовые глаголы,потратить,витратити,to spend (money),,,,Utratil jsem všechny peníze.,Я потратил все деньги.,Я витратив усі гроші.,Utratili jsme moc.,Мы потратили слишком много.,Ми витратили забагато.
1344,vdát se,гл.,сов.,,B1,Базовые глаголы,выйти замуж,вийти заміж,to get married (woman),,"wedding,bride","https://loremflickr.com/640/480/wedding,bride",Vdala se loni.,Она вышла замуж в прошлом году.,Вона вийшла заміж торік.,Chce se vdát.,Она хочет выйти замуж.,Вона хоче вийти заміж.
1345,všimnout si,гл.,сов.,,B1,Базовые глаголы,заметить,помітити,to notice,,,,Všiml jsem si chyby.,Я заметил ошибку.,Я помітив помилку.,Nevšiml jsem si tě.,Я тебя не заметил.,Я тебе не помітив.
1346,vydělávat,гл.,несов.,,B1,Базовые глаголы,зарабатывать,заробляти,to earn,,"earning,money","https://loremflickr.com/640/480/earning,money",Vydělávám dost peněz.,Я зарабатываю достаточно денег.,Я заробляю достатньо грошей.,Kolik vyděláváš?,Сколько ты зарабатываешь?,Скільки ти заробляєш?
1347,vydržet,гл.,сов.,,B1,Базовые глаголы,выдержать,витримати,to endure; to hold out,,,,Vydržel jsem to.,Я это выдержал.,Я це витримав.,Vydrž ještě chvíli.,Потерпи ещё немного.,Потерпи ще трохи.
1348,vyměnit,гл.,сов.,,B1,Базовые глаголы,обменять,обміняти,to exchange,,,,Vyměnil jsem peníze.,Я обменял деньги.,Я обміняв гроші.,Můžu to vyměnit za jinou velikost?,Можно обменять на другой размер?,Чи можна обміняти на інший розмір?
1349,vyplnit,гл.,сов.,,B1,Базовые глаголы,заполнить,заповнити,to fill in,,"filling,form","https://loremflickr.com/640/480/filling,form",Vyplňte tento formulář.,Заполните эту анкету.,Заповніть цю анкету.,Vyplnil jsem žádost.,Я заполнил заявление.,Я заповнив заяву.
1350,vyřešit,гл.,сов.,,B1,Базовые глаголы,решить (проблему),вирішити,to solve,,,,Vyřešil jsem ten problém.,Я решил эту проблему.,Я вирішив цю проблему.,Musíme to vyřešit dnes.,Мы должны решить это сегодня.,Ми маємо вирішити це сьогодні.
1351,zabránit,гл.,сов.,,B1,Базовые глаголы,предотвратить,запобігти,to prevent,,,,Chceme tomu zabránit.,Мы хотим это предотвратить.,Ми хочемо цьому запобігти.,Nikdo tomu nezabránil.,Никто этого не предотвратил.,Ніхто цьому не запобіг.
1352,zabývat se,гл.,несов.,,B1,Базовые глаголы,заниматься,займатися,to deal with; to work on,,,,Zabývám se programováním.,Я занимаюсь программированием.,Я займаюся програмуванням.,Čím se zabýváte?,Чем вы занимаетесь?,Чим ви займаєтеся?
1353,zajistit,гл.,сов.,,B1,Базовые глаголы,обеспечить,забезпечити,to ensure; to arrange,,,,Zajistil jsem ubytování.,Я обеспечил проживание.,Я забезпечив проживання.,Firma zajistí dopravu.,Фирма обеспечит транспорт.,Фірма забезпечить транспорт.
1354,zajímat se,гл.,несов.,,B1,Базовые глаголы,интересоваться,цікавитися,to be interested in,,,,Zajímám se o historii.,Я интересуюсь историей.,Я цікавлюся історією.,O co se zajímáš?,Чем ты интересуешься?,Чим ти цікавишся?
1355,zakázat,гл.,сов.,,B1,Базовые глаголы,запретить,заборонити,to forbid; to ban,,,,Zakázali tam parkovat.,Там запретили парковаться.,Там заборонили паркуватися.,Lékař mi zakázal alkohol.,Врач запретил мне алкоголь.,Лікар заборонив мені алкоголь.
1356,zapsat,гл.,сов.,,B1,Базовые глаголы,записать,записати,to write down,,,,Zapsal jsem si adresu.,Я записал адрес.,Я записав адресу.,"Zapiš si to, ať nezapomeneš.","Запиши, чтобы не забыть.","Запиши, щоб не забути."
1357,záviset,гл.,несов.,,B1,Базовые глаголы,зависеть,залежати,to depend,,,,To záleží na tobě.,Это зависит от тебя.,Це залежить від тебе.,Cena závisí na velikosti.,Цена зависит от размера.,Ціна залежить від розміру.
1358,zdát se,гл.,несов.,,B1,Базовые глаголы,казаться; сниться,здаватися; снитися,to seem; to dream,,,,Zdá se mi to divné.,Мне это кажется странным.,Мені це здається дивним.,Zdálo se mi o domově.,Мне снился дом.,Мені снився дім.
1359,zemřít,гл.,сов.,,B1,Базовые глаголы,умереть,померти,to die,,,,Dědeček zemřel loni.,Дедушка умер в прошлом году.,Дідусь помер торік.,Zemřel ve věku osmdesáti let.,Он умер в возрасте восьмидесяти лет.,Він помер у віці вісімдесяти років.
1360,zhoršit,гл.,сов.,,B1,Базовые глаголы,ухудшить,погіршити,to worsen,,,,Počasí se zhoršilo.,Погода ухудшилась.,Погода погіршилася.,Situace se zhoršuje.,Ситуация ухудшается.,Ситуація погіршується.
1361,zkontrolovat,гл.,сов.,,B1,Базовые глаголы,проверить,перевірити,to check,,checking,https://loremflickr.com/640/480/checking,Zkontroluj ten dokument.,Проверь этот документ.,Перевір цей документ.,Zkontroloval jsem si e-maily.,Я проверил почту.,Я перевірив пошту.
1362,zlepšit,гл.,сов.,,B1,Базовые глаголы,улучшить,покращити,to improve,,,,Chci zlepšit svou češtinu.,Я хочу улучшить свой чешский.,Я хочу покращити свою чеську.,Zlepšil jsem výsledky.,Я улучшил результаты.,Я покращив результати.
1363,zmeškat,гл.,сов.,,B1,Базовые глаголы,опоздать; пропустить,запізнитися; пропустити,to miss; to be late for,,,,Zmeškal jsem vlak.,Я опоздал на поезд.,Я запізнився на потяг.,Nezmeškej schůzku.,Не пропусти встречу.,Не пропусти зустріч.
1364,způsobit,гл.,сов.,,B1,Базовые глаголы,вызвать; причинить,спричинити,to cause,,,,Způsobil nehodu.,Он стал причиной аварии.,Він спричинив аварію.,Co to způsobilo?,Что это вызвало?,Що це спричинило?
1365,zvednout,гл.,сов.,,B1,Базовые глаголы,поднять,підняти,to lift; to pick up,,lifting,https://loremflickr.com/640/480/lifting,Zvedni to ze země.,Подними это с пола.,Підніми це з підлоги.,Nezvedá telefon.,Он не берёт трубку.,Він не бере слухавку.
1366,zvládnout,гл.,сов.,,B1,Базовые глаголы,справиться,впоратися,to manage; to cope,,,,Zvládnu to sám.,Я справлюсь сам.,Я впораюся сам.,Zvládl jsi zkoušku?,Ты сдал экзамен?,Ти склав іспит?
1367,zvyknout si,гл.,сов.,,B1,Базовые глаголы,привыкнуть,звикнути,to get used to,,,,Zvykl jsem si na Prahu.,Я привык к Праге.,Я звик до Праги.,Zvykneš si na to.,Ты к этому привыкнешь.,Ти до цього звикнеш.
1368,zvýšit,гл.,сов.,,B1,Базовые глаголы,повысить,підвищити,to raise; to increase,,,,Zvýšili nám nájem.,Нам повысили аренду.,Нам підвищили оренду.,Chci zvýšit plat.,Я хочу повысить зарплату.,Я хочу підвищити зарплату.
1369,kudrnatý,прил.,,,B1,Внешность,кудрявый,кучерявий,curly,,curlyhair,https://loremflickr.com/640/480/curlyhair,Má kudrnaté vlasy.,У неё кудрявые волосы.,У неї кучеряве волосся.,Je kudrnatý po otci.,Он кудрявый в отца.,Він кучерявий у батька.
1370,postava,сущ.,ж.р.,postavy,B1,Внешность,фигура; телосложение,постать; фігура,figure; build,,"figure,body","https://loremflickr.com/640/480/figure,body",Má sportovní postavu.,У него спортивная фигура.,У нього спортивна постать.,Postavou je jako bratr.,Телосложением он как брат.,Статурою він як брат.
1371,vousy,сущ.,мн.ч.,vousů,B1,Внешность,борода; усы,борода; вуса,beard; moustache,,beard,https://loremflickr.com/640/480/beard,Nechal si narůst vousy.,Он отрастил бороду.,Він відростив бороду.,Oholil si vousy.,Он сбрил бороду.,Він поголив бороду.
1372,budoucnost,сущ.,ж.р.,budoucnosti,B1,Время и дата,будущее,майбутнє,future,,future,https://loremflickr.com/640/480/future,"Nevím, co bude v budoucnosti.","Я не знаю, что будет в будущем.","Я не знаю, що буде в майбутньому.",Plánuji svoji budoucnost.,Я планирую своё будущее.,Я планую своє майбутнє.
1373,letošní,прил.,,,B1,Время и дата,нынешнего года,цьогорічний,this year's,,,,Letošní zima byla teplá.,Нынешняя зима была тёплой.,Цьогорічна зима була теплою.,Letošní úroda je dobrá.,Урожай этого года хороший.,Цьогорічний урожай добрий.
1374,minulost,сущ.,ж.р.,minulosti,B1,Время и дата,прошлое,минуле,past,,past,https://loremflickr.com/640/480/past,V minulosti jsem tam pracoval.,В прошлом я там работал.,У минулому я там працював.,Nemyslím na minulost.,Я не думаю о прошлом.,Я не думаю про минуле.
1375,naposledy,нареч.,,,B1,Время и дата,в последний раз,востаннє,last time,,,,Naposledy jsem ho viděl loni.,Последний раз я видел его в прошлом году.,Востаннє я бачив його торік.,Říkám ti to naposledy.,Говорю тебе в последний раз.,Кажу тобі востаннє.
1376,občas,нареч.,,,B1,Время и дата,время от времени,час від часу,occasionally,,,,Občas si dám pivo.,Иногда я выпиваю пиво.,Час від часу я випиваю пиво.,Občas se vidíme.,Иногда мы видимся.,Іноді ми бачимося.
1377,pravidelně,нареч.,,,B1,Время и дата,регулярно,регулярно,regularly,,,,Chodím tam pravidelně.,Я хожу туда регулярно.,Я ходжу туди регулярно.,Beru léky pravidelně.,Я принимаю лекарства регулярно.,Я приймаю ліки регулярно.
1378,předchozí,прил.,,,B1,Время и дата,предыдущий,попередній,previous,,,,V předchozí práci jsem byl rok.,На предыдущей работе я был год.,На попередній роботі я був рік.,Předchozí majitel byl Čech.,Предыдущий владелец был чех.,Попередній власник був чех.
1379,přítomnost,сущ.,ж.р.,přítomnosti,B1,Время и дата,настоящее; присутствие,теперішнє; присутність,present; presence,,,,Žij v přítomnosti.,Живи настоящим.,Живи теперішнім.,Řekl to v mé přítomnosti.,Он сказал это в моём присутствии.,Він сказав це в моїй присутності.
1380,století,сущ.,ср.р.,století,B1,Время и дата,век; столетие,століття,century,,century,https://loremflickr.com/640/480/century,Je to budova z 19. století.,Это здание 19 века.,Це будівля XIX століття.,Žijeme ve 21. století.,Мы живём в 21 веке.,Ми живемо у XXI столітті.
1381,kruhový objezd,сущ.,м.р.,kruhového objezdu,B1,Город и ориентирование,круговое движение,кругове перехрестя,roundabout,,roundabout,https://loremflickr.com/640/480/roundabout,Na kruhovém objezdu jeď doprava.,На круговом движении езжай направо.,На круговому перехресті їдь праворуч.,Před kruhovým objezdem zpomal.,Перед круговым сбавь скорость.,Перед круговим сповільни.
1382,městská část,сущ.,ж.р.,městské části,B1,Город и ориентирование,городской район,міський район,city district,,citydistrict,https://loremflickr.com/640/480/citydistrict,Bydlím v městské části Praha 4.,Я живу в районе Прага 4.,Я живу в районі Прага 4.,Městská část to zaplatí.,Городской район это оплатит.,Міський район це оплатить.
1383,podchod,сущ.,м.р.,podchodu,B1,Город и ориентирование,подземный переход,підземний перехід,underpass,,underpass,https://loremflickr.com/640/480/underpass,Přejdi podchodem.,Перейди по подземному переходу.,Перейди підземним переходом.,V podchodu je obchod.,В переходе есть магазин.,У переході є магазин.
1384,schránka,сущ.,ж.р.,schránky,B1,Город и ориентирование,почтовый ящик,поштова скринька,letterbox; mailbox,,mailbox,https://loremflickr.com/640/480/mailbox,Podívej se do schránky.,Посмотри в почтовый ящик.,Подивись у поштову скриньку.,Schránka je plná reklam.,Ящик полон рекламы.,Скринька повна реклами.
1385,sídliště,сущ.,ср.р.,sídliště,B1,Город и ориентирование,спальный район,спальний район,housing estate,,housingestate,https://loremflickr.com/640/480/housingestate,Bydlím na sídlišti.,Я живу в спальном районе.,Я живу в спальному районі.,Sídliště je z 80. let.,Район построен в 80-е.,Район побудований у 80-ті.
1386,sousedství,сущ.,ср.р.,sousedství,B1,Город и ориентирование,соседство; район,сусідство,neighbourhood,,neighbourhood,https://loremflickr.com/640/480/neighbourhood,V sousedství je škola.,По соседству школа.,По сусідству школа.,Máme dobré sousedství.,У нас хорошее соседство.,У нас гарне сусідство.
1387,dodržet,гл.,сов.,,B1,Действия и процедуры,соблюсти,дотримати,to keep; to observe,,,,Musíme dodržet termín.,Мы должны соблюсти срок.,Ми маємо дотримати терміну.,Dodržel jsem slib.,Я сдержал обещание.,Я дотримав обіцянки.
1388,doručit,гл.,сов.,,B1,Действия и процедуры,доставить,доставити,to deliver,,delivery,https://loremflickr.com/640/480/delivery,Balík doručí zítra.,Посылку доставят завтра.,Посилку доставлять завтра.,Doručili mi dopis.,Мне доставили письмо.,Мені доставили листа.
1389,odhlásit se,гл.,сов.,,B1,Действия и процедуры,выписаться; выйти из аккаунта,виписатися; вийти,to log out; to deregister,,,,Odhlásil jsem se z kurzu.,Я отписался от курса.,Я відписався від курсу.,Nezapomeň se odhlásit.,Не забудь выйти из аккаунта.,Не забудь вийти з облікового запису.
1390,ověřit,гл.,сов.,,B1,Действия и процедуры,проверить; заверить,перевірити; засвідчити,to verify; to certify,,,,Musím ověřit podpis u notáře.,Мне нужно заверить подпись у нотариуса.,Мені треба засвідчити підпис у нотаріуса.,Ověřil jsem si tu informaci.,Я проверил эту информацию.,Я перевірив цю інформацію.
1391,porušit,гл.,сов.,,B1,Действия и процедуры,нарушить,порушити,to break; to violate,,,,Porušil jsi pravidla.,Ты нарушил правила.,Ти порушив правила.,Neporušuj smlouvu.,Не нарушай договор.,Не порушуй договір.
1392,potvrdit,гл.,сов.,,B1,Действия и процедуры,подтвердить,підтвердити,to confirm,,,,Potvrďte prosím rezervaci.,"Подтвердите, пожалуйста, бронь.","Підтвердьте, будь ласка, бронювання.",Potvrdil jsem účast.,Я подтвердил участие.,Я підтвердив участь.
1393,přihlásit se,гл.,сов.,,B1,Действия и процедуры,зарегистрироваться; войти,зареєструватися; увійти,to register; to log in,,,,Přihlásil jsem se na kurz.,Я записался на курс.,Я записався на курс.,Musíš se přihlásit do systému.,Тебе нужно войти в систему.,Тобі треба увійти в систему.
1394,splnit,гл.,сов.,,B1,Действия и процедуры,выполнить,виконати,to fulfil,,,,Splnil jsem všechny podmínky.,Я выполнил все условия.,Я виконав усі умови.,Splň si svůj sen.,Исполни свою мечту.,Здійсни свою мрію.
1395,stěžovat si,гл.,несов.,,B1,Действия и процедуры,жаловаться,скаржитися,to complain,,complaining,https://loremflickr.com/640/480/complaining,Stěžuji si na hluk.,Я жалуюсь на шум.,Я скаржуся на шум.,Nestěžuj si.,Не жалуйся.,Не скаржся.
1396,vysvětlovat,гл.,несов.,,B1,Действия и процедуры,объяснять,пояснювати,to explain,,explaining,https://loremflickr.com/640/480/explaining,Vysvětluji to už podruhé.,Я объясняю это уже второй раз.,Я пояснюю це вже вдруге.,Učitel vysvětluje gramatiku.,Учитель объясняет грамматику.,Учитель пояснює граматику.
1397,vyzvednout,гл.,сов.,,B1,Действия и процедуры,забрать; получить,забрати,to pick up; to collect,,"pickup,parcel","https://loremflickr.com/640/480/pickup,parcel",Vyzvednu si balík na poště.,Я заберу посылку на почте.,Я заберу посилку на пошті.,Vyzvedni děti ze školky.,Забери детей из садика.,Забери дітей із садка.
1398,zaregistrovat se,гл.,сов.,,B1,Действия и процедуры,зарегистрироваться,зареєструватися,to register,,,,Zaregistroval jsem se online.,Я зарегистрировался онлайн.,Я зареєструвався онлайн.,Musíte se zaregistrovat předem.,Вам нужно зарегистрироваться заранее.,Вам треба зареєструватися заздалегідь.
1399,zrušit,гл.,сов.,,B1,Действия и процедуры,отменить,скасувати,to cancel,,,,Zrušil jsem rezervaci.,Я отменил бронь.,Я скасував бронювання.,Schůzka se ruší.,Встреча отменяется.,Зустріч скасовується.
1400,zúčastnit se,гл.,сов.,,B1,Действия и процедуры,принять участие,взяти участь,to take part,,,,Zúčastnil jsem se kurzu.,Я принял участие в курсе.,Я взяв участь у курсі.,Chci se zúčastnit soutěže.,Я хочу принять участие в конкурсе.,Я хочу взяти участь у конкурсі.
1401,cizinecká policie,сущ.,ж.р.,cizinecké policie,B1,Документы и госучреждения,миграционная полиция,міграційна поліція,foreign police,Ключевое место для мигрантов,policestation,https://loremflickr.com/640/480/policestation,Musím na cizineckou policii.,Мне нужно в миграционную полицию.,Мені треба до міграційної поліції.,Cizinecká policie mě pozvala.,Миграционная полиция меня вызвала.,Міграційна поліція мене викликала.
1402,čekárna,сущ.,ж.р.,čekárny,B1,Документы и госучреждения,зал ожидания,зал очікування,waiting room,,waitingroom,https://loremflickr.com/640/480/waitingroom,Počkejte v čekárně.,Подождите в зале ожидания.,Зачекайте в залі очікування.,Čekárna byla plná.,Зал ожидания был полон.,Зала очікування була повна.
1403,daň,сущ.,ж.р.,daně,B1,Документы и госучреждения,налог,податок,tax,,tax,https://loremflickr.com/640/480/tax,Platím daně každý rok.,Я плачу налоги каждый год.,Я плачу податки щороку.,Daň z příjmu je patnáct procent.,Подоходный налог пятнадцать процентов.,Податок на доходи п'ятнадцять відсотків.
1404,doklad,сущ.,м.р.,dokladu,B1,Документы и госучреждения,документ,документ,document,,document,https://loremflickr.com/640/480/document,"Ukažte mi doklady, prosím.","Покажите документы, пожалуйста.","Покажіть документи, будь ласка.",Ztratil jsem doklady.,Я потерял документы.,Я загубив документи.
1405,dotaz,сущ.,м.р.,dotazu,B1,Документы и госучреждения,запрос; вопрос,запит,query; question,,,,Mám jeden dotaz.,У меня один вопрос.,У мене одне питання.,Poslal jsem dotaz e-mailem.,Я отправил запрос по почте.,Я надіслав запит поштою.
1406,formulář,сущ.,м.р.,formuláře,B1,Документы и госучреждения,бланк; форма,бланк,form,,"form,paperwork","https://loremflickr.com/640/480/form,paperwork",Vyplňte tento formulář.,Заполните эту анкету.,Заповніть цю анкету.,Formulář je online.,Анкета онлайн.,Анкета онлайн.
1407,lhůta,сущ.,ж.р.,lhůty,B1,Документы и госучреждения,срок,термін,deadline; time limit,,deadline,https://loremflickr.com/640/480/deadline,Lhůta je třicet dní.,Срок — тридцать дней.,Термін — тридцять днів.,Nestihl jsem lhůtu.,Я не успел в срок.,Я не встиг у термін.
1408,návod,сущ.,м.р.,návodu,B1,Документы и госучреждения,инструкция,інструкція,instructions; manual,,manual,https://loremflickr.com/640/480/manual,Přečti si návod.,Прочитай инструкцию.,Прочитай інструкцію.,Návod je jen v češtině.,Инструкция только на чешском.,Інструкція лише чеською.
1409,notář,сущ.,м.р.,notáře,B1,Документы и госучреждения,нотариус,нотаріус,notary,,notary,https://loremflickr.com/640/480/notary,Byl jsem u notáře.,Я был у нотариуса.,Я був у нотаріуса.,Notář to musí ověřit.,Нотариус должен это заверить.,Нотаріус має це засвідчити.
1410,občan,сущ.,м.р.,občana,B1,Документы и госучреждения,гражданин,громадянин,citizen,,citizen,https://loremflickr.com/640/480/citizen,Jsem občan Ukrajiny.,Я гражданин Украины.,Я громадянин України.,Občané mají právo volit.,Граждане имеют право голосовать.,Громадяни мають право голосувати.
1411,občanství,сущ.,ср.р.,občanství,B1,Документы и госучреждения,гражданство,громадянство,citizenship,,"citizenship,passport","https://loremflickr.com/640/480/citizenship,passport",Žádám o občanství.,Я подаю на гражданство.,Я подаю на громадянство.,Má dvojí občanství.,У него двойное гражданство.,У нього подвійне громадянство.
1412,objednat se,гл.,сов.,,B1,Документы и госучреждения,записаться (на приём),записатися,to make an appointment,,,,Objednal jsem se k lékaři.,Я записался к врачу.,Я записався до лікаря.,Musíte se objednat předem.,Вам нужно записаться заранее.,Вам треба записатися заздалегідь.
1413,originál,сущ.,м.р.,originálu,B1,Документы и госучреждения,оригинал,оригінал,original,,"original,document","https://loremflickr.com/640/480/original,document",Přineste originál dokumentu.,Принесите оригинал документа.,Принесіть оригінал документа.,Originál si nechte.,Оригинал оставьте себе.,Оригінал залиште собі.
1414,oznámení,сущ.,ср.р.,oznámení,B1,Документы и госучреждения,объявление; уведомление,оголошення,notice; announcement,,announcement,https://loremflickr.com/640/480/announcement,Dostal jsem oznámení z úřadu.,Я получил уведомление из учреждения.,Я отримав повідомлення з установи.,Oznámení visí na dveřích.,Объявление висит на двери.,Оголошення висить на дверях.
1415,platnost,сущ.,ж.р.,platnosti,B1,Документы и госучреждения,срок действия,термін дії,validity,,,,Platnost víza končí v květnu.,Срок действия визы истекает в мае.,Термін дії візи спливає в травні.,Zkontroluj platnost pasu.,Проверь срок действия паспорта.,Перевір термін дії паспорта.
1416,pobyt,сущ.,м.р.,pobytu,B1,Документы и госучреждения,пребывание; ВНЖ,перебування,stay; residence,,,,Mám povolení k pobytu.,У меня есть разрешение на пребывание.,У мене є дозвіл на перебування.,Prodlužuji si pobyt.,Я продлеваю пребывание.,Я продовжую перебування.
1417,podat,гл.,сов.,,B1,Документы и госучреждения,подать,подати,to submit; to hand in,,,,Podal jsem žádost.,Я подал заявление.,Я подав заяву.,Kde se podává žádost?,Где подаётся заявление?,Де подається заява?
1418,podepsat,гл.,сов.,,B1,Документы и госучреждения,подписать,підписати,to sign,,signing,https://loremflickr.com/640/480/signing,Podepište to tady.,Подпишите здесь.,Підпишіть тут.,Podepsal jsem smlouvu.,Я подписал договор.,Я підписав договір.
1419,podpis,сущ.,м.р.,podpisu,B1,Документы и госучреждения,подпись,підпис,signature,,signature,https://loremflickr.com/640/480/signature,Chybí tu váš podpis.,Здесь не хватает вашей подписи.,Тут бракує вашого підпису.,Podpis musí být ověřený.,Подпись должна быть заверена.,Підпис має бути засвідчений.
1420,pokuta,сущ.,ж.р.,pokuty,B1,Документы и госучреждения,штраф,штраф,fine; penalty,,"fine,ticket","https://loremflickr.com/640/480/fine,ticket",Dostal jsem pokutu.,Я получил штраф.,Я отримав штраф.,Pokuta je tisíc korun.,Штраф тысяча крон.,Штраф тисяча крон.
1421,poplatek,сущ.,м.р.,poplatku,B1,Документы и госучреждения,сбор; пошлина,збір; мито,fee; charge,,fee,https://loremflickr.com/640/480/fee,Musím zaplatit poplatek.,Мне нужно заплатить пошлину.,Мені треба сплатити збір.,Poplatek je pět set korun.,Сбор пятьсот крон.,Збір п'ятсот крон.
1422,potvrzení,сущ.,ср.р.,potvrzení,B1,Документы и госучреждения,справка; подтверждение,довідка; підтвердження,confirmation; certificate,,certificate,https://loremflickr.com/640/480/certificate,Potřebuji potvrzení o příjmu.,Мне нужна справка о доходах.,Мені потрібна довідка про доходи.,Dostal jsem potvrzení e-mailem.,Я получил подтверждение по почте.,Я отримав підтвердження поштою.
1423,povolení k pobytu,сущ.,ср.р.,povolení k pobytu,B1,Документы и госучреждения,разрешение на пребывание,дозвіл на перебування,residence permit,,residencepermit,https://loremflickr.com/640/480/residencepermit,Žádám o povolení k pobytu.,Я подаю на разрешение на пребывание.,Я подаю на дозвіл на перебування.,Povolení k pobytu platí dva roky.,Разрешение на пребывание действует два года.,Дозвіл на перебування діє два роки.
1424,poznámka,сущ.,ж.р.,poznámky,B1,Документы и госучреждения,заметка; примечание,нотатка; примітка,note; remark,,note,https://loremflickr.com/640/480/note,Udělal jsem si poznámky.,Я сделал заметки.,Я зробив нотатки.,Přečti si poznámku dole.,Прочитай примечание внизу.,Прочитай примітку внизу.
1425,právo,сущ.,ср.р.,práva,B1,Документы и госучреждения,право,право,law; right,,law,https://loremflickr.com/640/480/law,Máte právo mlčet.,Вы имеете право молчать.,Ви маєте право мовчати.,Studuje právo.,Он изучает право.,Він вивчає право.
1426,průkaz,сущ.,м.р.,průkazu,B1,Документы и госучреждения,удостоверение,посвідчення,ID card; pass,,idcard,https://loremflickr.com/640/480/idcard,Ukažte průkaz totožnosti.,Покажите удостоверение личности.,Покажіть посвідчення особи.,Ztratil jsem průkaz.,Я потерял удостоверение.,Я загубив посвідчення.
1427,razítko,сущ.,ср.р.,razítka,B1,Документы и госучреждения,печать; штамп,печатка; штамп,stamp,,rubberstamp,https://loremflickr.com/640/480/rubberstamp,Chybí tu razítko.,Здесь не хватает печати.,Тут бракує печатки.,Dokument musí mít razítko.,На документе должна быть печать.,На документі має бути печатка.
1428,rodné číslo,сущ.,ср.р.,rodného čísla,B1,Документы и госучреждения,личный номер (в ЧР),особистий номер,birth number (Czech ID number),Аналог ИНН в Чехии,,,Napište své rodné číslo.,Напишите свой личный номер.,Напишіть свій особистий номер.,Rodné číslo mají všichni obyvatelé.,Личный номер есть у всех жителей.,Особистий номер мають усі мешканці.
1429,řidičský průkaz,сущ.,м.р.,řidičského průkazu,B1,Документы и госучреждения,водительские права,водійське посвідчення,driving licence,,drivinglicence,https://loremflickr.com/640/480/drivinglicence,Mám český řidičský průkaz.,У меня чешские водительские права.,У мене чеські водійські права.,Řidičský průkaz platí deset let.,Права действуют десять лет.,Права дійсні десять років.
1430,soud,сущ.,м.р.,soudu,B1,Документы и госучреждения,суд,суд,court,,court,https://loremflickr.com/640/480/court,Šel jsem k soudu.,Я пошёл в суд.,Я пішов до суду.,Soud rozhodl v můj prospěch.,Суд решил в мою пользу.,Суд вирішив на мою користь.
1431,trvalý pobyt,сущ.,м.р.,trvalého pobytu,B1,Документы и госучреждения,ПМЖ,постійне проживання,permanent residence,,,,Žádám o trvalý pobyt.,Я подаю на ПМЖ.,Я подаю на ПМП.,Trvalý pobyt mám pět let.,ПМЖ у меня пять лет.,ПМП у мене п'ять років.
1432,upozornění,сущ.,ср.р.,upozornění,B1,Документы и госучреждения,предупреждение; уведомление,попередження,warning; notice,,warning,https://loremflickr.com/640/480/warning,Dostal jsem upozornění.,Я получил предупреждение.,Я отримав попередження.,Přečti si upozornění.,Прочитай предупреждение.,Прочитай попередження.
1433,zákon,сущ.,м.р.,zákona,B1,Документы и госучреждения,закон,закон,law; act,,"law,book","https://loremflickr.com/640/480/law,book",Zákon platí od ledna.,Закон действует с января.,Закон діє з січня.,Neznalost zákona neomlouvá.,Незнание закона не освобождает.,Незнання закону не звільняє.
1434,zdravotní pojištění,сущ.,ср.р.,zdravotního pojištění,B1,Документы и госучреждения,медицинская страховка,медичне страхування,health insurance,,healthinsurance,https://loremflickr.com/640/480/healthinsurance,Musím platit zdravotní pojištění.,Я должен платить медицинскую страховку.,Я мушу платити медичне страхування.,Bez pojištění to nejde.,Без страховки нельзя.,Без страхування не можна.
1435,žádat,гл.,несов.,,B1,Документы и госучреждения,просить; подавать заявление,просити; подавати заяву,to request; to apply,,,,Žádám o povolení.,Я прошу разрешения.,Я прошу дозволу.,Žádám vás o pomoc.,Я прошу вас о помощи.,Я прошу вас про допомогу.
1436,žádost,сущ.,ж.р.,žádosti,B1,Документы и госучреждения,заявление; ходатайство,заява; клопотання,application; request,,"application,form","https://loremflickr.com/640/480/application,form",Podal jsem žádost o vízum.,Я подал заявление на визу.,Я подав заяву на візу.,Žádost byla schválena.,Заявление одобрено.,Заяву схвалено.
1437,chata,сущ.,ж.р.,chaty,B1,Дом и жильё,дача; домик,дача,cottage; cabin,,cottage,https://loremflickr.com/640/480/cottage,Jedeme na chatu.,Мы едем на дачу.,Ми їдемо на дачу.,Chata je v lese.,Домик в лесу.,Хатина в лісі.
1438,klika,сущ.,ж.р.,kliky,B1,Дом и жильё,дверная ручка; везение,дверна ручка; щастя,door handle; luck,,doorhandle,https://loremflickr.com/640/480/doorhandle,Klika u dveří je rozbitá.,Дверная ручка сломана.,Дверна ручка зламана.,Měl jsem kliku.,Мне повезло.,Мені пощастило.
1439,majitel,сущ.,м.р.,majitele,B1,Дом и жильё,владелец,власник,owner,,owner,https://loremflickr.com/640/480/owner,Majitel bytu je Čech.,Владелец квартиры чех.,Власник квартири чех.,Zeptám se majitele.,Я спрошу у владельца.,Я запитаю у власника.
1440,malovat,гл.,несов.,,B1,Дом и жильё,красить (стены); рисовать,фарбувати; малювати,to paint,,painting,https://loremflickr.com/640/480/painting,Maluju byt.,Я крашу квартиру.,Я фарбую квартиру.,Dcera ráda maluje.,Дочь любит рисовать.,Дочка любить малювати.
1441,nájem,сущ.,м.р.,nájmu,B1,Дом и жильё,аренда,оренда,rent; lease,,rent,https://loremflickr.com/640/480/rent,Nájem platím prvního.,Аренду я плачу первого числа.,Оренду я плачу першого числа.,Nájem je pořád dražší.,Аренда всё дороже.,Оренда все дорожча.
1442,nájemné,сущ.,ср.р.,nájemného,B1,Дом и жильё,арендная плата,орендна плата,rent (payment),,"rent,money","https://loremflickr.com/640/480/rent,money",Nájemné je patnáct tisíc.,Арендная плата пятнадцать тысяч.,Орендна плата п'ятнадцять тисяч.,Zvýšili nájemné.,Повысили арендную плату.,Підвищили орендну плату.
1443,nářadí,сущ.,ср.р.,nářadí,B1,Дом и жильё,инструменты,інструменти,tools,,tools,https://loremflickr.com/640/480/tools,Půjč mi nářadí.,Одолжи мне инструменты.,Позич мені інструменти.,Nářadí mám ve sklepě.,Инструменты у меня в подвале.,Інструменти в мене в підвалі.
1444,panelák,сущ.,м.р.,paneláku,B1,Дом и жильё,панельный дом,панельний будинок,prefab block of flats,Типичное чешское жильё,panelbuilding,https://loremflickr.com/640/480/panelbuilding,Bydlím v paneláku.,Я живу в панельном доме.,Я живу в панельному будинку.,Panelák je z 70. let.,Панельный дом 70-х годов.,Панельний будинок 70-х років.
1445,pronajmout,гл.,сов.,,B1,Дом и жильё,сдать; снять в аренду,здати; орендувати,to rent; to let,,,,Pronajal jsem si byt.,Я снял квартиру.,Я орендував квартиру.,Pronajímá byt studentům.,Он сдаёт квартиру студентам.,Він здає квартиру студентам.
1446,stěhovat se,гл.,несов.,,B1,Дом и жильё,переезжать,переїжджати,to move (house),,"moving,boxes","https://loremflickr.com/640/480/moving,boxes",Stěhujeme se do Brna.,Мы переезжаем в Брно.,Ми переїжджаємо до Брна.,Stěhuji se příští měsíc.,Я переезжаю в следующем месяце.,Я переїжджаю наступного місяця.
1447,stěhování,сущ.,ср.р.,stěhování,B1,Дом и жильё,переезд,переїзд,moving; relocation,,"moving,boxes","https://loremflickr.com/640/480/moving,boxes",Stěhování bylo náročné.,Переезд был тяжёлым.,Переїзд був важким.,Pomůžeš mi se stěhováním?,Поможешь мне с переездом?,Допоможеш мені з переїздом?
1448,vypínač,сущ.,м.р.,vypínače,B1,Дом и жильё,выключатель,вимикач,light switch,,lightswitch,https://loremflickr.com/640/480/lightswitch,Vypínač je u dveří.,Выключатель у двери.,Вимикач біля дверей.,Vypínač nefunguje.,Выключатель не работает.,Вимикач не працює.
1449,žárovka,сущ.,ж.р.,žárovky,B1,Дом и жильё,лампочка,лампочка,light bulb,,lightbulb,https://loremflickr.com/640/480/lightbulb,Musím vyměnit žárovku.,Мне нужно заменить лампочку.,Мені треба замінити лампочку.,Žárovka praskla.,Лампочка перегорела.,Лампочка перегоріла.
1450,had,сущ.,м.р.,hada,B1,Животные,змея,змія,snake,,snake,https://loremflickr.com/640/480/snake,V trávě byl had.,В траве была змея.,У траві була змія.,Bojím se hadů.,Я боюсь змей.,Я боюся змій.
1451,komár,сущ.,м.р.,komára,B1,Животные,комар,комар,mosquito,,mosquito,https://loremflickr.com/640/480/mosquito,Kousl mě komár.,Меня укусил комар.,Мене вкусив комар.,V létě jsou komáři.,Летом комары.,Влітку комарі.
1452,liška,сущ.,ж.р.,lišky,B1,Животные,лиса,лисиця,fox,,fox,https://loremflickr.com/640/480/fox,V lese jsme viděli lišku.,В лесу мы видели лису.,У лісі ми бачили лисицю.,Liška je chytrá.,Лиса хитрая.,Лисиця хитра.
1453,moucha,сущ.,ж.р.,mouchy,B1,Животные,муха,муха,fly,,"fly,insect","https://loremflickr.com/640/480/fly,insect",V kuchyni létá moucha.,На кухне летает муха.,На кухні літає муха.,Mouchy mě otravují.,Мухи меня раздражают.,Мухи мене дратують.
1454,pavouk,сущ.,м.р.,pavouka,B1,Животные,паук,павук,spider,,spider,https://loremflickr.com/640/480/spider,Na stěně je pavouk.,На стене паук.,На стіні павук.,Nebojím se pavouků.,Я не боюсь пауков.,Я не боюся павуків.
1455,včela,сущ.,ж.р.,včely,B1,Животные,пчела,бджола,bee,,bee,https://loremflickr.com/640/480/bee,Včela dělá med.,Пчела делает мёд.,Бджола робить мед.,Bodla mě včela.,Меня ужалила пчела.,Мене вжалила бджола.
1456,veverka,сущ.,ж.р.,veverky,B1,Животные,белка,білка,squirrel,,squirrel,https://loremflickr.com/640/480/squirrel,V parku je veverka.,В парке белка.,У парку білка.,Veverka sbírá oříšky.,Белка собирает орешки.,Білка збирає горішки.
1457,vlk,сущ.,м.р.,vlka,B1,Животные,волк,вовк,wolf,,wolf,https://loremflickr.com/640/480/wolf,V horách žijí vlci.,В горах живут волки.,У горах живуть вовки.,Vlk je divoké zvíře.,Волк — дикое животное.,Вовк — дика тварина.
1458,zajíc,сущ.,м.р.,zajíce,B1,Животные,заяц,заєць,hare,,hare,https://loremflickr.com/640/480/hare,Na poli běžel zajíc.,В поле бежал заяц.,У полі біг заєць.,Zajíc je rychlý.,Заяц быстрый.,Заєць швидкий.
1459,alergie,сущ.,ж.р.,alergie,B1,Здоровье,аллергия,алергія,allergy,,allergy,https://loremflickr.com/640/480/allergy,Mám alergii na pyl.,У меня аллергия на пыльцу.,У мене алергія на пилок.,Alergie mě trápí na jaře.,Аллергия мучает меня весной.,Алергія мучить мене навесні.
1460,dieta,сущ.,ж.р.,diety,B1,Здоровье,диета,дієта,diet,,diet,https://loremflickr.com/640/480/diet,Držím dietu.,Я на диете.,Я на дієті.,Dieta mi pomohla.,Диета мне помогла.,Дієта мені допомогла.
1461,léčit,гл.,несов.,,B1,Здоровье,лечить,лікувати,to treat; to cure,,,,Léčím se s tlakem.,Я лечусь от давления.,Я лікуюся від тиску.,Lékař mě léčí.,Врач меня лечит.,Лікар мене лікує.
1462,nachlazení,сущ.,ср.р.,nachlazení,B1,Здоровье,простуда,застуда,cold (illness),,"cold,illness","https://loremflickr.com/640/480/cold,illness",Mám nachlazení.,У меня простуда.,У мене застуда.,Nachlazení trvá týden.,Простуда длится неделю.,Застуда триває тиждень.
1463,neschopenka,сущ.,ж.р.,neschopenky,B1,Здоровье,больничный лист,лікарняний,sick note,,sicknote,https://loremflickr.com/640/480/sicknote,Lékař mi dal neschopenku.,Врач дал мне больничный.,Лікар дав мені лікарняний.,Jsem na neschopence.,Я на больничном.,Я на лікарняному.
1464,nevolnost,сущ.,ж.р.,nevolnosti,B1,Здоровье,тошнота,нудота,nausea,,nausea,https://loremflickr.com/640/480/nausea,Mám nevolnost.,Меня тошнит.,Мене нудить.,Nevolnost přešla.,Тошнота прошла.,Нудота минула.
1465,očkování,сущ.,ср.р.,očkování,B1,Здоровье,прививка,щеплення,vaccination,,vaccination,https://loremflickr.com/640/480/vaccination,Potřebuji očkování.,Мне нужна прививка.,Мені потрібне щеплення.,Očkování je zdarma.,Прививка бесплатная.,Щеплення безкоштовне.
1466,operace,сущ.,ж.р.,operace,B1,Здоровье,операция,операція,operation; surgery,,surgery,https://loremflickr.com/640/480/surgery,Čeká mě operace.,Мне предстоит операция.,Мене чекає операція.,Operace dopadla dobře.,Операция прошла хорошо.,Операція пройшла добре.
1467,pohotovost,сущ.,ж.р.,pohotovosti,B1,Здоровье,неотложная помощь,швидка допомога,emergency service,,emergency,https://loremflickr.com/640/480/emergency,Jel jsem na pohotovost.,Я поехал в неотложку.,Я поїхав до невідкладної.,Pohotovost je otevřená nonstop.,Неотложка работает круглосуточно.,Невідкладна працює цілодобово.
1468,pojištění,сущ.,ср.р.,pojištění,B1,Здоровье,страховка,страхування,insurance,,insurance,https://loremflickr.com/640/480/insurance,Mám pojištění.,У меня есть страховка.,У мене є страхування.,Pojištění pokryje léčbu.,Страховка покроет лечение.,Страхування покриє лікування.
1469,pojišťovna,сущ.,ж.р.,pojišťovny,B1,Здоровье,страховая компания,страхова компанія,insurance company,,insurancecompany,https://loremflickr.com/640/480/insurancecompany,Změnil jsem pojišťovnu.,Я сменил страховую.,Я змінив страхову.,Pojišťovna to zaplatí.,Страховая это оплатит.,Страхова це оплатить.
1470,praktický lékař,сущ.,м.р.,praktického lékaře,B1,Здоровье,терапевт; семейный врач,сімейний лікар,general practitioner,,generalpractitioner,https://loremflickr.com/640/480/generalpractitioner,Musím k praktickému lékaři.,Мне нужно к терапевту.,Мені треба до сімейного лікаря.,Praktický lékař mě poslal ke specialistovi.,Терапевт направил меня к специалисту.,Сімейний лікар направив мене до спеціаліста.
1471,předpis,сущ.,м.р.,předpisu,B1,Здоровье,рецепт (на лекарство); предписание,рецепт; припис,prescription,Отличать от recept (кулинарный),prescription,https://loremflickr.com/640/480/prescription,Léky jsou na předpis.,Лекарства по рецепту.,Ліки за рецептом.,Napsal mi předpis.,Он выписал мне рецепт.,Він виписав мені рецепт.
1472,spánek,сущ.,м.р.,spánku,B1,Здоровье,сон,сон,sleep,,sleep,https://loremflickr.com/640/480/sleep,Mám málo spánku.,У меня мало сна.,У мене мало сну.,Spánek je důležitý.,Сон важен.,Сон важливий.
1473,specialista,сущ.,м.р.,specialisty,B1,Здоровье,специалист,спеціаліст,specialist,,specialist,https://loremflickr.com/640/480/specialist,Objednal jsem se ke specialistovi.,Я записался к специалисту.,Я записався до спеціаліста.,Specialista mě vyšetřil.,Специалист меня осмотрел.,Спеціаліст мене оглянув.
1474,tlak,сущ.,м.р.,tlaku,B1,Здоровье,давление,тиск,pressure,,bloodpressure,https://loremflickr.com/640/480/bloodpressure,Mám vysoký tlak.,У меня высокое давление.,У мене високий тиск.,Změřte mi tlak.,Измерьте мне давление.,Виміряйте мені тиск.
1475,uzdravit se,гл.,сов.,,B1,Здоровье,выздороветь,одужати,to recover,,,,Brzy se uzdravíš.,Ты скоро выздоровеешь.,Ти скоро одужаєш.,Uzdravil jsem se za týden.,Я выздоровел за неделю.,Я одужав за тиждень.
1476,únava,сущ.,ж.р.,únavy,B1,Здоровье,усталость,втома,tiredness; fatigue,,tired,https://loremflickr.com/640/480/tired,Cítím velkou únavu.,Я чувствую сильную усталость.,Я відчуваю велику втому.,Únava je z práce.,Усталость от работы.,Втома від роботи.
1477,úraz,сущ.,м.р.,úrazu,B1,Здоровье,травма,травма,injury,,injury,https://loremflickr.com/640/480/injury,Měl jsem úraz v práci.,У меня была травма на работе.,У мене була травма на роботі.,Po úrazu jsem nemohl chodit.,После травмы я не мог ходить.,Після травми я не міг ходити.
1478,vyšetření,сущ.,ср.р.,vyšetření,B1,Здоровье,обследование,обстеження,examination; check-up,,medicalexamination,https://loremflickr.com/640/480/medicalexamination,Jdu na vyšetření.,Я иду на обследование.,Я йду на обстеження.,Vyšetření bylo v pořádku.,Обследование было в порядке.,Обстеження було в порядку.
1479,závrať,сущ.,ж.р.,závrati,B1,Здоровье,головокружение,запаморочення,dizziness,,dizziness,https://loremflickr.com/640/480/dizziness,Mám závrať.,У меня кружится голова.,У мене паморочиться голова.,Závrať přišla náhle.,Головокружение пришло внезапно.,Запаморочення прийшло раптово.
1480,zlomit,гл.,сов.,,B1,Здоровье,сломать,зламати,to break,,,,Zlomil jsem si ruku.,Я сломал руку.,Я зламав руку.,Nezlom si nohu.,Не сломай ногу.,Не зламай ногу.
1481,zranění,сущ.,ср.р.,zranění,B1,Здоровье,ранение; травма,поранення,injury; wound,,wound,https://loremflickr.com/640/480/wound,Má vážné zranění.,У него серьёзная травма.,У нього серйозне поранення.,Zranění se hojí.,Травма заживает.,Поранення загоюється.
1482,elektřina,сущ.,ж.р.,elektřiny,B1,Мебель и быт,электричество,електрика,electricity,,electricity,https://loremflickr.com/640/480/electricity,Platím za elektřinu.,Я плачу за электричество.,Я плачу за електрику.,Elektřina zdražila.,Электричество подорожало.,Електрика подорожчала.
1483,myčka,сущ.,ж.р.,myčky,B1,Мебель и быт,посудомоечная машина,посудомийка,dishwasher,,dishwasher,https://loremflickr.com/640/480/dishwasher,Dej nádobí do myčky.,Положи посуду в посудомойку.,Поклади посуд у посудомийку.,Myčka nefunguje.,Посудомойка не работает.,Посудомийка не працює.
1484,odpadky,сущ.,мн.ч.,odpadků,B1,Мебель и быт,мусор,сміття,rubbish; garbage,,garbage,https://loremflickr.com/640/480/garbage,Vynes odpadky.,Вынеси мусор.,Винеси сміття.,Odpadky třídíme.,Мы сортируем мусор.,Ми сортуємо сміття.
1485,plyn,сущ.,м.р.,plynu,B1,Мебель и быт,газ,газ,gas,,gas,https://loremflickr.com/640/480/gas,Platíme za plyn.,Мы платим за газ.,Ми платимо за газ.,Cítím plyn.,Я чувствую запах газа.,Я відчуваю запах газу.
1486,topení,сущ.,ср.р.,topení,B1,Мебель и быт,отопление,опалення,heating,,"heating,radiator","https://loremflickr.com/640/480/heating,radiator",Topení nefunguje.,Отопление не работает.,Опалення не працює.,Zapni topení.,Включи отопление.,Увімкни опалення.
1487,vysavač,сущ.,м.р.,vysavače,B1,Мебель и быт,пылесос,пилосос,vacuum cleaner,,vacuumcleaner,https://loremflickr.com/640/480/vacuumcleaner,Vysavač je rozbitý.,Пылесос сломан.,Пилосос зламаний.,Půjč mi vysavač.,Одолжи мне пылесос.,Позич мені пилосос.
1488,žehlička,сущ.,ж.р.,žehličky,B1,Мебель и быт,утюг,праска,iron,,"iron,clothes","https://loremflickr.com/640/480/iron,clothes",Žehlička je horká.,Утюг горячий.,Праска гаряча.,Kde je žehlička?,Где утюг?,Де праска?
1489,žehlit,гл.,несов.,,B1,Мебель и быт,гладить,прасувати,to iron,,ironing,https://loremflickr.com/640/480/ironing,Nerad žehlím.,Я не люблю гладить.,Я не люблю прасувати.,Vyžehli mi košili.,Погладь мне рубашку.,Попрасуй мені сорочку.
1490,délka,сущ.,ж.р.,délky,B1,Меры и величины,длина,довжина,length,,,,Jaká je délka pokoje?,Какая длина комнаты?,Яка довжина кімнати?,Délka smlouvy je rok.,Срок договора — год.,Тривалість договору — рік.
1491,šířka,сущ.,ж.р.,šířky,B1,Меры и величины,ширина,ширина,width,,,,Šířka dveří je osmdesát centimetrů.,Ширина двери восемьдесят сантиметров.,Ширина дверей вісімдесят сантиметрів.,Změř šířku stolu.,Измерь ширину стола.,Виміряй ширину столу.
1492,celkem,нареч.,,,B1,Наречия,в целом; всего,загалом,in total; altogether,,,,Celkem to stojí tisíc korun.,Всего это стоит тысячу крон.,Загалом це коштує тисячу крон.,Celkem jsem spokojený.,В целом я доволен.,Загалом я задоволений.
1493,dokonce,нареч.,,,B1,Наречия,даже,навіть,even,,,,Byl tam dokonce i šéf.,Там был даже начальник.,Там був навіть начальник.,Dokonce se to naučil.,Он даже это выучил.,Він навіть це вивчив.
1494,naopak,нареч.,,,B1,Наречия,наоборот,навпаки,on the contrary,,,,"Naopak, líbí se mi to.","Наоборот, мне это нравится.","Навпаки, мені це подобається.",Bylo to naopak.,Было наоборот.,Було навпаки.
1495,navíc,нареч.,,,B1,Наречия,к тому же,до того ж,moreover; in addition,,,,Navíc je to levné.,К тому же это дёшево.,До того ж це дешево.,Navíc nemám čas.,К тому же у меня нет времени.,До того ж я не маю часу.
1496,prostě,нареч.,,,B1,Наречия,просто,просто,simply; just,,,,Prostě to nejde.,Просто это невозможно.,Просто це неможливо.,Prostě jsem zapomněl.,Я просто забыл.,Я просто забув.
1497,přesto,нареч.,,,B1,Наречия,всё же; несмотря на это,попри це,nevertheless,,,,"Bylo draho, přesto jsem to koupil.","Было дорого, но я всё же купил.","Було дорого, проте я купив.",Přesto to zkusím.,Всё же я попробую.,Попри це я спробую.
1498,přibližně,нареч.,,,B1,Наречия,приблизительно,приблизно,approximately,,,,Je to přibližně deset kilometrů.,Это примерно десять километров.,Це приблизно десять кілометрів.,Přibližně za hodinu přijdu.,Примерно через час приду.,Приблизно за годину прийду.
1499,rozhodně,нареч.,,,B1,Наречия,решительно; безусловно,рішуче; безумовно,definitely,,,,Rozhodně nesouhlasím.,Я решительно не согласен.,Я рішуче не згоден.,Rozhodně to zkus.,Обязательно попробуй.,Обов'язково спробуй.
1500,skutečně,нареч.,,,B1,Наречия,действительно,дійсно,really; indeed,,,,Skutečně to nevím.,Я действительно не знаю.,Я справді не знаю.,Je to skutečně dobré.,Это действительно хорошо.,Це справді добре.
1501,společně,нареч.,,,B1,Наречия,совместно,спільно,together; jointly,,,,Pracujeme společně.,Мы работаем совместно.,Ми працюємо спільно.,Vyřešíme to společně.,Мы решим это вместе.,Ми вирішимо це разом.
1502,teprve,нареч.,,,B1,Наречия,только (лишь),лише,only; not until,,,,Přišel teprve včera.,Он приехал только вчера.,Він приїхав лише вчора.,Je teprve osm hodin.,Ещё только восемь часов.,Ще тільки восьма година.
1503,vlastně,нареч.,,,B1,Наречия,собственно; на самом деле,власне,actually,,,,Vlastně máš pravdu.,На самом деле ты прав.,Насправді ти маєш рацію.,Vlastně jsem to nevěděl.,Вообще-то я этого не знал.,"Власне, я цього не знав."
1504,zhruba,нареч.,,,B1,Наречия,примерно,приблизно,roughly; about,,,,Je to zhruba pět minut.,Это примерно пять минут.,Це приблизно п'ять хвилин.,Stojí to zhruba tisíc.,Стоит примерно тысячу.,Коштує приблизно тисячу.
1505,zřejmě,нареч.,,,B1,Наречия,видимо,очевидно,apparently,,,,Zřejmě se zpozdil.,"Видимо, он опоздал.","Очевидно, він запізнився.",Zřejmě to nestihneme.,"Видимо, мы не успеем.","Очевидно, ми не встигнемо."
1506,zvlášť,нареч.,,,B1,Наречия,особенно; отдельно,особливо; окремо,especially; separately,,,,Zaplatíme zvlášť.,Заплатим отдельно.,Заплатимо окремо.,Je to zvlášť důležité.,Это особенно важно.,Це особливо важливо.
1507,diplom,сущ.,м.р.,diplomu,B1,Образование,диплом,диплом,diploma,,diploma,https://loremflickr.com/640/480/diploma,Mám diplom z univerzity.,У меня диплом университета.,У мене диплом університету.,Diplom musím nostrifikovat.,Диплом нужно нострифицировать.,Диплом треба нострифікувати.
1508,maturita,сущ.,ж.р.,maturity,B1,Образование,выпускной экзамен,випускний іспит,school-leaving exam,Чешский аналог аттестата зрелости,graduation,https://loremflickr.com/640/480/graduation,Udělal jsem maturitu.,Я сдал выпускной экзамен.,Я склав випускний іспит.,Maturita je v květnu.,Выпускной экзамен в мае.,Випускний іспит у травні.
1509,obor,сущ.,м.р.,oboru,B1,Образование,специальность; отрасль,спеціальність; галузь,field of study; branch,,,,Studuji technický obor.,Я учусь на техническом направлении.,Я навчаюся на технічному напрямі.,Pracuji ve svém oboru.,Я работаю по специальности.,Я працюю за фахом.
1510,přednáška,сущ.,ж.р.,přednášky,B1,Образование,лекция,лекція,lecture,,lecture,https://loremflickr.com/640/480/lecture,Přednáška začíná v deset.,Лекция начинается в десять.,Лекція починається о десятій.,Byla to zajímavá přednáška.,Это была интересная лекция.,Це була цікава лекція.
1511,přihláška,сущ.,ж.р.,přihlášky,B1,Образование,заявление; заявка,заява,application form,,applicationform,https://loremflickr.com/640/480/applicationform,Podal jsem přihlášku na univerzitu.,Я подал заявление в университет.,Я подав заяву до університету.,Přihlášku pošlete do března.,Заявление отправьте до марта.,Заяву надішліть до березня.
1512,semestr,сущ.,м.р.,semestru,B1,Образование,семестр,семестр,semester,,semester,https://loremflickr.com/640/480/semester,Zimní semestr začíná v září.,Зимний семестр начинается в сентябре.,Зимовий семестр починається у вересні.,Semestr trvá čtyři měsíce.,Семестр длится четыре месяца.,Семестр триває чотири місяці.
1513,vysvědčení,сущ.,ср.р.,vysvědčení,B1,Образование,табель; аттестат,табель; атестат,school report,,schoolreport,https://loremflickr.com/640/480/schoolreport,Dostal jsem vysvědčení.,Я получил табель.,Я отримав табель.,Vysvědčení je dobré.,Табель хороший.,Табель гарний.
1514,vzdělání,сущ.,ср.р.,vzdělání,B1,Образование,образование,освіта,education,,education,https://loremflickr.com/640/480/education,Mám vysokoškolské vzdělání.,У меня высшее образование.,У мене вища освіта.,Vzdělání je důležité.,Образование важно.,Освіта важлива.
1515,vzpomenout si,гл.,сов.,,B1,Образование,вспомнить,згадати,to recall; to remember,,,,Nemůžu si vzpomenout.,Я не могу вспомнить.,Я не можу згадати.,Vzpomněl jsem si na to slovo.,Я вспомнил это слово.,Я згадав це слово.
1516,znalost,сущ.,ж.р.,znalosti,B1,Образование,знание,знання,knowledge,,knowledge,https://loremflickr.com/640/480/knowledge,Mám základní znalost češtiny.,У меня базовое знание чешского.,У мене базове знання чеської.,Znalost jazyka je výhoda.,Знание языка — преимущество.,Знання мови — перевага.
1517,diskuse,сущ.,ж.р.,diskuse,B1,Общение и речь,дискуссия,дискусія,discussion,,discussion,https://loremflickr.com/640/480/discussion,Byla to dlouhá diskuse.,Это была долгая дискуссия.,Це була довга дискусія.,Zapoj se do diskuse.,Включайся в дискуссию.,Долучайся до дискусії.
1518,domluvit se,гл.,сов.,,B1,Общение и речь,договориться; объясниться,домовитися,to agree; to communicate,,,,Domluvili jsme se na pátek.,Мы договорились на пятницу.,Ми домовилися на п'ятницю.,Domluvím se anglicky.,Я могу объясниться по-английски.,Я можу порозумітися англійською.
1519,hádat se,гл.,несов.,,B1,Общение и речь,ссориться; спорить,сваритися,to argue; to quarrel,,argument,https://loremflickr.com/640/480/argument,Nehádej se se mnou.,Не спорь со мной.,Не сперечайся зі мною.,Hádali se kvůli penězům.,Они ссорились из-за денег.,Вони сварилися через гроші.
1520,lež,сущ.,ж.р.,lži,B1,Общение и речь,ложь,брехня,lie,,,,Je to lež.,Это ложь.,Це брехня.,Nesnáším lži.,Я ненавижу ложь.,Я ненавиджу брехню.
1521,lhát,гл.,несов.,,B1,Общение и речь,врать,брехати,to lie; to tell lies,,,,Nelži mi.,Не ври мне.,Не бреши мені.,Lhal o svém věku.,Он соврал о своём возрасте.,Він збрехав про свій вік.
1522,mlčet,гл.,несов.,,B1,Общение и речь,молчать,мовчати,to be silent,,silence,https://loremflickr.com/640/480/silence,Radši mlčím.,Я лучше промолчу.,Я краще помовчу.,Mlčel celý večer.,Он молчал весь вечер.,Він мовчав увесь вечір.
1523,názor,сущ.,м.р.,názoru,B1,Общение и речь,мнение,думка,opinion,,,,Jaký je tvůj názor?,Каково твоё мнение?,Яка твоя думка?,Podle mého názoru to nejde.,"По-моему, это невозможно.","На мою думку, це неможливо."
1524,nesouhlasit,гл.,несов.,,B1,Общение и речь,не соглашаться,не погоджуватися,to disagree,,,,Nesouhlasím s tebou.,Я с тобой не согласен.,Я з тобою не згоден.,Nesouhlasím s tím řešením.,Я не согласен с этим решением.,Я не згоден із цим рішенням.
1525,ozvat se,гл.,сов.,,B1,Общение и речь,дать о себе знать; отозваться,обізватися,to get in touch,,,,Ozvi se mi zítra.,Дай о себе знать завтра.,Обізвися до мене завтра.,Ozval se po roce.,Он объявился через год.,Він обізвався через рік.
1526,přízvuk,сущ.,м.р.,přízvuku,B1,Общение и речь,ударение; акцент,наголос; акцент,stress; accent,,,,Mám cizí přízvuk.,У меня иностранный акцент.,У мене іноземний акцент.,Přízvuk je vždycky na první slabice.,Ударение всегда на первом слоге.,Наголос завжди на першому складі.
1527,slíbit,гл.,сов.,,B1,Общение и речь,пообещать,пообіцяти,to promise,,,,"Slíbil jsem, že přijdu.","Я обещал, что приду.","Я пообіцяв, що прийду.",Slib mi to.,Пообещай мне это.,Пообіцяй мені це.
1528,výslovnost,сущ.,ж.р.,výslovnosti,B1,Общение и речь,произношение,вимова,pronunciation,,,,Pracuji na výslovnosti.,Я работаю над произношением.,Я працюю над вимовою.,Výslovnost „ř“ je těžká.,Произношение «ř» трудное.,Вимова «ř» важка.
1529,móda,сущ.,ж.р.,módy,B1,Одежда,мода,мода,fashion,,fashion,https://loremflickr.com/640/480/fashion,Nesleduji módu.,Я не слежу за модой.,Я не стежу за модою.,Móda se rychle mění.,Мода быстро меняется.,Мода швидко змінюється.
1530,oblek,сущ.,м.р.,obleku,B1,Одежда,костюм,костюм,suit,,suit,https://loremflickr.com/640/480/suit,Na svatbu si vezmu oblek.,На свадьбу я надену костюм.,На весілля я одягну костюм.,Oblek je černý.,Костюм чёрный.,Костюм чорний.
1531,dluh,сущ.,м.р.,dluhu,B1,Покупки и деньги,долг,борг,debt,,debt,https://loremflickr.com/640/480/debt,Mám dluh v bance.,У меня долг в банке.,У мене борг у банку.,Splatil jsem dluh.,Я выплатил долг.,Я виплатив борг.
1532,převod,сущ.,м.р.,převodu,B1,Покупки и деньги,перевод (денежный),переказ,transfer (money),,banktransfer,https://loremflickr.com/640/480/banktransfer,Zaplatím bankovním převodem.,Я заплачу банковским переводом.,Я заплачу банківським переказом.,Převod trvá dva dny.,Перевод идёт два дня.,Переказ триває два дні.
1533,reklamace,сущ.,ж.р.,reklamace,B1,Покупки и деньги,рекламация; возврат по гарантии,рекламація,complaint; warranty claim,,complaint,https://loremflickr.com/640/480/complaint,Podal jsem reklamaci.,Я подал рекламацию.,Я подав рекламацію.,Reklamace byla uznána.,Рекламация была признана.,Рекламацію було визнано.
1534,splátka,сущ.,ж.р.,splátky,B1,Покупки и деньги,платёж в рассрочку,платіж у розстрочку,instalment,,instalment,https://loremflickr.com/640/480/instalment,Platím to na splátky.,Я плачу это в рассрочку.,Я плачу це в розстрочку.,Splátka je pět tisíc měsíčně.,Платёж пять тысяч в месяц.,Платіж п'ять тисяч на місяць.
1535,ušetřit,гл.,сов.,,B1,Покупки и деньги,сэкономить,заощадити,to save (money),,"saving,money","https://loremflickr.com/640/480/saving,money",Ušetřil jsem tisíc korun.,Я сэкономил тысячу крон.,Я заощадив тисячу крон.,Snažím se ušetřit.,Я стараюсь экономить.,Я намагаюся заощаджувати.
1536,záloha,сущ.,ж.р.,zálohy,B1,Покупки и деньги,задаток; аванс,завдаток; аванс,deposit; advance,,deposit,https://loremflickr.com/640/480/deposit,Zaplatil jsem zálohu.,Я заплатил задаток.,Я заплатив завдаток.,Záloha je nevratná.,Задаток не возвращается.,Завдаток не повертається.
1537,záruka,сущ.,ж.р.,záruky,B1,Покупки и деньги,гарантия,гарантія,guarantee; warranty,,guarantee,https://loremflickr.com/640/480/guarantee,Máte na to záruku?,У вас на это есть гарантия?,У вас на це є гарантія?,Záruka je dva roky.,Гарантия два года.,Гарантія два роки.
1538,Chtěl bych se objednat,фраза,,,B1,Полезные фразы,Я хотел бы записаться,Я хотів би записатися,,,,,Chtěl bych se objednat.,Я хотел бы записаться.,Я хотів би записатися.,Chtěl bych se objednat na příští týden.,Я хотел бы записаться на следующую неделю.,Я хотів би записатися на наступний тиждень.
1539,tradice (české),сущ.,ж.р.,tradice,B1,Праздники,чешские традиции,чеські традиції,Czech traditions,,"czech,tradition","https://loremflickr.com/640/480/czech,tradition",České tradice jsou zajímavé.,Чешские традиции интересны.,Чеські традиції цікаві.,Vánoční tradice se drží dodnes.,Рождественские традиции держатся до сих пор.,Різдвяні традиції тримаються донині.
1540,během,предл.,,,B1,Предлоги,в течение,протягом,during,,,,Během dne mám čas.,В течение дня у меня есть время.,Протягом дня в мене є час.,Během roku se to změnilo.,За год это изменилось.,Протягом року це змінилося.
1541,díky,предл.,,,B1,Предлоги,благодаря,завдяки,thanks to,,,,Díky tobě jsem to zvládl.,Благодаря тебе я справился.,Завдяки тобі я впорався.,Díky za pomoc.,Спасибо за помощь.,Дякую за допомогу.
1542,kromě,предл.,,,B1,Предлоги,кроме,крім,except,,,,Kromě mě tam nikdo nebyl.,"Кроме меня, там никого не было.","Крім мене, там нікого не було.",Pracuji kromě neděle.,Я работаю кроме воскресенья.,Я працюю крім неділі.
1543,kvůli,предл.,,,B1,Предлоги,из-за; ради,через; заради,because of; for the sake of,,,,Kvůli dešti jsme nešli ven.,Из-за дождя мы не пошли гулять.,Через дощ ми не пішли гуляти.,Dělám to kvůli rodině.,Я делаю это ради семьи.,Я роблю це заради родини.
1544,mimo,предл.,,,B1,Предлоги,вне; кроме,поза; крім,outside; except,,,,Bydlím mimo centrum.,Я живу вне центра.,Я живу поза центром.,Mimo pondělí mám čas.,Кроме понедельника у меня есть время.,Крім понеділка в мене є час.
1545,včetně,предл.,,,B1,Предлоги,включая,включно з,including,,,,Cena je včetně DPH.,Цена включая НДС.,Ціна включно з ПДВ.,Nájem včetně energií.,Аренда включая коммунальные.,Оренда включно з комунальними.
1546,nezlobte se,фраза,,,B1,Приветствия и вежливость,не сердитесь,не гнівайтеся,,,,,"Nezlobte se, ale nemám čas.","Не сердитесь, но у меня нет времени.","Не гнівайтеся, але я не маю часу.",Nezlobte se za to zpoždění.,Не сердитесь за опоздание.,Не гнівайтеся за запізнення.
1547,bezpečný,прил.,,,B1,Прилагательные,безопасный,безпечний,safe,,safety,https://loremflickr.com/640/480/safety,Je to bezpečná čtvrť.,Это безопасный район.,Це безпечний район.,Praha je bezpečné město.,Прага — безопасный город.,Прага — безпечне місто.
1548,běžný,прил.,,,B1,Прилагательные,обычный; распространённый,звичайний; поширений,common; usual,,,,Je to běžná praxe.,Это обычная практика.,Це звичайна практика.,Běžný den vypadá takhle.,Обычный день выглядит так.,Звичайний день виглядає так.
1549,dostatečný,прил.,,,B1,Прилагательные,достаточный,достатній,sufficient,,,,Mám dostatečné znalosti.,У меня достаточные знания.,У мене достатні знання.,Není to dostatečné.,Этого недостаточно.,Цього недостатньо.
1550,hluboký,прил.,,,B1,Прилагательные,глубокий,глибокий,deep,,deep,https://loremflickr.com/640/480/deep,Jezero je hluboké.,Озеро глубокое.,Озеро глибоке.,Je to hluboký problém.,Это глубокая проблема.,Це глибока проблема.
1551,hořký,прил.,,,B1,Прилагательные,горький,гіркий,bitter,,bitter,https://loremflickr.com/640/480/bitter,Káva je hořká.,Кофе горький.,Кава гірка.,Nemám rád hořkou čokoládu.,Я не люблю горький шоколад.,Я не люблю гіркий шоколад.
1552,konkrétní,прил.,,,B1,Прилагательные,конкретный,конкретний,specific; concrete,,,,Dej mi konkrétní příklad.,Дай мне конкретный пример.,Дай мені конкретний приклад.,Mám konkrétní otázku.,У меня конкретный вопрос.,У мене конкретне питання.
1553,nebezpečný,прил.,,,B1,Прилагательные,опасный,небезпечний,dangerous,,danger,https://loremflickr.com/640/480/danger,Je to nebezpečná ulice.,Это опасная улица.,Це небезпечна вулиця.,Není to nebezpečné.,Это не опасно.,Це не небезпечно.
1554,nemožný,прил.,,,B1,Прилагательные,невозможный,неможливий,impossible,,,,To je nemožné.,Это невозможно.,Це неможливо.,Nic není nemožné.,Нет ничего невозможного.,Немає нічого неможливого.
1555,nepříjemný,прил.,,,B1,Прилагательные,неприятный,неприємний,unpleasant,,,,Byl to nepříjemný rozhovor.,Это был неприятный разговор.,Це була неприємна розмова.,Mám nepříjemný pocit.,У меня неприятное чувство.,У мене неприємне відчуття.
1556,neznámý,прил.,,,B1,Прилагательные,неизвестный,невідомий,unknown,,,,Volá mi neznámé číslo.,Мне звонит неизвестный номер.,Мені телефонує невідомий номер.,Je to neznámý autor.,Это неизвестный автор.,Це невідомий автор.
1557,nutný,прил.,,,B1,Прилагательные,необходимый,необхідний,necessary,,,,Je to nutné?,Это необходимо?,Це необхідно?,Nutné doklady mám s sebou.,Необходимые документы у меня с собой.,Необхідні документи в мене з собою.
1558,obecný,прил.,,,B1,Прилагательные,общий,загальний,general,,,,Je to jen obecné pravidlo.,Это лишь общее правило.,Це лише загальне правило.,Mluvíme obecně.,Мы говорим в общем.,Ми говоримо загалом.
1559,obrovský,прил.,,,B1,Прилагательные,огромный,величезний,huge,,huge,https://loremflickr.com/640/480/huge,Je to obrovský rozdíl.,Это огромная разница.,Це величезна різниця.,Mají obrovský dům.,У них огромный дом.,У них величезний будинок.
1560,obyčejný,прил.,,,B1,Прилагательные,обычный,звичайний,ordinary,,,,Je to obyčejný den.,Это обычный день.,Це звичайний день.,Jsem obyčejný člověk.,Я обычный человек.,Я звичайна людина.
1561,ostrý,прил.,,,B1,Прилагательные,острый,гострий,sharp; spicy,,sharp,https://loremflickr.com/640/480/sharp,Nůž je ostrý.,Нож острый.,Ніж гострий.,Je to ostré jídlo.,Это острая еда.,Це гостра їжа.
1562,podobný,прил.,,,B1,Прилагательные,похожий,схожий,similar,,,,Máme podobný problém.,У нас похожая проблема.,У нас схожа проблема.,Jsou si podobní.,Они похожи.,Вони схожі.
1563,přesný,прил.,,,B1,Прилагательные,точный,точний,precise; accurate,,,,Řekni mi přesný čas.,Скажи мне точное время.,Скажи мені точний час.,Potřebuji přesnou adresu.,Мне нужен точный адрес.,Мені потрібна точна адреса.
1564,skutečný,прил.,,,B1,Прилагательные,настоящий; реальный,справжній,real; actual,,,,Je to skutečný problém.,Это настоящая проблема.,Це справжня проблема.,Skutečná cena je vyšší.,Реальная цена выше.,Реальна ціна вища.
1565,slavný,прил.,,,B1,Прилагательные,знаменитый,славетний,famous,,famous,https://loremflickr.com/640/480/famous,Je to slavný spisovatel.,Это знаменитый писатель.,Це відомий письменник.,Praha je slavná svým pivem.,Прага знаменита своим пивом.,Прага відома своїм пивом.
1566,složitý,прил.,,,B1,Прилагательные,сложный,складний,complicated; complex,,,,Je to složitá situace.,Это сложная ситуация.,Це складна ситуація.,Čeština má složitou gramatiku.,У чешского сложная грамматика.,У чеської складна граматика.
1567,soukromý,прил.,,,B1,Прилагательные,частный,приватний,private,,"private,sign","https://loremflickr.com/640/480/private,sign",Je to soukromý pozemek.,Это частная территория.,Це приватна територія.,Mám soukromé pojištění.,У меня частная страховка.,У мене приватне страхування.
1568,tradiční,прил.,,,B1,Прилагательные,традиционный,традиційний,traditional,,traditional,https://loremflickr.com/640/480/traditional,Je to tradiční české jídlo.,Это традиционное чешское блюдо.,Це традиційна чеська страва.,Držíme tradiční Vánoce.,Мы празднуем традиционное Рождество.,Ми святкуємо традиційне Різдво.
1569,užitečný,прил.,,,B1,Прилагательные,полезный,корисний,useful,,,,Je to užitečná informace.,Это полезная информация.,Це корисна інформація.,Ta aplikace je užitečná.,Это приложение полезное.,Цей застосунок корисний.
1570,veřejný,прил.,,,B1,Прилагательные,общественный; публичный,громадський; публічний,public,,public,https://loremflickr.com/640/480/public,Jezdím veřejnou dopravou.,Я езжу общественным транспортом.,Я їжджу громадським транспортом.,Je to veřejná budova.,Это общественное здание.,Це громадська будівля.
1571,vhodný,прил.,,,B1,Прилагательные,подходящий,відповідний,suitable,,,,Je to vhodný čas?,Это подходящее время?,Це слушний час?,Hledám vhodný byt.,Я ищу подходящую квартиру.,Я шукаю відповідну квартиру.
1572,vlastní,прил.,,,B1,Прилагательные,собственный,власний,own,,,,Mám vlastní byt.,У меня своя квартира.,У мене власна квартира.,Je to můj vlastní nápad.,Это моя собственная идея.,Це моя власна ідея.
1573,zbytečný,прил.,,,B1,Прилагательные,ненужный; напрасный,непотрібний,unnecessary; pointless,,,,Je to zbytečné.,Это лишнее.,Це зайве.,Nedělej zbytečnou práci.,Не делай напрасную работу.,Не роби зайвої роботи.
1574,zvláštní,прил.,,,B1,Прилагательные,особый; странный,особливий; дивний,special; strange,,,,Je to zvláštní situace.,Это особая ситуация.,Це особлива ситуація.,Chová se zvláštně.,Он ведёт себя странно.,Він поводиться дивно.
1575,bouře,сущ.,ж.р.,bouře,B1,Природа,буря,буря,storm,,storm,https://loremflickr.com/640/480/storm,Přišla velká bouře.,Пришла сильная буря.,Прийшла сильна буря.,Bouře poškodila střechu.,Буря повредила крышу.,Буря пошкодила дах.
1576,duha,сущ.,ж.р.,duhy,B1,Природа,радуга,веселка,rainbow,,rainbow,https://loremflickr.com/640/480/rainbow,Po dešti byla duha.,После дождя была радуга.,Після дощу була веселка.,Duha má sedm barev.,У радуги семь цветов.,Веселка має сім кольорів.
1577,obloha,сущ.,ж.р.,oblohy,B1,Природа,небо,небо,sky,,sky,https://loremflickr.com/640/480/sky,Obloha je modrá.,Небо синее.,Небо синє.,Na obloze nejsou mraky.,На небе нет облаков.,На небі немає хмар.
1578,ostrov,сущ.,м.р.,ostrova,B1,Природа,остров,острів,island,,island,https://loremflickr.com/640/480/island,Jeli jsme na ostrov.,Мы поехали на остров.,Ми поїхали на острів.,Ostrov je malý.,Остров маленький.,Острів малий.
1579,povodeň,сущ.,ж.р.,povodně,B1,Природа,наводнение,повінь,flood,,flood,https://loremflickr.com/640/480/flood,Povodeň zničila domy.,Наводнение разрушило дома.,Повінь зруйнувала будинки.,V roce 2002 byla povodeň.,В 2002 году было наводнение.,У 2002 році була повінь.
1580,rostlina,сущ.,ж.р.,rostliny,B1,Природа,растение,рослина,plant,,plant,https://loremflickr.com/640/480/plant,Mám doma rostliny.,У меня дома растения.,У мене вдома рослини.,Rostlina potřebuje světlo.,Растению нужен свет.,Рослині потрібне світло.
1581,sucho,сущ.,ср.р.,sucha,B1,Природа,засуха,посуха,drought,,drought,https://loremflickr.com/640/480/drought,Letos je velké sucho.,В этом году сильная засуха.,Цього року сильна посуха.,Sucho škodí zemědělství.,Засуха вредит сельскому хозяйству.,Посуха шкодить сільському господарству.
1582,údolí,сущ.,ср.р.,údolí,B1,Природа,долина,долина,valley,,valley,https://loremflickr.com/640/480/valley,Vesnice leží v údolí.,Деревня лежит в долине.,Село лежить у долині.,Údolí je zelené.,Долина зелёная.,Долина зелена.
1583,větev,сущ.,ж.р.,větve,B1,Природа,ветка,гілка,branch,,"branch,tree","https://loremflickr.com/640/480/branch,tree",Na větvi sedí pták.,На ветке сидит птица.,На гілці сидить птах.,Větev spadla na auto.,Ветка упала на машину.,Гілка впала на машину.
1584,životní prostředí,сущ.,ср.р.,životního prostředí,B1,Природа,окружающая среда,довкілля,environment,,environment,https://loremflickr.com/640/480/environment,Chráníme životní prostředí.,Мы защищаем окружающую среду.,Ми захищаємо довкілля.,Znečištění škodí životnímu prostředí.,Загрязнение вредит окружающей среде.,Забруднення шкодить довкіллю.
1585,architekt,сущ.,м.р.,architekta,B1,Профессии,архитектор,архітектор,architect,,architect,https://loremflickr.com/640/480/architect,Můj bratr je architekt.,Мой брат архитектор.,Мій брат архітектор.,Architekt navrhl dům.,Архитектор спроектировал дом.,Архітектор спроєктував будинок.
1586,dělník,сущ.,м.р.,dělníka,B1,Профессии,рабочий,робітник,worker; labourer,,worker,https://loremflickr.com/640/480/worker,Pracuje jako dělník.,Он работает рабочим.,Він працює робітником.,Hledáme dělníky na stavbu.,Мы ищем рабочих на стройку.,Ми шукаємо робітників на будову.
1587,hasič,сущ.,м.р.,hasiče,B1,Профессии,пожарный,пожежник,firefighter,,firefighter,https://loremflickr.com/640/480/firefighter,Zavolali hasiče.,Вызвали пожарных.,Викликали пожежників.,Hasič zachránil dítě.,Пожарный спас ребёнка.,Пожежник урятував дитину.
1588,novinář,сущ.,м.р.,novináře,B1,Профессии,журналист,журналіст,journalist,,journalist,https://loremflickr.com/640/480/journalist,Je to známý novinář.,Это известный журналист.,Це відомий журналіст.,Novinář napsal článek.,Журналист написал статью.,Журналіст написав статтю.
1589,právník,сущ.,м.р.,právníka,B1,Профессии,юрист,юрист,lawyer,,lawyer,https://loremflickr.com/640/480/lawyer,Potřebuji právníka.,Мне нужен юрист.,Мені потрібен юрист.,Právník mi poradil.,Юрист мне посоветовал.,Юрист мені порадив.
1590,účetní,сущ.,м.р.,účetního,B1,Профессии,бухгалтер,бухгалтер,accountant,,accountant,https://loremflickr.com/640/480/accountant,Máme dobrou účetní.,У нас хороший бухгалтер.,У нас гарний бухгалтер.,Účetní připraví daně.,Бухгалтер подготовит налоги.,Бухгалтер підготує податки.
1591,úředník,сущ.,м.р.,úředníka,B1,Профессии,чиновник; служащий,чиновник,clerk; official,,officeclerk,https://loremflickr.com/640/480/officeclerk,Úředník mi vysvětlil formulář.,Чиновник объяснил мне анкету.,Чиновник пояснив мені анкету.,Mluvil jsem s úředníkem.,Я говорил с чиновником.,Я говорив із чиновником.
1592,vědec,сущ.,м.р.,vědce,B1,Профессии,учёный,науковець,scientist,,scientist,https://loremflickr.com/640/480/scientist,Je to známý vědec.,Это известный учёный.,Це відомий науковець.,Vědci objevili nový lék.,Учёные открыли новое лекарство.,Науковці відкрили нові ліки.
1593,voják,сущ.,м.р.,vojáka,B1,Профессии,солдат,солдат,soldier,,soldier,https://loremflickr.com/640/480/soldier,Byl vojákem dva roky.,Он был солдатом два года.,Він був солдатом два роки.,Vojáci pomáhali lidem.,Солдаты помогали людям.,Солдати допомагали людям.
1594,průvodce,сущ.,м.р.,průvodce,B1,Путешествия,гид; путеводитель,гід; путівник,guide; guidebook,,tourguide,https://loremflickr.com/640/480/tourguide,Máme českého průvodce.,У нас чешский гид.,У нас чеський гід.,Koupil jsem si průvodce Prahou.,Я купил путеводитель по Праге.,Я купив путівник Прагою.
1595,ubytování,сущ.,ср.р.,ubytování,B1,Путешествия,проживание; размещение,проживання,accommodation,,accommodation,https://loremflickr.com/640/480/accommodation,Hledám ubytování v Praze.,Я ищу жильё в Праге.,Я шукаю житло в Празі.,Ubytování je zdarma.,Проживание бесплатное.,Проживання безкоштовне.
1596,zavazadlo,сущ.,ср.р.,zavazadla,B1,Путешествия,багаж,багаж,luggage,,luggage,https://loremflickr.com/640/480/luggage,Mám jedno zavazadlo.,У меня один багаж.,У мене один багаж.,Zavazadla dejte sem.,Багаж поставьте сюда.,Багаж поставте сюди.
1597,brigáda,сущ.,ж.р.,brigády,B1,Работа,подработка,підробіток,part-time job,Ложный друг: не «бригада»,parttimejob,https://loremflickr.com/640/480/parttimejob,Mám brigádu o víkendu.,У меня подработка на выходных.,У мене підробіток на вихідних.,Studenti hledají brigádu.,Студенты ищут подработку.,Студенти шукають підробіток.
1598,čistá mzda,сущ.,ж.р.,čisté mzdy,B1,Работа,зарплата нетто,зарплата нетто,net salary,,"salary,net","https://loremflickr.com/640/480/salary,net",Čistá mzda je třicet tisíc.,Зарплата нетто тридцать тысяч.,Зарплата нетто тридцять тисяч.,Ptali se na čistou mzdu.,Спрашивали про зарплату нетто.,Питали про зарплату нетто.
1599,důchod,сущ.,м.р.,důchodu,B1,Работа,пенсия,пенсія,pension,,pension,https://loremflickr.com/640/480/pension,Otec je v důchodu.,Отец на пенсии.,Батько на пенсії.,Důchod je nízký.,Пенсия низкая.,Пенсія низька.
1600,faktura,сущ.,ж.р.,faktury,B1,Работа,счёт-фактура,рахунок-фактура,invoice,,invoice,https://loremflickr.com/640/480/invoice,Poslal jsem fakturu.,Я отправил счёт-фактуру.,Я надіслав рахунок-фактуру.,Faktura je splatná do 14 dnů.,Счёт подлежит оплате в течение 14 дней.,Рахунок треба сплатити протягом 14 днів.
1601,hrubá mzda,сущ.,ж.р.,hrubé mzdy,B1,Работа,зарплата брутто,зарплата брутто,gross salary,,"salary,gross","https://loremflickr.com/640/480/salary,gross",Hrubá mzda je čtyřicet tisíc.,Зарплата брутто сорок тысяч.,Зарплата брутто сорок тисяч.,Z hrubé mzdy se platí daně.,С зарплаты брутто платятся налоги.,Із зарплати брутто платяться податки.
1602,kariéra,сущ.,ж.р.,kariéry,B1,Работа,карьера,кар'єра,career,,career,https://loremflickr.com/640/480/career,Budují si kariéru.,Они строят карьеру.,Вони будують кар'єру.,Kariéra je pro mě důležitá.,Карьера для меня важна.,Кар'єра для мене важлива.
1603,nezaměstnaný,прил.,,,B1,Работа,безработный,безробітний,unemployed,,unemployed,https://loremflickr.com/640/480/unemployed,Jsem nezaměstnaný.,Я безработный.,Я безробітний.,Nezaměstnaní dostávají podporu.,Безработные получают пособие.,Безробітні отримують допомогу.
1604,podnikat,гл.,несов.,,B1,Работа,вести бизнес,вести бізнес,to run a business,,business,https://loremflickr.com/640/480/business,Podnikám už pět let.,Я веду бизнес уже пять лет.,Я веду бізнес уже п'ять років.,Chci začít podnikat.,Я хочу начать своё дело.,Я хочу почати свою справу.
1605,podnikatel,сущ.,м.р.,podnikatele,B1,Работа,предприниматель,підприємець,entrepreneur,,entrepreneur,https://loremflickr.com/640/480/entrepreneur,Je to úspěšný podnikatel.,Это успешный предприниматель.,Це успішний підприємець.,Podnikatelé platí vyšší daně.,Предприниматели платят более высокие налоги.,Підприємці платять вищі податки.
1606,pohovor,сущ.,м.р.,pohovoru,B1,Работа,собеседование,співбесіда,job interview,,jobinterview,https://loremflickr.com/640/480/jobinterview,Mám zítra pohovor.,У меня завтра собеседование.,У мене завтра співбесіда.,Pohovor dopadl dobře.,Собеседование прошло хорошо.,Співбесіда пройшла добре.
1607,porada,сущ.,ж.р.,porady,B1,Работа,совещание,нарада,meeting,,businessmeeting,https://loremflickr.com/640/480/businessmeeting,Mám poradu v deset.,У меня совещание в десять.,У мене нарада о десятій.,Porada trvala hodinu.,Совещание длилось час.,Нарада тривала годину.
1608,přesčas,сущ.,м.р.,přesčasu,B1,Работа,сверхурочные,понаднормові,overtime,,overtime,https://loremflickr.com/640/480/overtime,Dělám přesčasy.,Я работаю сверхурочно.,Я працюю понаднормово.,Přesčas je placený.,Сверхурочные оплачиваются.,Понаднормові оплачуються.
1609,směna,сущ.,ж.р.,směny,B1,Работа,смена,зміна,shift,,workshift,https://loremflickr.com/640/480/workshift,Mám noční směnu.,У меня ночная смена.,У мене нічна зміна.,Směna začíná v šest.,Смена начинается в шесть.,Зміна починається о шостій.
1610,smlouva,сущ.,ж.р.,smlouvy,B1,Работа,договор,договір,contract,,contract,https://loremflickr.com/640/480/contract,Podepsal jsem smlouvu.,Я подписал договор.,Я підписав договір.,Smlouva je na rok.,Договор на год.,Договір на рік.
1611,společnost,сущ.,ж.р.,společnosti,B1,Работа,компания; общество,компанія; суспільство,company; society,,company,https://loremflickr.com/640/480/company,Pracuji v mezinárodní společnosti.,Я работаю в международной компании.,Я працюю в міжнародній компанії.,Společnost se mění.,Общество меняется.,Суспільство змінюється.
1612,úvazek,сущ.,м.р.,úvazku,B1,Работа,ставка; занятость,ставка; зайнятість,working hours; workload,,,,Mám plný úvazek.,У меня полная занятость.,У мене повна зайнятість.,Hledám poloviční úvazek.,Я ищу полставки.,Я шукаю півставки.
1613,výplata,сущ.,ж.р.,výplaty,B1,Работа,зарплата (выплата),виплата,salary payment,,payslip,https://loremflickr.com/640/480/payslip,Výplata přijde patnáctého.,Зарплата придёт пятнадцатого.,Зарплата прийде п'ятнадцятого.,Čekám na výplatu.,Я жду зарплату.,Я чекаю на зарплату.
1614,výpověď,сущ.,ж.р.,výpovědi,B1,Работа,увольнение; заявление об уходе,звільнення,notice; resignation,,resignation,https://loremflickr.com/640/480/resignation,Dal jsem výpověď.,Я подал заявление об уходе.,Я подав заяву про звільнення.,Výpovědní lhůta je dva měsíce.,Срок уведомления два месяца.,Термін попередження два місяці.
1615,zaměstnanec,сущ.,м.р.,zaměstnance,B1,Работа,работник; сотрудник,працівник,employee,,employee,https://loremflickr.com/640/480/employee,Firma má sto zaměstnanců.,В фирме сто сотрудников.,У фірмі сто працівників.,Jsem zaměstnanec této firmy.,Я сотрудник этой фирмы.,Я працівник цієї фірми.
1616,zaměstnavatel,сущ.,м.р.,zaměstnavatele,B1,Работа,работодатель,роботодавець,employer,,employer,https://loremflickr.com/640/480/employer,Můj zaměstnavatel platí pojištění.,Мой работодатель платит страховку.,Мій роботодавець платить страхування.,Zeptej se zaměstnavatele.,Спроси у работодателя.,Запитай у роботодавця.
1617,zkušenost,сущ.,ж.р.,zkušenosti,B1,Работа,опыт,досвід,experience,,experience,https://loremflickr.com/640/480/experience,Mám pětiletou zkušenost.,У меня пятилетний опыт.,У мене п'ятирічний досвід.,Byla to dobrá zkušenost.,Это был хороший опыт.,Це був гарний досвід.
1618,živnostník,сущ.,м.р.,živnostníka,B1,Работа,ИП; частный предприниматель,фізична особа-підприємець,self-employed person,Чешская форма živnostenský list,selfemployed,https://loremflickr.com/640/480/selfemployed,Jsem živnostník.,Я частный предприниматель.,Я фізична особа-підприємець.,Živnostník si platí pojištění sám.,ИП платит страховку сам.,ФОП платить страхування сам.
1619,životopis,сущ.,м.р.,životopisu,B1,Работа,резюме; CV,резюме,CV; résumé,,"resume,cv","https://loremflickr.com/640/480/resume,cv",Poslal jsem životopis.,Я отправил резюме.,Я надіслав резюме.,Životopis musí být v češtině.,Резюме должно быть на чешском.,Резюме має бути чеською.
1620,předkrm,сущ.,м.р.,předkrmu,B1,Ресторан,закуска,закуска,starter; appetiser,,appetizer,https://loremflickr.com/640/480/appetizer,Dáme si předkrm.,Мы возьмём закуску.,Ми візьмемо закуску.,Předkrm byl výborný.,Закуска была отличная.,Закуска була чудова.
1621,spropitné,сущ.,ср.р.,spropitného,B1,Ресторан,чаевые,чайові,tip (gratuity),,"tip,restaurant","https://loremflickr.com/640/480/tip,restaurant",Nechal jsem spropitné.,Я оставил чаевые.,Я залишив чайові.,Spropitné je asi deset procent.,Чаевые около десяти процентов.,Чайові близько десяти відсотків.
1622,dvojčata,сущ.,мн.ч.,dvojčat,B1,Семья и люди,близнецы,близнюки,twins,,twins,https://loremflickr.com/640/480/twins,Mají dvojčata.,У них близнецы.,У них близнюки.,Dvojčata jsou si podobná.,Близнецы похожи.,Близнюки схожі.
1623,generace,сущ.,ж.р.,generace,B1,Семья и люди,поколение,покоління,generation,,generation,https://loremflickr.com/640/480/generation,Je to jiná generace.,Это другое поколение.,Це інше покоління.,Naše generace to má lehčí.,Нашему поколению легче.,Нашому поколінню легше.
1624,příbuzný,сущ.,м.р.,příbuzného,B1,Семья и люди,родственник,родич,relative,,relatives,https://loremflickr.com/640/480/relatives,Mám tu příbuzné.,У меня здесь родственники.,У мене тут родичі.,Je to vzdálený příbuzný.,Это дальний родственник.,Це далекий родич.
1625,rozvedený,прил.,,,B1,Семья и люди,разведённый,розлучений,divorced,,divorce,https://loremflickr.com/640/480/divorce,Je rozvedený.,Он разведён.,Він розлучений.,Rozvedení rodiče se dohodli.,Разведённые родители договорились.,Розлучені батьки домовилися.
1626,rozvod,сущ.,м.р.,rozvodu,B1,Семья и люди,развод,розлучення,divorce,,divorce,https://loremflickr.com/640/480/divorce,Prošli rozvodem.,Они прошли через развод.,Вони пройшли через розлучення.,Rozvod trval rok.,Развод длился год.,Розлучення тривало рік.
1627,sourozenec,сущ.,м.р.,sourozence,B1,Семья и люди,брат или сестра,брат або сестра,sibling,,siblings,https://loremflickr.com/640/480/siblings,Mám dva sourozence.,У меня два брата/сестры.,У мене двоє братів і сестер.,Nemám žádné sourozence.,У меня нет братьев и сестёр.,У мене немає братів і сестер.
1628,švagr,сущ.,м.р.,švagra,B1,Семья и люди,шурин; деверь,шурин; дівер,brother-in-law,,brotherinlaw,https://loremflickr.com/640/480/brotherinlaw,Můj švagr je Čech.,Мой шурин чех.,Мій шурин чех.,Jedeme ke švagrovi.,Мы едем к шурину.,Ми їдемо до шурина.
1629,tchán,сущ.,м.р.,tchána,B1,Семья и люди,тесть; свёкор,тесть; свекор,father-in-law,,fatherinlaw,https://loremflickr.com/640/480/fatherinlaw,Tchán mi pomohl.,Тесть мне помог.,Тесть мені допоміг.,Tchán je v důchodu.,Тесть на пенсии.,Тесть на пенсії.
1630,tchyně,сущ.,ж.р.,tchyně,B1,Семья и люди,тёща; свекровь,теща; свекруха,mother-in-law,,motherinlaw,https://loremflickr.com/640/480/motherinlaw,Tchyně vaří výborně.,Тёща отлично готовит.,Теща чудово готує.,Jedeme k tchyni.,Мы едем к тёще.,Ми їдемо до тещі.
1631,těhotná,прил.,,,B1,Семья и люди,беременная,вагітна,pregnant,,pregnant,https://loremflickr.com/640/480/pregnant,Sestra je těhotná.,Сестра беременна.,Сестра вагітна.,Těhotná žena má nárok na místo.,Беременная женщина имеет право на место.,Вагітна жінка має право на місце.
1632,vdova,сущ.,ж.р.,vdovy,B1,Семья и люди,вдова,вдова,widow,,widow,https://loremflickr.com/640/480/widow,Sousedka je vdova.,Соседка вдова.,Сусідка вдова.,Vdova žije sama.,Вдова живёт одна.,Вдова живе сама.
1633,ačkoli,союз,,,B1,Союзы,хотя,хоча,although,,,,"Ačkoli prší, jdu ven.","Хотя идёт дождь, я иду гулять.","Хоча йде дощ, я йду надвір.","Ačkoli je drahý, koupím ho.","Хотя он дорогой, я его куплю.","Хоча він дорогий, я його куплю."
1634,dokud,союз,,,B1,Союзы,пока,поки,until; as long as,,,,"Počkej, dokud nepřijdu.","Подожди, пока я не приду.","Зачекай, поки я не прийду.","Dokud můžu, budu pracovat.","Пока могу, буду работать.","Поки можу, працюватиму."
1635,jakmile,союз,,,B1,Союзы,как только,щойно,as soon as,,,,"Jakmile přijdu, zavolám.","Как только приду, позвоню.","Щойно прийду, зателефоную.","Jakmile to bude hotové, dám vědět.","Как только будет готово, дам знать.","Щойно буде готово, дам знати."
1636,pokud,союз,,,B1,Союзы,если,якщо,if,,,,"Pokud můžeš, přijď.","Если можешь, приходи.","Якщо можеш, приходь.","Pokud nebude pršet, půjdeme ven.","Если не будет дождя, пойдём гулять.","Якщо не буде дощу, підемо надвір."
1637,přestože,союз,,,B1,Союзы,несмотря на то что,попри те що,although; even though,,,,"Přestože je pozdě, pracuje.","Несмотря на то что поздно, он работает.","Попри те що пізно, він працює.","Přestože nemluví česky, domluví se.","Хотя он не говорит по-чешски, он объясняется.","Хоча він не говорить чеською, він порозумівається."
1638,tedy,союз,,,B1,Союзы,итак; значит,отже,so; therefore,,,,"Je pozdě, tedy jdeme domů.","Поздно, значит идём домой.","Пізно, отже йдемо додому.","Nepřišel, tedy je nemocný.","Он не пришёл, значит болен.","Він не прийшов, отже хворий."
1639,totiž,союз,,,B1,Союзы,дело в том что; ведь,адже,because; you see,,,,"Nepřijdu, mám totiž práci.","Я не приду, дело в том, что у меня работа.","Я не прийду, адже маю роботу.","Nevěděl to, totiž nikdo mu neřekl.","Он не знал, ведь никто ему не сказал.","Він не знав, адже ніхто йому не сказав."
1640,však,союз,,,B1,Союзы,однако,проте,however,,,,"Chtěl přijít, však nemohl.","Он хотел прийти, однако не смог.","Він хотів прийти, проте не зміг.","Je to drahé, však kvalitní.","Это дорого, однако качественно.","Це дорого, проте якісно."
1641,zatímco,союз,,,B1,Союзы,в то время как,тоді як,while,,,,"Zatímco vařím, ty ukliď.","Пока я готовлю, ты убери.","Поки я готую, ти прибери.","Zatímco pracuje, děti spí.","Пока он работает, дети спят.","Поки він працює, діти сплять."
1642,nudit se,гл.,несов.,,B1,Спорт и досуг,скучать,нудьгувати,to be bored,,bored,https://loremflickr.com/640/480/bored,Nudím se doma.,Я скучаю дома.,Я нудьгую вдома.,Nenudíš se tady?,Тебе тут не скучно?,Тобі тут не нудно?
1643,posilovna,сущ.,ж.р.,posilovny,B1,Спорт и досуг,тренажёрный зал,спортзал,gym,,gym,https://loremflickr.com/640/480/gym,Chodím do posilovny.,Я хожу в тренажёрный зал.,Я ходжу в спортзал.,Posilovna je otevřená nonstop.,Зал открыт круглосуточно.,Зал відчинений цілодобово.
1644,prohra,сущ.,ж.р.,prohry,B1,Спорт и досуг,проигрыш,програш,defeat; loss,,defeat,https://loremflickr.com/640/480/defeat,Prohra mě mrzí.,Проигрыш меня огорчает.,Програш мене засмучує.,Po prohře byli smutní.,После проигрыша они были грустные.,Після програшу вони були сумні.
1645,představení,сущ.,ср.р.,představení,B1,Спорт и досуг,спектакль; представление,вистава,performance; show,,theatreperformance,https://loremflickr.com/640/480/theatreperformance,Představení začíná v sedm.,Спектакль начинается в семь.,Вистава починається о сьомій.,Představení bylo skvělé.,Спектакль был отличный.,Вистава була чудова.
1646,výhra,сущ.,ж.р.,výhry,B1,Спорт и досуг,выигрыш; победа,виграш; перемога,win; victory,,victory,https://loremflickr.com/640/480/victory,Máme výhru!,У нас победа!,У нас перемога!,Z výhry měl radost.,Он был рад победе.,Він радів перемозі.
1647,národnost,сущ.,ж.р.,národnosti,B1,Страны и языки,национальность,національність,nationality,,,,Jaké jste národnosti?,Какой вы национальности?,Якої ви національності?,Národnost není důležitá.,Национальность не важна.,Національність не важлива.
1648,vlast,сущ.,ж.р.,vlasti,B1,Страны и языки,родина,батьківщина,homeland,"Именно vlast = «родина», а не rodina",homeland,https://loremflickr.com/640/480/homeland,Stýská se mi po vlasti.,Я скучаю по родине.,Я сумую за батьківщиною.,Vrátil se do vlasti.,Он вернулся на родину.,Він повернувся на батьківщину.
1649,zahraničí,сущ.,ср.р.,zahraničí,B1,Страны и языки,заграница,закордон,abroad,,abroad,https://loremflickr.com/640/480/abroad,Žiju v zahraničí.,Я живу за границей.,Я живу за кордоном.,Studoval v zahraničí.,Он учился за границей.,Він навчався за кордоном.
1650,kost,сущ.,ж.р.,kosti,B1,Тело,кость,кістка,bone,,bone,https://loremflickr.com/640/480/bone,Zlomil si kost.,Он сломал кость.,Він зламав кістку.,Kosti mě bolí.,У меня болят кости.,У мене болять кістки.
1651,krev,сущ.,ж.р.,krve,B1,Тело,кровь,кров,blood,,blood,https://loremflickr.com/640/480/blood,Vzali mi krev.,У меня взяли кровь.,У мене взяли кров.,Krev je červená.,Кровь красная.,Кров червона.
1652,kůže,сущ.,ж.р.,kůže,B1,Тело,кожа,шкіра,skin; leather,,skin,https://loremflickr.com/640/480/skin,Mám suchou kůži.,У меня сухая кожа.,У мене суха шкіра.,Kabát je z kůže.,Пальто из кожи.,Пальто зі шкіри.
1653,žaludek,сущ.,м.р.,žaludku,B1,Тело,желудок,шлунок,stomach,,stomach,https://loremflickr.com/640/480/stomach,Bolí mě žaludek.,У меня болит желудок.,У мене болить шлунок.,Mám citlivý žaludek.,У меня чувствительный желудок.,У мене чутливий шлунок.
1654,připojení,сущ.,ср.р.,připojení,B1,Технологии и медиа,подключение,підключення,connection,,wificonnection,https://loremflickr.com/640/480/wificonnection,Nemám připojení k internetu.,У меня нет подключения к интернету.,У мене немає підключення до інтернету.,Připojení je pomalé.,Подключение медленное.,Підключення повільне.
1655,sociální sítě,сущ.,мн.ч.,sociálních sítí,B1,Технологии и медиа,социальные сети,соціальні мережі,social media,,socialmedia,https://loremflickr.com/640/480/socialmedia,Trávím moc času na sociálních sítích.,Я провожу слишком много времени в соцсетях.,Я проводжу забагато часу в соцмережах.,Sociální sítě mě unavují.,Соцсети меня утомляют.,Соцмережі мене втомлюють.
1656,soubor,сущ.,м.р.,souboru,B1,Технологии и медиа,файл,файл,file,,computerfile,https://loremflickr.com/640/480/computerfile,Pošli mi ten soubor.,Отправь мне этот файл.,Надішли мені цей файл.,Soubor je moc velký.,Файл слишком большой.,Файл завеликий.
1657,cestující,сущ.,м.р.,cestujícího,B1,Транспорт,пассажир,пасажир,passenger,,passenger,https://loremflickr.com/640/480/passenger,Cestující musí mít jízdenku.,Пассажир должен иметь билет.,Пасажир мусить мати квиток.,Cestující vystupují vpředu.,Пассажиры выходят спереди.,Пасажири виходять спереду.
1658,dálnice,сущ.,ж.р.,dálnice,B1,Транспорт,автомагистраль,автомагістраль,motorway; highway,,motorway,https://loremflickr.com/640/480/motorway,Jedeme po dálnici.,Мы едем по автомагистрали.,Ми їдемо автомагістраллю.,Na dálnici je zácpa.,На магистрали пробка.,На магістралі затор.
1659,jízdné,сущ.,ср.р.,jízdného,B1,Транспорт,проезд (плата),проїзд (плата),fare,,"fare,ticket","https://loremflickr.com/640/480/fare,ticket",Jízdné stojí čtyřicet korun.,Проезд стоит сорок крон.,Проїзд коштує сорок крон.,Studenti platí poloviční jízdné.,Студенты платят половину.,Студенти платять половину.
1660,nástupiště,сущ.,ср.р.,nástupiště,B1,Транспорт,платформа,платформа,platform,,trainplatform,https://loremflickr.com/640/480/trainplatform,Vlak jede z prvního nástupiště.,Поезд идёт с первой платформы.,Потяг їде з першої платформи.,Nástupiště je vlevo.,Платформа слева.,Платформа ліворуч.
1661,nehoda,сущ.,ж.р.,nehody,B1,Транспорт,авария,аварія,accident,,caraccident,https://loremflickr.com/640/480/caraccident,Měl jsem nehodu.,Я попал в аварию.,Я потрапив в аварію.,Nehoda se stala ráno.,Авария произошла утром.,Аварія сталася вранці.
1662,revizor,сущ.,м.р.,revizora,B1,Транспорт,контролёр,контролер,ticket inspector,,ticketinspector,https://loremflickr.com/640/480/ticketinspector,Přišel revizor.,Пришёл контролёр.,Прийшов контролер.,Revizor mi dal pokutu.,Контролёр выписал мне штраф.,Контролер виписав мені штраф.
1663,tankovat,гл.,несов.,,B1,Транспорт,заправлять,заправляти,to fill up (fuel),,refuelling,https://loremflickr.com/640/480/refuelling,Musím natankovat.,Мне нужно заправиться.,Мені треба заправитися.,Tankuji vždycky tady.,Я всегда заправляюсь здесь.,Я завжди заправляюся тут.
1664,zpoždění,сущ.,ср.р.,zpoždění,B1,Транспорт,опоздание; задержка,запізнення,delay,,delay,https://loremflickr.com/640/480/delay,Vlak má zpoždění.,Поезд опаздывает.,Потяг запізнюється.,Omlouvám se za zpoždění.,Извиняюсь за опоздание.,Перепрошую за запізнення.
1665,Hledám byt k pronájmu,фраза,,,B1,Фразы: аренда жилья,Я ищу квартиру в аренду,Я шукаю квартиру в оренду,,,,,Hledám byt k pronájmu.,Я ищу квартиру в аренду.,Я шукаю квартиру в оренду.,Hledám byt k pronájmu v Praze.,Я ищу квартиру в аренду в Праге.,Я шукаю квартиру в оренду в Празі.
1666,Je nutná kauce?,фраза,,,B1,Фразы: аренда жилья,Нужен ли залог?,Чи потрібна застава?,,,,,Je nutná kauce?,Нужен ли залог?,Чи потрібна застава?,Je nutná kauce a kolik?,Нужен ли залог и сколько?,Чи потрібна застава і скільки?
1667,Jsou v ceně energie?,фраза,,,B1,Фразы: аренда жилья,Коммунальные включены в цену?,Комунальні входять у ціну?,,,,,Jsou v ceně energie?,Коммунальные включены в цену?,Комунальні входять у ціну?,Jsou v ceně energie a internet?,Включены ли коммунальные и интернет?,Чи включені комунальні й інтернет?
1668,Kolik je nájem měsíčně?,фраза,,,B1,Фразы: аренда жилья,Сколько аренда в месяц?,Скільки оренда на місяць?,,,,,Kolik je nájem měsíčně?,Сколько аренда в месяц?,Скільки оренда на місяць?,Kolik je nájem i s poplatky?,Сколько аренда вместе с платежами?,Скільки оренда разом із платежами?
1669,Můžu se přijít podívat?,фраза,,,B1,Фразы: аренда жилья,Можно прийти посмотреть?,Можна прийти подивитися?,,,,,Můžu se přijít podívat?,Можно прийти посмотреть?,Можна прийти подивитися?,Můžu se přijít podívat zítra?,Можно прийти посмотреть завтра?,Можна прийти подивитися завтра?
1670,Můžu se tady přihlásit k pobytu?,фраза,,,B1,Фразы: аренда жилья,Можно здесь зарегистрироваться по месту жительства?,Чи можна тут зареєструватися?,,,,,Můžu se tady přihlásit k pobytu?,Можно здесь зарегистрироваться по месту жительства?,Чи можна тут зареєструватися?,Můžu se tady přihlásit k trvalému pobytu?,Можно здесь оформить ПМЖ?,Чи можна тут оформити ПМП?
1671,Na jak dlouho je smlouva?,фраза,,,B1,Фразы: аренда жилья,На какой срок договор?,На який строк договір?,,,,,Na jak dlouho je smlouva?,На какой срок договор?,На який строк договір?,Na jak dlouho je nájemní smlouva?,На какой срок договор аренды?,На який строк договір оренди?
1672,Nefunguje topení,фраза,,,B1,Фразы: аренда жилья,Не работает отопление,Не працює опалення,,,,,Nefunguje topení.,Не работает отопление.,Не працює опалення.,"Nefunguje topení, je tu zima.","Не работает отопление, здесь холодно.","Не працює опалення, тут холодно."
1673,Teče voda z kohoutku,фраза,,,B1,Фразы: аренда жилья,Течёт кран,Тече кран,,,,,Teče voda z kohoutku.,Течёт кран.,Тече кран.,"Teče voda z kohoutku, můžete to opravit?","Течёт кран, можете починить?","Тече кран, можете полагодити?"
1674,Chci poslat peníze na Ukrajinu,фраза,,,B1,Фразы: банк,Хочу отправить деньги в Украину,Хочу надіслати гроші в Україну,,,,,Chci poslat peníze na Ukrajinu.,Хочу отправить деньги в Украину.,Хочу надіслати гроші в Україну.,Kolik stojí poslat peníze na Ukrajinu?,Сколько стоит отправить деньги в Украину?,Скільки коштує надіслати гроші в Україну?
1675,Chtěl bych si založit účet,фраза,,,B1,Фразы: банк,Я хотел бы открыть счёт,Я хотів би відкрити рахунок,,,,,Chtěl bych si založit účet.,Я хотел бы открыть счёт.,Я хотів би відкрити рахунок.,Chtěl bych si založit běžný účet.,Я хотел бы открыть текущий счёт.,Я хотів би відкрити поточний рахунок.
1676,Kolik jsou měsíční poplatky?,фраза,,,B1,Фразы: банк,Сколько стоит месячное обслуживание?,Скільки коштує місячне обслуговування?,,,,,Kolik jsou měsíční poplatky?,Сколько стоит месячное обслуживание?,Скільки коштує місячне обслуговування?,Kolik jsou měsíční poplatky za kartu?,Сколько стоит обслуживание карты в месяц?,Скільки коштує обслуговування картки на місяць?
1677,Jaké dokumenty potřebuji?,фраза,,,B1,Фразы: госучреждения,Какие документы мне нужны?,Які документи мені потрібні?,,,,,Jaké dokumenty potřebuji?,Какие документы мне нужны?,Які документи мені потрібні?,Jaké dokumenty potřebuji k žádosti?,Какие документы нужны для заявления?,Які документи потрібні для заяви?
1678,Kde si mám podat žádost?,фраза,,,B1,Фразы: госучреждения,Где мне подать заявление?,Де мені подати заяву?,,,,,Kde si mám podat žádost?,Где мне подать заявление?,Де мені подати заяву?,Kde si mám podat žádost o pobyt?,Где подать заявление на ВНЖ?,Де подати заяву на посвідку?
1679,Kde si vyzvednu potvrzení?,фраза,,,B1,Фразы: госучреждения,Где забрать справку?,Де забрати довідку?,,,,,Kde si vyzvednu potvrzení?,Где забрать справку?,Де забрати довідку?,Kde si vyzvednu potvrzení o pobytu?,Где забрать справку о проживании?,Де забрати довідку про проживання?
1680,Kolik stojí správní poplatek?,фраза,,,B1,Фразы: госучреждения,Сколько стоит госпошлина?,Скільки коштує адміністративний збір?,,,,,Kolik stojí správní poplatek?,Сколько стоит госпошлина?,Скільки коштує адміністративний збір?,Kolik stojí správní poplatek za žádost?,Сколько стоит пошлина за заявление?,Скільки коштує збір за заяву?
1681,Musím se objednat předem?,фраза,,,B1,Фразы: госучреждения,Нужно ли записываться заранее?,Чи потрібно записуватися заздалегідь?,,,,,Musím se objednat předem?,Нужно ли записываться заранее?,Чи потрібно записуватися заздалегідь?,"Musím se objednat předem, nebo můžu přijít?",Нужно записываться или можно прийти?,Треба записуватися чи можна прийти?
1682,Nerozumím tomu formuláři,фраза,,,B1,Фразы: госучреждения,Я не понимаю эту анкету,Я не розумію цю анкету,,,,,Nerozumím tomu formuláři.,Я не понимаю эту анкету.,Я не розумію цю анкету.,"Nerozumím tomu formuláři, pomůžete mi?","Я не понимаю анкету, поможете?","Я не розумію анкету, допоможете?"
1683,Potřebuji úředně ověřený překlad,фраза,,,B1,Фразы: госучреждения,Мне нужен заверенный перевод,Мені потрібен засвідчений переклад,,,,,Potřebuji úředně ověřený překlad.,Мне нужен заверенный перевод.,Мені потрібен засвідчений переклад.,Potřebuji úředně ověřený překlad diplomu.,Мне нужен заверенный перевод диплома.,Мені потрібен засвідчений переклад диплома.
1684,Prodlužuji si povolení k pobytu,фраза,,,B1,Фразы: госучреждения,Я продлеваю разрешение на пребывание,Я продовжую дозвіл на перебування,,,,,Prodlužuji si povolení k pobytu.,Я продлеваю разрешение на пребывание.,Я продовжую дозвіл на перебування.,Prodlužuji si pobyt o dva roky.,Я продлеваю пребывание на два года.,Я продовжую перебування на два роки.
1685,Jak dlouho už tady žijete?,фраза,,,B1,Фразы: знакомство,Как долго вы здесь живёте?,Як довго ви тут живете?,,,,,Jak dlouho už tady žijete?,Как долго вы здесь живёте?,Як довго ви тут живете?,Jak dlouho už žijete v Praze?,Как долго вы живёте в Праге?,Як довго ви живете в Празі?
1686,Můžeme si tykat?,фраза,,,B1,Фразы: знакомство,Можем перейти на «ты»?,Можемо перейти на «ти»?,,Важная социальная норма в Чехии,,,Můžeme si tykat?,Можем перейти на «ты»?,Можемо перейти на «ти»?,"Můžeme si tykat, ne?","Может, перейдём на «ты»?","Може, перейдемо на «ти»?"
1687,Chtěl bych to vrátit,фраза,,,B1,Фразы: магазин,Я хотел бы это вернуть,Я хотів би це повернути,,,,,Chtěl bych to vrátit.,Я хотел бы это вернуть.,Я хотів би це повернути.,"Chtěl bych to vrátit, mám účtenku.","Я хотел бы это вернуть, у меня есть чек.","Я хотів би це повернути, у мене є чек."
1688,Držím ti palce,фраза,,,B1,Фразы: общение,Держу за тебя кулаки,Тримаю за тебе кулаки,,Чешский аналог «удачи»,,,Držím ti palce!,Держу за тебя кулаки!,Тримаю за тебе кулаки!,Držím ti palce u zkoušky.,Удачи тебе на экзамене.,Щасти тобі на іспиті.
1689,Jak myslíš,фраза,,,B1,Фразы: общение,Как хочешь,Як хочеш,,,,,"Jak myslíš, mně je to jedno.","Как хочешь, мне всё равно.","Як хочеш, мені байдуже.","Jak myslíš, rozhodni ty.","Как хочешь, решай ты.","Як хочеш, вирішуй ти."
1690,Nemám ponětí,фраза,,,B1,Фразы: общение,Понятия не имею,Гадки не маю,,,,,Nemám ponětí.,Понятия не имею.,Гадки не маю.,"Nemám ponětí, kde to je.","Понятия не имею, где это.","Гадки не маю, де це."
1691,"Nezlobte se, ale...",фраза,,,B1,Фразы: общение,"Извините, но...","Вибачте, але...",,,,,"Nezlobte se, ale nesouhlasím.","Извините, но я не согласен.","Вибачте, але я не згоден.","Nezlobte se, ale musím jít.","Извините, но мне нужно идти.","Вибачте, але мені треба йти."
1692,Podle mého názoru,фраза,,,B1,Фразы: общение,По моему мнению,На мою думку,,,,,Podle mého názoru je to chyba.,"По моему мнению, это ошибка.","На мою думку, це помилка.",Podle mého názoru to nefunguje.,"По-моему, это не работает.","На мою думку, це не працює."
1693,Měl jsem nehodu,фраза,,,B1,Фразы: проблемы,Я попал в аварию,Я потрапив в аварію,,,,,Měl jsem nehodu.,Я попал в аварию.,Я потрапив в аварію.,"Měl jsem nehodu, ale jsem v pořádku.","Я попал в аварию, но я в порядке.","Я потрапив в аварію, але я в порядку."
1694,To je nedorozumění,фраза,,,B1,Фразы: проблемы,Это недоразумение,Це непорозуміння,,,,,To je nedorozumění.,Это недоразумение.,Це непорозуміння.,"To je nedorozumění, vysvětlím to.","Это недоразумение, я объясню.","Це непорозуміння, я поясню."
1695,Ukradli mi peněženku,фраза,,,B1,Фразы: проблемы,У меня украли кошелёк,У мене вкрали гаманець,,,,,Ukradli mi peněženku.,У меня украли кошелёк.,У мене вкрали гаманець.,Ukradli mi peněženku v metru.,У меня украли кошелёк в метро.,У мене вкрали гаманець у метро.
1696,Ztratil jsem doklady,фраза,,,B1,Фразы: проблемы,Я потерял документы,Я загубив документи,,,,,Ztratil jsem doklady.,Я потерял документы.,Я загубив документи.,"Ztratil jsem doklady, co mám dělat?","Я потерял документы, что делать?","Я загубив документи, що робити?"
1697,Jaká je pracovní doba?,фраза,,,B1,Фразы: работа,Какой рабочий график?,Який робочий графік?,,,,,Jaká je pracovní doba?,Какой рабочий график?,Який робочий графік?,Jaká je pracovní doba a přesčasy?,Какой график и сверхурочные?,Який графік і понаднормові?
1698,Jaký je nástupní plat?,фраза,,,B1,Фразы: работа,Какая стартовая зарплата?,Яка стартова зарплата?,,,,,Jaký je nástupní plat?,Какая стартовая зарплата?,Яка стартова зарплата?,Jaký je nástupní plat na této pozici?,Какая стартовая зарплата на этой позиции?,Яка стартова зарплата на цій позиції?
1699,Kdy můžu nastoupit?,фраза,,,B1,Фразы: работа,Когда я могу выйти на работу?,Коли я можу вийти на роботу?,,,,,Kdy můžu nastoupit?,Когда я могу выйти на работу?,Коли я можу вийти на роботу?,Můžu nastoupit od prvního.,Я могу выйти с первого числа.,Я можу вийти з першого числа.
1700,Mám pětiletou praxi,фраза,,,B1,Фразы: работа,У меня пять лет опыта,У мене п'ять років досвіду,,,,,Mám pětiletou praxi.,У меня пять лет опыта.,У мене п'ять років досвіду.,Mám pětiletou praxi v oboru.,У меня пять лет опыта в этой сфере.,У мене п'ять років досвіду в цій сфері.
1701,Mám pracovní povolení,фраза,,,B1,Фразы: работа,У меня есть разрешение на работу,У мене є дозвіл на роботу,,,,,Mám pracovní povolení.,У меня есть разрешение на работу.,У мене є дозвіл на роботу.,Mám pracovní povolení a pobyt.,У меня есть разрешение на работу и ВНЖ.,У мене є дозвіл на роботу і посвідка.
1702,Mám zájem o tuto pozici,фраза,,,B1,Фразы: работа,Меня интересует эта позиция,Мене цікавить ця позиція,,,,,Mám zájem o tuto pozici.,Меня интересует эта позиция.,Мене цікавить ця позиція.,Mám zájem o pozici programátora.,Меня интересует позиция программиста.,Мене цікавить позиція програміста.
1703,Posílám vám svůj životopis,фраза,,,B1,Фразы: работа,Отправляю вам своё резюме,Надсилаю вам своє резюме,,,,,Posílám vám svůj životopis.,Отправляю вам своё резюме.,Надсилаю вам своє резюме.,Posílám vám životopis v příloze.,Отправляю резюме во вложении.,Надсилаю резюме у вкладенні.
1704,Potřebuji si vzít dovolenou,фраза,,,B1,Фразы: работа,Мне нужно взять отпуск,Мені потрібно взяти відпустку,,,,,Potřebuji si vzít dovolenou.,Мне нужно взять отпуск.,Мені потрібно взяти відпустку.,Potřebuji si vzít týden dovolené.,Мне нужно взять неделю отпуска.,Мені потрібно взяти тиждень відпустки.
1705,Co byste doporučil?,фраза,,,B1,Фразы: ресторан,Что вы посоветуете?,Що ви порадите?,,,,,Co byste doporučil?,Что вы посоветуете?,Що ви порадите?,Co byste doporučil z české kuchyně?,Что посоветуете из чешской кухни?,Що порадите з чеської кухні?
1706,Máte na mě číslo?,фраза,,,B1,Фразы: телефон,У вас есть мой номер?,У вас є мій номер?,,,,,Máte na mě číslo?,У вас есть мой номер?,У вас є мій номер?,"Máte na mě číslo, nebo vám ho pošlu?","У вас есть мой номер, или отправить?","У вас є мій номер, чи надіслати?"
1707,Vlak má zpoždění,фраза,,,B1,Фразы: транспорт,Поезд опаздывает,Потяг запізнюється,,,,,Vlak má zpoždění.,Поезд опаздывает.,Потяг запізнюється.,Vlak má zpoždění dvacet minut.,Поезд опаздывает на двадцать минут.,Потяг запізнюється на двадцять хвилин.
1708,Beru léky na...,фраза,,,B1,Фразы: у врача,Я принимаю лекарства от...,Я приймаю ліки від...,,,,,Beru léky na tlak.,Я принимаю лекарства от давления.,Я приймаю ліки від тиску.,Beru léky na alergii.,Я принимаю лекарства от аллергии.,Я приймаю ліки від алергії.
1709,Chtěl bych se objednat k doktorovi,фраза,,,B1,Фразы: у врача,Я хотел бы записаться к врачу,Я хотів би записатися до лікаря,,,,,Chtěl bych se objednat k doktorovi.,Я хотел бы записаться к врачу.,Я хотів би записатися до лікаря.,Chtěl bych se objednat na příští týden.,Я хотел бы записаться на следующую неделю.,Я хотів би записатися на наступний тиждень.
1710,Mám zdravotní pojištění,фраза,,,B1,Фразы: у врача,У меня есть медицинская страховка,У мене є медичне страхування,,,,,Mám zdravotní pojištění.,У меня есть медицинская страховка.,У мене є медичне страхування.,Mám zdravotní pojištění u VZP.,У меня страховка в VZP.,У мене страхування у VZP.
1711,Potřebuji neschopenku,фраза,,,B1,Фразы: у врача,Мне нужен больничный,Мені потрібен лікарняний,,,,,Potřebuji neschopenku.,Мне нужен больничный.,Мені потрібен лікарняний.,Potřebuji neschopenku na týden.,Мне нужен больничный на неделю.,Мені потрібен лікарняний на тиждень.
1712,citlivý,прил.,,,B1,Характер,чувствительный,чутливий,sensitive,,,,Je citlivý na kritiku.,Он чувствителен к критике.,Він чутливий до критики.,Mám citlivou kůži.,У меня чувствительная кожа.,У мене чутлива шкіра.
1713,hlučný,прил.,,,B1,Характер,шумный,галасливий,noisy,,noise,https://loremflickr.com/640/480/noise,Sousedé jsou hluční.,Соседи шумные.,Сусіди галасливі.,Je to hlučná ulice.,Это шумная улица.,Це галаслива вулиця.
1714,odvážný,прил.,,,B1,Характер,смелый,сміливий,brave,,brave,https://loremflickr.com/640/480/brave,Byl to odvážný krok.,Это был смелый шаг.,Це був сміливий крок.,Musíš být odvážný.,Ты должен быть смелым.,Ти маєш бути сміливим.
1715,opatrný,прил.,,,B1,Характер,осторожный,обережний,careful; cautious,,,,Buď opatrný.,Будь осторожен.,Будь обережний.,Je opatrný řidič.,Он осторожный водитель.,Він обережний водій.
1716,povaha,сущ.,ж.р.,povahy,B1,Характер,характер,вдача; характер,character; nature,,,,Má dobrou povahu.,У него хороший характер.,У нього гарна вдача.,Povahou je klidný.,По характеру он спокойный.,За вдачею він спокійний.
1717,přísný,прил.,,,B1,Характер,строгий,суворий,strict,,strict,https://loremflickr.com/640/480/strict,Náš šéf je přísný.,Наш начальник строгий.,Наш начальник суворий.,Jsou tu přísná pravidla.,Здесь строгие правила.,Тут суворі правила.
1718,skromný,прил.,,,B1,Характер,скромный,скромний,modest,,,,Je skromný člověk.,Он скромный человек.,Він скромна людина.,Žijeme skromně.,Мы живём скромно.,Ми живемо скромно.
1719,sobecký,прил.,,,B1,Характер,эгоистичный,егоїстичний,selfish,,selfish,https://loremflickr.com/640/480/selfish,Nebuď sobecký.,Не будь эгоистом.,Не будь егоїстом.,Je to sobecké chování.,Это эгоистичное поведение.,Це егоїстична поведінка.
1720,společenský,прил.,,,B1,Характер,общительный,товариський,sociable,,sociable,https://loremflickr.com/640/480/sociable,Je velmi společenský.,Он очень общительный.,Він дуже товариський.,Není společenský typ.,Он не общительный тип.,Він не товариський тип.
1721,spolehlivý,прил.,,,B1,Характер,надёжный,надійний,reliable,,,,Je to spolehlivý člověk.,Это надёжный человек.,Це надійна людина.,Auto je spolehlivé.,Машина надёжная.,Машина надійна.
1722,štědrý,прил.,,,B1,Характер,щедрый,щедрий,generous,,generous,https://loremflickr.com/640/480/generous,Je štědrý k rodině.,Он щедр к семье.,Він щедрий до родини.,Dostal štědrý dar.,Он получил щедрый подарок.,Він отримав щедрий подарунок.
1723,trpělivý,прил.,,,B1,Характер,терпеливый,терплячий,patient,,patience,https://loremflickr.com/640/480/patience,Buď trpělivý.,Будь терпелив.,Будь терплячим.,Učitel je trpělivý.,Учитель терпеливый.,Учитель терплячий.
1724,tvrdohlavý,прил.,,,B1,Характер,упрямый,впертий,stubborn,,stubborn,https://loremflickr.com/640/480/stubborn,Je tvrdohlavý jako otec.,"Он упрямый, как отец.","Він упертий, як батько.",Nebuď tvrdohlavý.,Не будь упрямым.,Не будь упертим.
1725,upřímný,прил.,,,B1,Характер,искренний,щирий,sincere; honest,,,,Buď ke mně upřímný.,Будь со мной искренним.,Будь зі мною щирим.,Řeknu ti upřímný názor.,Скажу тебе искреннее мнение.,Скажу тобі щиру думку.
1726,zodpovědný,прил.,,,B1,Характер,ответственный,відповідальний,responsible,,,,Je to zodpovědný člověk.,Это ответственный человек.,Це відповідальна людина.,Beru to zodpovědně.,Я отношусь к этому ответственно.,Я ставлюся до цього відповідально.
1727,zvědavý,прил.,,,B1,Характер,любопытный,цікавий (допитливий),curious,,curious,https://loremflickr.com/640/480/curious,Děti jsou zvědavé.,Дети любопытные.,Діти допитливі.,"Jsem zvědavý, co řekne.","Мне любопытно, что он скажет.","Мені цікаво, що він скаже."
1728,počet,сущ.,м.р.,počtu,B1,Числа,количество,кількість,number; count,,,,Jaký je počet lidí?,Какое количество людей?,Яка кількість людей?,Počet studentů roste.,Количество студентов растёт.,Кількість студентів зростає.
1729,divit se,гл.,несов.,,B1,Эмоции,удивляться,дивуватися,to be surprised,,surprised,https://loremflickr.com/640/480/surprised,"Divím se, že přišel.","Я удивлён, что он пришёл.","Я дивуюся, що він прийшов.",Nediv se ničemu.,Ничему не удивляйся.,Нічому не дивуйся.
1730,litovat,гл.,несов.,,B1,Эмоции,сожалеть,шкодувати,to regret,,,,"Lituji, že jsem to řekl.","Я жалею, что сказал это.","Я шкодую, що сказав це.",Nelituji ničeho.,Я ни о чём не жалею.,Я ні про що не шкодую.
1731,naděje,сущ.,ж.р.,naděje,B1,Эмоции,надежда,надія,hope,,hope,https://loremflickr.com/640/480/hope,"Mám naději, že to vyjde.","У меня есть надежда, что получится.","У мене є надія, що вийде.",Neztrácej naději.,Не теряй надежду.,Не втрачай надії.
1732,nadšený,прил.,,,B1,Эмоции,восторженный,захоплений,enthusiastic,,enthusiastic,https://loremflickr.com/640/480/enthusiastic,Jsem nadšený z té práce.,Я в восторге от этой работы.,Я в захваті від цієї роботи.,Děti byly nadšené.,Дети были в восторге.,Діти були в захваті.
1733,naštvaný,прил.,,,B1,Эмоции,разозлённый,розлючений,angry,,angry,https://loremflickr.com/640/480/angry,Jsem na něj naštvaný.,Я на него зол.,Я на нього злий.,Nebuď naštvaný.,Не злись.,Не злися.
1734,nenávidět,гл.,несов.,,B1,Эмоции,ненавидеть,ненавидіти,to hate,,,,Nenávidím zimu.,Я ненавижу зиму.,Я ненавиджу зиму.,Nenávidí čekání.,Он ненавидит ждать.,Він ненавидить чекати.
1735,nespokojený,прил.,,,B1,Эмоции,недовольный,незадоволений,dissatisfied,,dissatisfied,https://loremflickr.com/640/480/dissatisfied,Jsem nespokojený s prací.,Я недоволен работой.,Я незадоволений роботою.,Zákazník byl nespokojený.,Клиент был недоволен.,Клієнт був незадоволений.
1736,osamělý,прил.,,,B1,Эмоции,одинокий,самотній,lonely,,lonely,https://loremflickr.com/640/480/lonely,Cítím se osamělý.,Я чувствую себя одиноким.,Я почуваюся самотнім.,Je to osamělý člověk.,Это одинокий человек.,Це самотня людина.
1737,pocit,сущ.,м.р.,pocitu,B1,Эмоции,чувство; ощущение,відчуття,feeling,,feeling,https://loremflickr.com/640/480/feeling,Mám dobrý pocit.,У меня хорошее чувство.,У мене гарне відчуття.,Je to jen pocit.,Это лишь ощущение.,Це лише відчуття.
1738,překvapení,сущ.,ср.р.,překvapení,B1,Эмоции,сюрприз; удивление,сюрприз; здивування,surprise,,surprise,https://loremflickr.com/640/480/surprise,Bylo to milé překvapení.,Это был приятный сюрприз.,Це був приємний сюрприз.,Chystám pro tebe překvapení.,Я готовлю для тебя сюрприз.,Я готую для тебе сюрприз.
1739,smutek,сущ.,м.р.,smutku,B1,Эмоции,грусть; печаль,сум,sadness,,sadness,https://loremflickr.com/640/480/sadness,Cítím velký smutek.,Я чувствую большую грусть.,Я відчуваю великий сум.,Smutek pomalu přechází.,Грусть постепенно проходит.,Сум поволі минає.
1740,starost,сущ.,ж.р.,starosti,B1,Эмоции,забота; беспокойство,турбота,worry; concern,,worry,https://loremflickr.com/640/480/worry,Mám starosti o rodinu.,Я беспокоюсь о семье.,Я турбуюся про родину.,Nedělej si starosti.,Не переживай.,Не хвилюйся.
1741,stres,сущ.,м.р.,stresu,B1,Эмоции,стресс,стрес,stress,,stress,https://loremflickr.com/640/480/stress,Mám v práci stres.,У меня на работе стресс.,У мене на роботі стрес.,Stres škodí zdraví.,Стресс вредит здоровью.,Стрес шкодить здоров'ю.
1742,stydět se,гл.,несов.,,B1,Эмоции,стесняться; стыдиться,соромитися,to be ashamed; to be shy,,shy,https://loremflickr.com/640/480/shy,Stydím se za to.,Мне за это стыдно.,Мені за це соромно.,Nestyď se mluvit česky.,Не стесняйся говорить по-чешски.,Не соромся говорити чеською.
1743,vztek,сущ.,м.р.,vzteku,B1,Эмоции,злость; ярость,злість,anger; rage,,anger,https://loremflickr.com/640/480/anger,Mám na něj vztek.,Я в ярости на него.,Я лютий на нього.,Ze vzteku odešel.,Он ушёл в гневе.,Він пішов у гніві.
1744,zklamání,сущ.,ср.р.,zklamání,B1,Эмоции,разочарование,розчарування,disappointment,,disappointment,https://loremflickr.com/640/480/disappointment,Bylo to velké zklamání.,Это было большое разочарование.,Це було велике розчарування.,Nechci ti způsobit zklamání.,Я не хочу тебя разочаровать.,Я не хочу тебе розчарувати.
